Invoice,Customer ID,Date,Stock Code,Return Value
C489449,16321,2009-12-01,22087,35.4
C489449,16321,2009-12-01,85206A,9.9
C489449,16321,2009-12-01,21895,17.0
C489449,16321,2009-12-01,21896,12.6
C489449,16321,2009-12-01,22083,35.4
C489449,16321,2009-12-01,21871,15.0
C489449,16321,2009-12-01,84946,15.0
C489449,16321,2009-12-01,84970S,20.4
C489449,16321,2009-12-01,22090,35.4
C489459,17592,2009-12-01,90082D,12.7
C489459,17592,2009-12-01,90209C,6.3
C489459,17592,2009-12-01,90003B,11.25
C489459,17592,2009-12-01,90003D,11.25
C489459,17592,2009-12-01,90003C,11.25
C489459,17592,2009-12-01,90185B,12.75
C489459,17592,2009-12-01,90209A,6.3
C489459,17592,2009-12-01,90200C,12.75
C489459,17592,2009-12-01,90200E,12.75
C489459,17592,2009-12-01,90200B,12.75
C489459,17592,2009-12-01,90200D,12.75
C489459,17592,2009-12-01,90185C,12.75
C489459,17592,2009-12-01,90200A,12.75
C489476,13293,2009-12-01,22149,12.6
C489503,16011,2009-12-01,21540,8.5
C489503,16011,2009-12-01,21533,4.95
C489504,13916,2009-12-01,85083,15.3
C489518,15461,2009-12-01,85048,7.95
C489518,15461,2009-12-01,22138,4.95
C489518,15461,2009-12-01,20892,25.5
C489524,15614,2009-12-01,21258,12.75
C489527,16128,2009-12-01,21041,8.85
C489527,16128,2009-12-01,21173,19.8
C489527,16128,2009-12-01,85124A,15.3
C489528,16714,2009-12-01,85048,7.95
C489530,14748,2009-12-01,72803A,4.25
C489534,12615,2009-12-01,35832,5.95
C489538,15796,2009-12-01,22183,27.0
C489541,15091,2009-12-01,21254,11.8
C489543,14292,2009-12-01,35400,17.9
C489549,13768,2009-12-01,35400,15.9
C489551,17641,2009-12-01,85048,6.95
C489553,13545,2009-12-01,35001W,20.94
C489553,13545,2009-12-01,35004S,6.35
C489554,13767,2009-12-01,85042,12.75
C489554,13767,2009-12-01,35001B,5.9
C489555,16955,2009-12-01,21260,19.5
C489568,15005,2009-12-01,22107,3.75
C489568,15005,2009-12-01,82483,5.95
C489568,15005,2009-12-01,22138,4.95
C489568,15005,2009-12-01,21218,3.75
C489570,15967,2009-12-01,20894,2.95
C489570,15967,2009-12-01,85103,6.75
C489570,15967,2009-12-01,79323W,6.75
C489570,15967,2009-12-01,15056N,5.95
C489577,14030,2009-12-01,37503,29.85
C489577,14030,2009-12-01,22127,60.0
C489577,14030,2009-12-01,37501,6.95
C489578,17091,2009-12-01,21481,2.95
C489583,14621,2009-12-01,72807B,4.25
C489583,14621,2009-12-01,72802C,4.25
C489583,14621,2009-12-01,72802B,8.5
C489583,14621,2009-12-01,85047,6.35
C489587,16422,2009-12-01,21639,4.25
C489588,13711,2009-12-01,22120,9.95
C489588,13711,2009-12-01,79323P,13.5
C489588,13711,2009-12-01,79323GR,13.5
C489589,16150,2009-12-01,21535,2.55
C489589,16150,2009-12-01,22073,3.75
C489591,12921,2009-12-01,79323B,16.35
C489592,18287,2009-12-01,22301,5.1
C489595,15254,2009-12-01,21752,14.95
C489605,14558,2009-12-01,21257,15.9
C489610,17485,2009-12-01,21364,6.75
C489610,17485,2009-12-01,22164,2.95
C489610,17485,2009-12-01,21892,3.75
C489610,17485,2009-12-01,20682,3.25
C489610,17485,2009-12-01,85123A,2.95
C489610,17485,2009-12-01,22138,9.9
C489632,13381,2009-12-01,20814,1.25
C489632,13381,2009-12-01,20814,15.0
C489636,17345,2009-12-01,21330,14.85
C489636,17345,2009-12-01,21329,13.2
C489636,17345,2009-12-01,21577,2.25
C489636,17345,2009-12-01,84029E,15.0
C489636,17345,2009-12-01,22144,2.1
C489636,17345,2009-12-01,84032B,8.85
C489636,17345,2009-12-01,22142,2.9
C489636,17345,2009-12-01,21576,4.5
C489636,17345,2009-12-01,22145,4.2
C489636,17345,2009-12-01,21578,4.5
C489636,17345,2009-12-01,21579,2.25
C489643,15750,2009-12-01,20686,3.25
C489643,15750,2009-12-01,22167,9.95
C489643,15750,2009-12-01,84839,13.5
C489643,15750,2009-12-01,21429,1.65
C489643,15750,2009-12-01,47594B,1.95
C489685,12523,2009-12-02,21843,10.95
C489686,17019,2009-12-02,79191C,1.7
C489689,15353,2009-12-02,21843,21.9
C489713,12755,2009-12-02,22070,63.25
C489713,12755,2009-12-02,21094,96.0
C489713,12755,2009-12-02,22071,49.5
C489771,13623,2009-12-02,20914,2.95
C489799,13070,2009-12-02,21929,3.9
C489799,13070,2009-12-02,20711,3.9
C489803,16797,2009-12-02,21843,10.95
C489813,17867,2009-12-02,84472,45.95
C489813,17867,2009-12-02,84622,5.95
C489828,13313,2009-12-02,72807C,8.5
C489858,12471,2009-12-02,20914,8.85
C489858,12471,2009-12-02,22198,11.55
C489911,12705,2009-12-03,85232A,29.7
C489911,12705,2009-12-03,21491,5.85
C489911,12705,2009-12-03,21432,5.95
C489955,12484,2009-12-03,20870,2.1
C489955,12484,2009-12-03,21232,1.25
C489958,14895,2009-12-03,22044,0.42
C489958,14895,2009-12-03,85069,50.85
C489973,17865,2009-12-03,21232,7.5
C489973,17865,2009-12-03,22063,2.95
C490051,16163,2009-12-03,22215,17.0
C490051,16163,2009-12-03,22220,19.9
C490076,13001,2009-12-03,22139,4.95
C490096,13457,2009-12-03,20726,1.65
C490098,17576,2009-12-03,21868,6.25
C490117,16570,2009-12-03,22258,60.0
C490120,14277,2009-12-03,22331,13.2
C490120,14277,2009-12-03,21889,15.0
C490120,14277,2009-12-03,20681,19.5
C490120,14277,2009-12-03,20682,19.5
C490120,14277,2009-12-03,22333,26.4
C490120,14277,2009-12-03,84997D,22.5
C490120,14277,2009-12-03,22138,44.55
C490120,14277,2009-12-03,84997A,22.5
C490120,14277,2009-12-03,22352,30.6
C490120,14277,2009-12-03,22353,15.3
C490120,14277,2009-12-03,21092,10.2
C490120,14277,2009-12-03,21099,7.8
C490120,14277,2009-12-03,21094,10.2
C490120,14277,2009-12-03,21212,13.2
C490120,14277,2009-12-03,21086,7.8
C490120,14277,2009-12-03,21121,30.0
C490120,14277,2009-12-03,21080,10.2
C490122,16549,2009-12-03,21432,5.95
C490122,16549,2009-12-03,21540,4.25
C490131,17663,2009-12-03,84828,15.0
C490133,17949,2009-12-03,21314,455.1
C490133,17949,2009-12-03,21314,932.4
C490148,16961,2009-12-04,85123A,2.95
C490153,12525,2009-12-04,21265,9.95
C490153,12525,2009-12-04,21527,15.9
C490153,12525,2009-12-04,22180,19.9
C490155,14221,2009-12-04,82483,5.95
C490251,16541,2009-12-04,84081,4.25
C490269,14527,2009-12-04,78056,8.5
C490269,14527,2009-12-04,21539,4.95
C490283,12349,2009-12-04,20747,14.95
C490283,12349,2009-12-04,21232,1.25
C490283,12349,2009-12-04,20914,2.95
C490283,12349,2009-12-04,22072,3.75
C490283,12349,2009-12-04,21231,1.25
C490306,17193,2009-12-04,21989,30.6
C490309,15767,2009-12-04,22138,14.85
C490348,17884,2009-12-04,90002E,3.75
C490348,17884,2009-12-04,90040C,10.5
C490348,17884,2009-12-04,90040A,10.5
C490350,17884,2009-12-04,90002E,7.5
C490358,18225,2009-12-04,21258,54.75
C490358,18225,2009-12-04,21539,4.95
C490358,18225,2009-12-04,21535,5.1
C490358,18225,2009-12-04,21527,47.7
C490358,18225,2009-12-04,85066,32.85
C490402,15059,2009-12-06,85159A,6.35
C490460,15059,2009-12-06,85159A,12.7
C490462,13736,2009-12-06,21843,10.95
C490469,16395,2009-12-06,21528,6.95
C490469,16395,2009-12-06,84352,16.95
C490469,16395,2009-12-06,90195A,26.85
C490469,16395,2009-12-06,84466,1.25
C490480,14717,2009-12-06,22187,8.5
C490495,17848,2009-12-06,84968B,12.75
C490497,17969,2009-12-06,85047,6.35
C490498,15547,2009-12-06,37483,2.55
C490507,14606,2009-12-06,22187,8.5
C490507,14606,2009-12-06,21950,1.25
C490507,14606,2009-12-06,37448,1.49
C490509,15822,2009-12-06,22184,8.5
C490509,15822,2009-12-06,85048,15.9
C490510,13211,2009-12-06,47589,16.35
C490510,13211,2009-12-06,20973,0.65
C490513,17610,2009-12-06,22171,8.5
C490513,17610,2009-12-06,15044D,2.95
C490513,17610,2009-12-06,85232B,4.95
C490513,17610,2009-12-06,21733,2.95
C490513,17610,2009-12-06,79340W,7.95
C490513,17610,2009-12-06,20727,1.65
C490513,17610,2009-12-06,21734,3.75
C490513,17610,2009-12-06,85043,4.95
C490513,17610,2009-12-06,20973,1.3
C490520,13211,2009-12-06,47589,5.45
C490544,16163,2009-12-07,22139,29.7
C490565,14113,2009-12-07,21527,15.9
C490565,14113,2009-12-07,22301,2.55
C490565,14113,2009-12-07,22335,31.2
C490666,16404,2009-12-07,21361,12.75
C490700,14695,2009-12-07,90214I,7.5
C490700,14695,2009-12-07,90214G,7.5
C490700,14695,2009-12-07,90214P,7.5
C490700,14695,2009-12-07,90214E,7.5
C490700,14695,2009-12-07,90214J,7.5
C490700,14695,2009-12-07,90214S,7.5
C490700,14695,2009-12-07,90214C,7.5
C490700,14695,2009-12-07,90214A,7.5
C490700,14695,2009-12-07,90214L,7.5
C490701,12677,2009-12-07,20723,0.85
C490701,12677,2009-12-07,22138,4.95
C490702,12424,2009-12-07,47566,4.65
C490702,12424,2009-12-07,47590B,16.35
C490721,14156,2009-12-07,21232,1.25
C490739,16436,2009-12-07,22003,67.5
C490739,16436,2009-12-07,22295,19.8
C490740,14209,2009-12-07,35400,8.95
C490742,13807,2009-12-07,21527,7.95
C490742,13807,2009-12-07,85063,16.95
C490743,14763,2009-12-07,37449,9.95
C490744,16556,2009-12-07,85014B,5.95
C490744,16556,2009-12-07,21658,3.95
C490744,16556,2009-12-07,21663,5.95
C490744,16556,2009-12-07,21662,5.95
C490744,16556,2009-12-07,21622,4.95
C490746,14013,2009-12-07,85065,12.75
C490746,14013,2009-12-07,85067,18.95
C490746,14013,2009-12-07,85063,16.95
C490746,14013,2009-12-07,22138,29.7
C490756,12424,2009-12-08,21125,1.25
C490756,12424,2009-12-08,21126,2.5
C490768,14277,2009-12-08,84472,45.95
C490768,14277,2009-12-08,82484,6.45
C490773,16593,2009-12-08,22061,9.95
C490773,16593,2009-12-08,22060,9.95
C490798,14277,2009-12-08,84997A,22.5
C490798,14277,2009-12-08,22138,44.55
C490798,14277,2009-12-08,22331,13.2
C490798,14277,2009-12-08,21889,15.0
C490798,14277,2009-12-08,20681,19.5
C490798,14277,2009-12-08,20682,19.5
C490798,14277,2009-12-08,84997D,22.5
C490798,14277,2009-12-08,21212,13.2
C490798,14277,2009-12-08,22333,26.4
C490798,14277,2009-12-08,22352,30.6
C490798,14277,2009-12-08,21121,30.0
C490798,14277,2009-12-08,21086,7.8
C490798,14277,2009-12-08,21080,10.2
C490798,14277,2009-12-08,21094,10.2
C490798,14277,2009-12-08,21099,7.8
C490798,14277,2009-12-08,21092,10.2
C490798,14277,2009-12-08,22353,15.3
C490807,13091,2009-12-08,21870,15.0
C490807,13091,2009-12-08,84596E,20.0
C490807,13091,2009-12-08,84596B,20.0
C490807,13091,2009-12-08,21866,15.0
C490807,13091,2009-12-08,21634,30.0
C490807,13091,2009-12-08,51014A,51.0
C490807,13091,2009-12-08,16033,14.4
C490807,13091,2009-12-08,10138,40.32
C490807,13091,2009-12-08,21703,15.12
C490807,13091,2009-12-08,84077,20.16
C490807,13091,2009-12-08,51014C,51.0
C490807,13091,2009-12-08,35004B,55.8
C490807,13091,2009-12-08,84030C,15.0
C490807,13091,2009-12-08,84029E,15.0
C490807,13091,2009-12-08,84029G,15.0
C490807,13091,2009-12-08,21871,15.0
C490807,13091,2009-12-08,22030,20.16
C490807,13091,2009-12-08,84510A,12.5
C490807,13091,2009-12-08,21700,20.4
C490807,13091,2009-12-08,20670,17.7
C490807,13091,2009-12-08,20661,35.4
C490807,13091,2009-12-08,21901,31.2
C490807,13091,2009-12-08,22123,71.4
C490807,13091,2009-12-08,22174,39.6
C490807,13091,2009-12-08,22095,38.16
C490807,13091,2009-12-08,22107,108.48
C490807,13091,2009-12-08,21098,45.0
C490807,13091,2009-12-08,21490,23.4
C490807,13091,2009-12-08,21743,70.8
C490807,13091,2009-12-08,20940,53.1
C490807,13091,2009-12-08,85175,40.32
C490807,13091,2009-12-08,84692,21.0
C490807,13091,2009-12-08,85217,15.6
C490807,13091,2009-12-08,20665,35.4
C490807,13091,2009-12-08,22064,39.6
C490807,13091,2009-12-08,20658,15.0
C490807,13091,2009-12-08,51014L,51.0
C490866,17213,2009-12-08,20829,2.1
C490866,17213,2009-12-08,85065,12.75
C490866,17213,2009-12-08,51012C,1.25
C490866,17213,2009-12-08,82483,5.95
C490866,17213,2009-12-08,79323S,6.75
C490929,13915,2009-12-08,22138,19.8
C490929,13915,2009-12-08,22139,19.8
C490931,14925,2009-12-08,85048,7.95
C490934,14156,2009-12-08,20914,2.55
C490935,15326,2009-12-08,72127,1.25
C490935,15326,2009-12-08,85216,0.65
C490935,15326,2009-12-08,85042,4.95
C490935,15326,2009-12-08,21463,5.95
C490935,15326,2009-12-08,84839,6.75
C490942,14337,2009-12-08,84031B,23.25
C490942,14337,2009-12-08,21485,29.7
C490942,14337,2009-12-08,21579,13.5
C490942,14337,2009-12-08,21481,17.7
C490942,14337,2009-12-08,84029E,22.5
C490942,14337,2009-12-08,11001,27.04
C490942,14337,2009-12-08,22125,17.85
C490942,14337,2009-12-08,20695,12.75
C490942,14337,2009-12-08,85175,13.44
C490942,14337,2009-12-08,21832,19.8
C490942,14337,2009-12-08,20935,17.7
C490942,14337,2009-12-08,20936,17.7
C490942,14337,2009-12-08,85172,6.72
C490942,14337,2009-12-08,21480,17.7
C490942,14337,2009-12-08,21482,17.7
C490942,14337,2009-12-08,21479,30.0
C490942,14337,2009-12-08,21889,15.0
C490942,14337,2009-12-08,84031A,23.25
C490942,14337,2009-12-08,84032B,17.7
C490942,14337,2009-12-08,21888,15.0
C490942,14337,2009-12-08,21701,20.28
C490942,14337,2009-12-08,21576,13.5
C490942,14337,2009-12-08,21580,13.5
C490942,14337,2009-12-08,21581,18.0
C490942,14337,2009-12-08,21791,15.0
C490942,14337,2009-12-08,84270,12.6
C490942,14337,2009-12-08,21700,20.4
C490942,14337,2009-12-08,21679,10.2
C490942,14337,2009-12-08,85216,15.6
C490942,14337,2009-12-08,84032A,23.6
C490942,14337,2009-12-08,22111,39.6
C490942,14337,2009-12-08,84029G,15.0
C490942,14337,2009-12-08,84030E,21.25
C490942,14337,2009-12-08,21578,13.5
C490942,14337,2009-12-08,20694,15.0
C490942,14337,2009-12-08,85217,15.6
C490946,13091,2009-12-08,84030C,15.0
C490946,13091,2009-12-08,10138,40.32
C490946,13091,2009-12-08,22030,20.16
C490946,13091,2009-12-08,84077,20.16
C490946,13091,2009-12-08,51014C,51.0
C490946,13091,2009-12-08,21703,15.12
C490946,13091,2009-12-08,35004B,55.8
C490946,13091,2009-12-08,84029E,15.0
C490946,13091,2009-12-08,21743,70.8
C490946,13091,2009-12-08,20670,17.7
C490946,13091,2009-12-08,21901,31.2
C490946,13091,2009-12-08,22123,71.4
C490946,13091,2009-12-08,22174,39.6
C490946,13091,2009-12-08,22095,38.16
C490946,13091,2009-12-08,22107,108.48
C490946,13091,2009-12-08,16033,14.4
C490946,13091,2009-12-08,84029G,15.0
C490946,13091,2009-12-08,51014A,51.0
C490946,13091,2009-12-08,21634,30.0
C490946,13091,2009-12-08,21866,15.0
C490946,13091,2009-12-08,21098,45.0
C490946,13091,2009-12-08,21490,23.4
C490946,13091,2009-12-08,51014L,51.0
C490946,13091,2009-12-08,20940,53.1
C490946,13091,2009-12-08,85175,40.32
C490946,13091,2009-12-08,85217,15.6
C490946,13091,2009-12-08,21700,20.4
C490946,13091,2009-12-08,22064,39.6
C490946,13091,2009-12-08,84692,21.0
C490946,13091,2009-12-08,20661,35.4
C490946,13091,2009-12-08,20665,35.4
C490946,13091,2009-12-08,84510A,12.5
C490946,13091,2009-12-08,21871,15.0
C490946,13091,2009-12-08,21870,15.0
C490946,13091,2009-12-08,84596E,20.0
C490946,13091,2009-12-08,84596B,20.0
C490946,13091,2009-12-08,20658,15.0
C490947,16523,2009-12-08,21100,1.65
C490949,16353,2009-12-08,47503F,1.65
C490973,17069,2009-12-08,21875,1.25
C490973,17069,2009-12-08,85232B,4.95
C490974,16451,2009-12-08,21032,3.75
C490977,15317,2009-12-08,85006,17.7
C490979,13468,2009-12-08,85047,19.05
C490980,15194,2009-12-08,85048,13.9
C490980,15194,2009-12-08,22319,0.65
C490980,15194,2009-12-08,21890,11.8
C490983,16955,2009-12-08,22073,3.75
C490985,15903,2009-12-08,47502,39.8
C490986,16822,2009-12-08,85066,12.75
C490987,14864,2009-12-08,85103,33.75
C490987,14864,2009-12-08,72739C,15.0
C490988,12746,2009-12-08,21533,4.95
C490988,12746,2009-12-08,21528,6.95
C490991,13414,2009-12-08,21553,5.95
C490991,13414,2009-12-08,21554,5.95
C490993,13902,2009-12-08,37495,11.25
C490993,13902,2009-12-08,21463,5.95
C490994,18070,2009-12-08,85047,6.35
C490995,18252,2009-12-08,20892,76.5
C490996,15935,2009-12-08,48195,13.5
C490996,15935,2009-12-08,22341,19.8
C490996,15935,2009-12-08,22077,19.8
C490996,15935,2009-12-08,22180,19.9
C490996,15935,2009-12-08,22054,13.2
C490996,15935,2009-12-08,21010,15.0
C490996,15935,2009-12-08,35979,17.7
C490996,15935,2009-12-08,35976B,15.0
C490996,15935,2009-12-08,35594,10.08
C490996,15935,2009-12-08,22113,13.8
C490996,15935,2009-12-08,21901,15.6
C490996,15935,2009-12-08,85016,15.3
C490996,15935,2009-12-08,21899,15.6
C490996,15935,2009-12-08,35599D,17.7
C490996,15935,2009-12-08,84879,13.52
C490996,15935,2009-12-08,22276,15.3
C490996,15935,2009-12-08,22135,5.04
C490996,15935,2009-12-08,85172,6.72
C490996,15935,2009-12-08,21984,13.92
C490996,15935,2009-12-08,22027,5.04
C490996,15935,2009-12-08,22131,11.7
C490996,15935,2009-12-08,21902,15.6
C490997,14911,2009-12-08,21053,4.25
C490997,14911,2009-12-08,21652,11.7
C491000,13136,2009-12-08,21929,1.65
C491001,17531,2009-12-08,20747,14.95
C491002,16853,2009-12-08,79323S,27.0
C491002,16853,2009-12-08,79342B,40.5
C491003,17340,2009-12-08,21735,25.5
C491003,17340,2009-12-08,82486,15.9
C491003,17340,2009-12-08,21326,3.9
C491003,17340,2009-12-08,51008,10.35
C491003,17340,2009-12-08,21874,2.5
C491003,17340,2009-12-08,21735,12.75
C491004,14286,2009-12-08,21358,1.25
C491004,14286,2009-12-08,21576,2.25
C491005,13112,2009-12-08,79340W,7.95
C491012,13733,2009-12-08,21231,2.5
C491013,14911,2009-12-08,21249,17.7
C491013,14911,2009-12-08,21843,10.95
C491013,14911,2009-12-08,21259,5.95
C491015,17612,2009-12-08,21332,12.75
C491016,14907,2009-12-08,22149,12.6
C491017,13643,2009-12-08,85044,4.95
C491018,13107,2009-12-08,79321,4.95
C491018,13107,2009-12-08,85047,12.7
C491019,15137,2009-12-08,21731,19.8
C491019,15137,2009-12-08,21212,13.2
C491019,15137,2009-12-08,22189,7.9
C491020,12747,2009-12-08,35400,31.8
C491021,14911,2009-12-08,22183,6.75
C491022,14817,2009-12-08,21157,12.6
C491022,14817,2009-12-08,20665,17.7
C491022,14817,2009-12-08,22139,14.85
C491023,15971,2009-12-08,85174,272.0
C491023,15971,2009-12-08,21112,428.4
C491027,15181,2009-12-08,22125,237.6
C491028,13872,2009-12-08,46775A,16.95
C491029,15615,2009-12-08,17165D,2.1
C491029,15615,2009-12-08,17165B,3.15
C491029,15615,2009-12-08,21843,10.95
C491030,14113,2009-12-08,22335,31.2
C491031,14267,2009-12-08,37449,9.95
C491032,16131,2009-12-08,21535,2.55
C491032,16131,2009-12-08,21527,7.95
C491036,12487,2009-12-09,21680,25.5
C491037,12896,2009-12-09,22121,29.75
C491040,16163,2009-12-09,82483,11.9
C491040,16163,2009-12-09,21440,2.5
C491040,16163,2009-12-09,22322,1.7
C491052,12472,2009-12-09,21284,20.28
C491052,12472,2009-12-09,21286,30.6
C491052,12472,2009-12-09,85232B,9.9
C491076,14173,2009-12-09,85047,19.05
C491080,14593,2009-12-09,85232B,9.9
C491080,14593,2009-12-09,20781,16.47
C491084,17954,2009-12-09,35001W,3.49
C491084,17954,2009-12-09,85033G,0.65
C491099,15005,2009-12-09,22064,1.65
C491099,15005,2009-12-09,21874,1.25
C491099,15005,2009-12-09,37461,1.25
C491099,15005,2009-12-09,22167,9.95
C491121,16933,2009-12-09,21889,1.25
C491121,16933,2009-12-09,72807B,4.25
C491156,15523,2009-12-10,37449,17.0
C491156,15523,2009-12-10,22061,25.5
C491156,15523,2009-12-10,21843,19.9
C491162,17861,2009-12-10,85098B,3.75
C491162,17861,2009-12-10,85097B,3.75
C491166,12437,2009-12-10,22138,9.9
C491166,12437,2009-12-10,22139,14.85
C491166,12437,2009-12-10,21826,5.0
C491168,12978,2009-12-10,79323P,6.75
C491190,16057,2009-12-10,21901,15.6
C491190,16057,2009-12-10,22072,15.0
C491190,16057,2009-12-10,22348,10.2
C491190,16057,2009-12-10,22091,15.0
C491190,16057,2009-12-10,21902,15.6
C491190,16057,2009-12-10,22180,19.9
C491190,16057,2009-12-10,22083,17.7
C491190,16057,2009-12-10,22120,29.85
C491190,16057,2009-12-10,21754,17.85
C491190,16057,2009-12-10,21755,17.85
C491190,16057,2009-12-10,21278,15.3
C491190,16057,2009-12-10,22094,15.0
C491190,16057,2009-12-10,21155,12.6
C491190,16057,2009-12-10,21165,20.28
C491190,16057,2009-12-10,21539,14.85
C491190,16057,2009-12-10,21535,15.3
C491190,16057,2009-12-10,21537,17.0
C491190,16057,2009-12-10,21533,14.85
C491190,16057,2009-12-10,21844,17.7
C491190,16057,2009-12-10,21531,15.3
C491190,16057,2009-12-10,21527,15.9
C491190,16057,2009-12-10,22193,17.0
C491190,16057,2009-12-10,21164,17.7
C491190,16057,2009-12-10,21172,17.4
C491190,16057,2009-12-10,21843,10.95
C491190,16057,2009-12-10,84836,15.0
C491190,16057,2009-12-10,85053,12.6
C491208,14564,2009-12-10,22215,8.5
C491208,14564,2009-12-10,22200,8.5
C491208,14564,2009-12-10,85033G,1.3
C491213,14043,2009-12-10,85123A,2.95
C491260,15916,2009-12-10,21477,12.75
C491260,15916,2009-12-10,85042,9.9
C491260,15916,2009-12-10,90062,12.75
C491370,17239,2009-12-10,85066,12.75
C491398,12933,2009-12-10,21642,20.4
C491398,12933,2009-12-10,16046,20.4
C491402,14507,2009-12-10,35962,2.1
C491402,14507,2009-12-10,35631B,0.19
C491402,14507,2009-12-10,22130,5.1
C491402,14507,2009-12-10,21108,22.95
C491402,14507,2009-12-10,20893,2.55
C491402,14507,2009-12-10,22150,3.9
C491402,14507,2009-12-10,85078,0.65
C491404,14030,2009-12-10,22061,19.9
C491409,14211,2009-12-10,21326,0.65
C491410,12437,2009-12-10,22139,14.85
C491410,12437,2009-12-10,21826,5.0
C491410,12437,2009-12-10,22325,29.7
C491410,12437,2009-12-10,22138,9.9
C491411,15309,2009-12-10,71459,0.85
C491412,16450,2009-12-10,20956,30.0
C491413,17627,2009-12-10,15060B,11.25
C491414,14389,2009-12-10,20717,2.5
C491414,14389,2009-12-10,20716,1.25
C491414,14389,2009-12-10,21929,5.85
C491414,14389,2009-12-10,20718,1.25
C491414,14389,2009-12-10,21977,0.55
C491414,14389,2009-12-10,21100,1.65
C491414,14389,2009-12-10,22355,2.55
C491414,14389,2009-12-10,22356,3.4
C491416,14194,2009-12-10,21730,4.95
C491418,13408,2009-12-10,85048,27.8
C491417,15079,2009-12-10,22061,9.95
C491419,13175,2009-12-10,22138,4.95
C491419,13175,2009-12-10,72741,5.8
C491423,16798,2009-12-10,90184B,8.95
C491430,14606,2009-12-11,22187,12.75
C491441,15311,2009-12-11,37450,2.55
C491441,15311,2009-12-11,71477,8.25
C491441,15311,2009-12-11,35004C,4.65
C491441,15311,2009-12-11,37449,17.0
C491441,15311,2009-12-11,22138,4.25
C491441,15311,2009-12-11,37448,1.25
C491446,14191,2009-12-11,47504J,23.85
C491446,14191,2009-12-11,47503J,55.65
C491455,17344,2009-12-11,79341,13.5
C491458,15684,2009-12-11,22138,9.9
C491459,13711,2009-12-11,79323P,13.5
C491460,15162,2009-12-11,21533,4.95
C491460,15162,2009-12-11,22072,3.75
C491460,15162,2009-12-11,21527,7.95
C491460,15162,2009-12-11,21843,54.75
C491461,17581,2009-12-11,21527,7.95
C491461,17581,2009-12-11,85042,4.95
C491461,17581,2009-12-11,22180,9.95
C491461,17581,2009-12-11,22202,11.25
C491466,13958,2009-12-11,22109,3.75
C491466,13958,2009-12-11,22066,2.9
C491466,13958,2009-12-11,20663,8.85
C491466,13958,2009-12-11,22180,9.95
C491466,13958,2009-12-11,21202,3.3
C491466,13958,2009-12-11,21206,6.6
C491466,13958,2009-12-11,79321,4.95
C491467,14319,2009-12-11,35400,17.9
C491469,12835,2009-12-11,20679,5.95
C491469,12835,2009-12-11,21232,2.5
C491494,14867,2009-12-11,85066,12.75
C491521,14895,2009-12-11,79340P,7.95
C491521,14895,2009-12-11,79323GR,6.75
C491521,14895,2009-12-11,22204,3.75
C491533,14621,2009-12-11,72802B,4.25
C491533,14621,2009-12-11,72807C,12.75
C491544,17436,2009-12-11,22305,2.55
C491544,17436,2009-12-11,22300,5.1
C491545,17679,2009-12-11,22300,12.75
C491546,17679,2009-12-11,21891,1.25
C491551,16580,2009-12-11,84279B,3.75
C491551,16580,2009-12-11,21232,1.25
C491589,13599,2009-12-11,22138,9.9
C491590,16917,2009-12-11,35400,8.95
C491591,13819,2009-12-11,21231,3.75
C491591,13819,2009-12-11,84029E,3.75
C491591,13819,2009-12-11,21232,3.75
C491592,13890,2009-12-11,84032A,2.95
C491593,17681,2009-12-11,20879,201.6
C491594,12921,2009-12-11,85218,4.35
C491594,12921,2009-12-11,85220,14.85
C491594,12921,2009-12-11,22063,14.75
C491594,12921,2009-12-11,22061,9.95
C491594,12921,2009-12-11,22055,11.55
C491594,12921,2009-12-11,22061,29.85
C491595,17017,2009-12-11,22138,29.7
C491596,12957,2009-12-11,21844,5.9
C491598,17677,2009-12-11,22277,2.1
C491599,13768,2009-12-11,21843,10.95
C491599,13768,2009-12-11,21537,4.25
C491600,13874,2009-12-11,85180A,27.9
C491602,17645,2009-12-11,22138,9.9
C491604,12533,2009-12-11,84836,15.0
C491604,12533,2009-12-11,84948,4.95
C491604,12533,2009-12-11,22072,3.75
C491604,12533,2009-12-11,22073,3.75
C491605,16094,2009-12-11,21843,10.95
C491605,16094,2009-12-11,84750B,1.95
C491606,16220,2009-12-11,35001C,10.17
C491608,12533,2009-12-11,21733,2.95
C491609,17083,2009-12-11,35400,7.95
C491610,14135,2009-12-11,85170A,38.87
C491611,16717,2009-12-11,21813,9.9
C491614,15179,2009-12-11,22139,4.95
C491614,15179,2009-12-11,22333,11.55
C491614,15179,2009-12-11,21155,2.1
C491614,15179,2009-12-11,21892,6.25
C491614,15179,2009-12-11,22334,11.55
C491616,14156,2009-12-11,22061,9.95
C491615,18094,2009-12-11,82482,15.3
C491615,18094,2009-12-11,21231,15.0
C491619,14911,2009-12-11,21843,10.95
C491618,14627,2009-12-11,21730,9.9
C491618,14627,2009-12-11,22283,7.95
C491618,14627,2009-12-11,21490,7.8
C491618,14627,2009-12-11,22086,5.9
C491618,14627,2009-12-11,20914,2.95
C491620,13768,2009-12-11,21527,7.95
C491620,13768,2009-12-11,22072,11.25
C491620,13768,2009-12-11,22138,14.85
C491620,13768,2009-12-11,21843,10.95
C491621,14625,2009-12-11,21430,3.75
C491626,16512,2009-12-11,21766,33.9
C491632,17841,2009-12-11,84689,5.95
C491650,14685,2009-12-13,84706B,8.95
C491676,14685,2009-12-13,85136C,103.35
C491676,14685,2009-12-13,21868,15.0
C491689,14606,2009-12-13,21232,1.25
C491693,14514,2009-12-13,72807B,4.25
C491723,14987,2009-12-13,85123A,81.6
C491728,12471,2009-12-14,22200,8.5
C491728,12471,2009-12-14,22198,3.3
C491728,12471,2009-12-14,21232,1.25
C491728,12471,2009-12-14,21527,7.95
C491728,12471,2009-12-14,20914,2.95
C491728,12471,2009-12-14,22139,19.8
C491728,12471,2009-12-14,22301,5.1
C491739,17886,2009-12-14,22220,9.95
C491740,14113,2009-12-14,21527,20.85
C491741,14113,2009-12-14,21536,2.1
C491741,14113,2009-12-14,21528,6.95
C491808,12471,2009-12-14,22073,7.5
C491818,14372,2009-12-14,21752,29.9
C491820,15015,2009-12-14,21549,11.8
C491820,15015,2009-12-14,21547,5.9
C491820,15015,2009-12-14,21545,2.95
C491820,15015,2009-12-14,21548,5.9
C491821,16206,2009-12-14,21730,4.95
C491822,13510,2009-12-14,21743,5.9
C491823,13078,2009-12-14,22111,4.25
C491823,13078,2009-12-14,21463,4.95
C491823,13078,2009-12-14,35004B,7.8
C491824,16365,2009-12-14,21348,10.4
C491827,14911,2009-12-14,21063,3.4
C491827,14911,2009-12-14,22114,15.8
C491827,14911,2009-12-14,21061,10.2
C491830,14062,2009-12-14,35004S,1.95
C491836,15684,2009-12-14,22138,9.9
C491838,14113,2009-12-14,22302,17.85
C491838,14113,2009-12-14,22303,30.6
C491842,14286,2009-12-14,21981,6.96
C491842,14286,2009-12-14,21980,6.96
C492010,13577,2009-12-15,48138,13.5
C492180,15311,2009-12-15,21258,10.95
C492180,15311,2009-12-15,37449,8.5
C492194,15768,2009-12-15,35968,0.38
C492194,15768,2009-12-15,21870,1.25
C492201,14062,2009-12-15,84558A,73.75
C492211,15971,2009-12-15,85174,272.0
C492213,13089,2009-12-15,21255,1.65
C492213,13089,2009-12-15,84949,13.2
C492280,13495,2009-12-16,84949,1.65
C492320,14894,2009-12-16,85047,6.35
C492400,14540,2009-12-16,85147,9.9
C492447,15903,2009-12-17,47502,39.8
C492496,13564,2009-12-17,35004S,6.35
C492532,17377,2009-12-17,21622,4.95
C492532,17377,2009-12-17,47585A,3.75
C492533,17377,2009-12-17,20700,3.75
C492541,16908,2009-12-17,22112,99.0
C492575,15311,2009-12-17,37449,8.5
C492575,15311,2009-12-17,21258,10.95
C492633,12997,2009-12-17,85123A,2.95
C492636,15498,2009-12-17,21769,79.95
C492649,16670,2009-12-17,22073,3.75
C492649,16670,2009-12-17,21527,7.95
C492653,13834,2009-12-17,84608,15.9
C492653,13834,2009-12-17,21752,14.95
C492653,13834,2009-12-17,22220,9.95
C492653,13834,2009-12-17,22170,13.5
C492654,16717,2009-12-17,21892,8.75
C492654,16717,2009-12-17,85123A,8.85
C492654,16717,2009-12-17,21826,1.25
C492655,15782,2009-12-17,22191,7.65
C492657,14290,2009-12-17,85123A,2.55
C492657,14290,2009-12-17,79323P,5.45
C492657,14290,2009-12-17,79323W,5.45
C492657,14290,2009-12-17,79323LP,10.9
C492658,15805,2009-12-17,22191,8.5
C492660,14112,2009-12-17,22138,14.85
C492660,14112,2009-12-17,21239,0.85
C492660,14112,2009-12-17,85099B,1.95
C492661,14831,2009-12-17,21527,7.95
C492661,14831,2009-12-17,22195,1.65
C492661,14831,2009-12-17,21843,10.95
C492662,13611,2009-12-17,21738,14.75
C492662,13611,2009-12-17,22350,2.55
C492663,16202,2009-12-17,85042,4.95
C492664,12709,2009-12-17,20682,3.25
C492665,15602,2009-12-17,85048,6.95
C492665,15602,2009-12-17,71477,11.0
C492666,13089,2009-12-17,21548,17.7
C492667,16168,2009-12-17,22192,8.5
C492667,16168,2009-12-17,22193,8.5
C492667,16168,2009-12-17,85132B,19.9
C492667,16168,2009-12-17,84032B,2.95
C492667,16168,2009-12-17,84997C,7.5
C492668,15680,2009-12-17,85047,25.4
C492669,17675,2009-12-17,71477,2.75
C492669,17675,2009-12-17,85042,46.75
C492670,16351,2009-12-17,22231,1.45
C492670,16351,2009-12-17,22228,0.85
C492670,16351,2009-12-17,22229,1.7
C492671,13643,2009-12-17,21628,14.95
C492672,13643,2009-12-17,85044,4.95
C492673,13141,2009-12-17,22139,4.95
C492673,13141,2009-12-17,21929,1.95
C492674,14606,2009-12-17,84997B,3.75
C492674,14606,2009-12-17,85063,33.9
C492675,14307,2009-12-17,85048,7.95
C492676,13037,2009-12-17,22215,8.5
C492678,18223,2009-12-17,22197,0.85
C492678,18223,2009-12-17,22198,1.65
C492678,18223,2009-12-17,21231,1.06
C492678,18223,2009-12-17,21232,10.6
C492678,18223,2009-12-17,21931,1.95
C492681,13078,2009-12-17,22109,23.73
C492682,17469,2009-12-17,21870,5.0
C492682,17469,2009-12-17,35840,0.85
C492683,15805,2009-12-17,85014B,9.9
C492683,15805,2009-12-17,79323GR,21.8
C492683,15805,2009-12-17,79323G,16.35
C492689,12957,2009-12-17,85063,16.95
C492690,13173,2009-12-17,85174,9.9
C492692,15321,2009-12-17,22278,14.85
C492691,17095,2009-12-17,21529,6.9
C492698,14341,2009-12-17,21527,7.95
C492699,16148,2009-12-17,85047,6.35
C492700,16148,2009-12-17,79321,4.95
C492700,16148,2009-12-17,85042,4.95
C492701,16029,2009-12-17,85042,17.0
C492702,14122,2009-12-17,22139,4.95
C492704,17165,2009-12-17,21232,1.25
C492704,17165,2009-12-17,22059,1.49
C492709,12471,2009-12-18,22198,1.65
C492709,12471,2009-12-18,21232,3.75
C492709,12471,2009-12-18,21525,13.5
C492709,12471,2009-12-18,21843,10.95
C492709,12471,2009-12-18,22138,4.95
C492709,12471,2009-12-18,22353,5.1
C492712,12471,2009-12-18,21527,15.9
C492715,13468,2009-12-18,21232,7.5
C492721,15858,2009-12-18,21315,17.0
C492739,14607,2009-12-18,20717,106.0
C492758,14031,2009-12-18,35004G,1.95
C492758,14031,2009-12-18,85162A,1.95
C492759,14031,2009-12-18,35004G,5.4
C492759,14031,2009-12-18,85162A,8.46
C492802,17231,2009-12-20,22187,4.25
C492826,14869,2009-12-20,84946,1.25
C492827,15329,2009-12-20,21232,1.25
C492827,15329,2009-12-20,37441,2.1
C492828,14911,2009-12-20,21554,11.9
C492829,17677,2009-12-20,85042,9.9
C492829,17677,2009-12-20,75049L,14.45
C492829,17677,2009-12-20,21843,10.95
C492833,17696,2009-12-21,20931,1.25
C492887,17908,2009-12-21,84050,21.45
C492887,17908,2009-12-21,21827,16.25
C492911,14505,2009-12-21,79321,97.75
C492926,13641,2009-12-21,21276,48.65
C492926,13641,2009-12-21,21275,16.95
C492926,13641,2009-12-21,21779,8.5
C492932,16772,2009-12-21,48185,13.5
C492939,13641,2009-12-21,21276,13.65
C492939,13641,2009-12-21,21275,3.95
C492939,13641,2009-12-21,21779,2.95
C492946,14606,2009-12-21,21870,1.25
C492946,14606,2009-12-21,22154,0.42
C493072,13781,2009-12-22,21527,7.95
C493080,14290,2009-12-22,37449,8.5
C493081,13008,2009-12-22,22300,10.2
C493082,15115,2009-12-22,22072,3.75
C493083,15078,2009-12-22,20941,7.6
C493085,15810,2009-12-22,21242,10.14
C493085,15810,2009-12-22,20676,7.5
C493085,15810,2009-12-22,21238,5.1
C493086,17632,2009-12-22,85047,6.35
C493087,13026,2009-12-22,84279P,3.75
C493088,13050,2009-12-22,85047,5.55
C493088,13050,2009-12-22,85123A,5.1
C493089,13635,2009-12-22,85047,11.1
C493090,13958,2009-12-22,22065,7.25
C493090,13958,2009-12-22,22139,4.95
C493090,13958,2009-12-22,22109,3.75
C493090,13958,2009-12-22,37449,19.9
C493091,16191,2009-12-22,85222,0.65
C493092,16830,2009-12-22,84032B,5.9
C493092,16830,2009-12-22,22189,3.95
C493092,16830,2009-12-22,85090,13.95
C493168,14258,2009-12-22,21904,177.6
C493182,18092,2009-12-22,21479,3.75
C493259,17632,2009-12-22,85047,6.35
C493262,17865,2009-12-22,37449,9.95
C493262,17865,2009-12-22,21843,10.95
C493262,17865,2009-12-22,21527,23.85
C493329,12472,2009-12-23,21731,6.6
C493329,12472,2009-12-23,84978,2.5
C493329,12472,2009-12-23,22245,11.9
C493329,12472,2009-12-23,22243,23.1
C493329,12472,2009-12-23,22333,1.65
C493332,13883,2009-12-23,20952,15.0
C493362,14477,2009-12-23,85099C,3.3
C493411,14590,2010-01-04,21539,4.25
C493415,14590,2010-01-04,21527,23.85
C493426,16550,2010-01-04,22109,3.39
C493430,14680,2010-01-04,85123A,2.95
C493430,14680,2010-01-04,21556,2.55
C493430,14680,2010-01-04,21232,2.5
C493431,17372,2010-01-04,21533,4.95
C493431,17372,2010-01-04,21432,5.95
C493440,12709,2010-01-04,21658,3.39
C493440,12709,2010-01-04,20914,2.95
C493440,12709,2010-01-04,21843,9.95
C493441,14156,2010-01-04,84782A,12.75
C493441,14156,2010-01-04,21874,1.25
C493445,16296,2010-01-04,85123A,5.9
C493445,16296,2010-01-04,21275,2.95
C493445,16296,2010-01-04,84659A,2.55
C493445,16296,2010-01-04,21343,33.9
C493445,16296,2010-01-04,21314,2.1
C493535,17841,2010-01-04,21217,9.95
C493535,17841,2010-01-04,84765,25.5
C493535,17841,2010-01-04,35471A,1.25
C493539,13078,2010-01-04,35004B,5.85
C493541,13768,2010-01-04,35400,15.9
C493647,17861,2010-01-05,21232,1.25
C493673,16779,2010-01-05,20712,1.95
C493673,16779,2010-01-05,71477,2.75
C493673,16779,2010-01-05,82582,2.1
C493673,16779,2010-01-05,20726,1.65
C493673,16779,2010-01-05,21042,5.95
C493673,16779,2010-01-05,79321,8.5
C493673,16779,2010-01-05,21232,2.5
C493673,16779,2010-01-05,85219,4.95
C493673,16779,2010-01-05,47569,2.55
C493673,16779,2010-01-05,85150,2.55
C493673,16779,2010-01-05,90214K,1.25
C493673,16779,2010-01-05,84854,4.25
C493673,16779,2010-01-05,85123A,2.55
C493673,16779,2010-01-05,37451,4.25
C493689,14606,2010-01-05,85063,16.95
C493689,14606,2010-01-05,79000,15.3
C493689,14606,2010-01-05,84971L,1.25
C493795,12471,2010-01-07,22202,7.5
C493795,12471,2010-01-07,21559,2.55
C493795,12471,2010-01-07,21527,7.95
C493805,15270,2010-01-07,79323P,10.9
C493807,16163,2010-01-07,21527,7.95
C493807,16163,2010-01-07,85014B,5.95
C493808,13855,2010-01-07,21427,4.2
C493808,13855,2010-01-07,21425,8.85
C493808,13855,2010-01-07,20700,3.75
C493808,13855,2010-01-07,22138,39.6
C493809,14032,2010-01-07,21130,3.45
C493811,15409,2010-01-07,72807B,4.25
C493811,15409,2010-01-07,72807A,8.5
C493811,15409,2010-01-07,21666,1.3
C493823,13408,2010-01-07,22349,13.56
C493829,15622,2010-01-07,20695,4.25
C493830,13594,2010-01-07,21752,14.95
C493830,13594,2010-01-07,22061,9.95
C493831,13768,2010-01-07,21659,14.95
C493832,18220,2010-01-07,21232,5.0
C493833,15785,2010-01-07,37447,1.49
C493833,15785,2010-01-07,85132C,59.7
C493835,16600,2010-01-07,20892,11.85
C493836,12839,2010-01-07,21231,15.0
C493836,12839,2010-01-07,21355,30.0
C493836,12839,2010-01-07,84050,39.6
C493838,17677,2010-01-07,22203,3.75
C493839,13952,2010-01-07,22061,9.95
C493849,15222,2010-01-07,84450A,1.68
C493849,15222,2010-01-07,22227,2.6
C493849,15222,2010-01-07,85190,5.1
C493849,15222,2010-01-07,21389,2.55
C493849,15222,2010-01-07,85194L,1.7
C493849,15222,2010-01-07,20984,1.7
C493849,15222,2010-01-07,21426,14.7
C493849,15222,2010-01-07,35968,0.38
C493849,15222,2010-01-07,85189,7.65
C493850,14267,2010-01-07,22061,9.95
C493851,13905,2010-01-07,79341,27.0
C493851,13905,2010-01-07,22215,8.5
C493852,14156,2010-01-07,21257,6.6
C493854,13599,2010-01-07,21314,8.4
C493854,13599,2010-01-07,84750A,3.9
C493855,16656,2010-01-07,84508A,16.8
C493856,13089,2010-01-07,79323LP,16.35
C493857,15823,2010-01-07,21733,2.95
C493859,14911,2010-01-07,85042,9.9
C493859,14911,2010-01-07,85047,12.7
C493859,14911,2010-01-07,85048,31.8
C493861,13767,2010-01-07,79340W,6.75
C493861,13767,2010-01-07,85042,17.0
C493862,14480,2010-01-07,22218,4.25
C493864,13749,2010-01-07,85226A,2.75
C493864,13749,2010-01-07,72814,7.5
C493867,16296,2010-01-07,21275,3.95
C493867,16296,2010-01-07,84659A,2.55
C493867,16296,2010-01-07,85123A,5.9
C493867,16296,2010-01-07,21344,7.9
C493868,14911,2010-01-07,21773,1.25
C493868,14911,2010-01-07,47503J,15.9
C493869,13136,2010-01-07,85044,4.25
C493870,16592,2010-01-07,21232,2.5
C493870,16592,2010-01-07,20914,2.95
C493870,16592,2010-01-07,21218,11.25
C493871,13078,2010-01-07,22194,8.5
C493984,14685,2010-01-10,72756,10.43
C493986,15527,2010-01-10,79340W,15.9
C493986,15527,2010-01-10,21843,10.95
C494033,14527,2010-01-11,84078A,139.8
C494041,12533,2010-01-11,21238,2.55
C494151,13178,2010-01-11,21408,4.25
C494151,13178,2010-01-11,21649,8.85
C494205,16732,2010-01-12,21477,43.8
C494205,16732,2010-01-12,21559,2.55
C494238,14081,2010-01-12,84782A,12.75
C494238,14081,2010-01-12,84782C,12.75
C494247,15100,2010-01-12,21528,13.9
C494270,13410,2010-01-13,21563,15.3
C494271,12417,2010-01-13,22061,9.95
C494331,13457,2010-01-13,84050,3.3
C494332,13696,2010-01-13,21626,11.7
C494334,14769,2010-01-13,21314,4.2
C494334,14769,2010-01-13,22059,5.96
C494334,14769,2010-01-13,22198,3.3
C494334,14769,2010-01-13,85232B,9.9
C494358,13078,2010-01-13,22194,8.5
C494358,13078,2010-01-13,35004S,19.05
C494361,12709,2010-01-13,21258,10.95
C494361,12709,2010-01-13,21658,3.39
C494361,12709,2010-01-13,21216,4.25
C494361,12709,2010-01-13,20979,1.25
C494363,13319,2010-01-13,79067,3.75
C494363,13319,2010-01-13,21527,7.95
C494363,13319,2010-01-13,21218,11.25
C494365,16057,2010-01-13,22120,9.95
C494365,16057,2010-01-13,22193,8.5
C494365,16057,2010-01-13,21539,4.95
C494366,13854,2010-01-13,21430,3.75
C494367,15827,2010-01-13,79072,9.95
C494367,15827,2010-01-13,22060,9.95
C494369,13078,2010-01-13,22111,4.25
C494370,13854,2010-01-13,21430,7.5
C494371,12681,2010-01-13,21706,59.4
C494371,12681,2010-01-13,84597C,5.0
C494371,12681,2010-01-13,84597B,3.75
C494371,12681,2010-01-13,22198,23.1
C494371,12681,2010-01-13,22197,1.7
C494371,12681,2010-01-13,22302,5.1
C494371,12681,2010-01-13,22303,7.65
C494371,12681,2010-01-13,85221,3.42
C494371,12681,2010-01-13,22181,2.55
C494371,12681,2010-01-13,21731,4.95
C494372,15719,2010-01-13,35400,8.95
C494372,15719,2010-01-13,22187,4.25
C494430,13004,2010-01-14,21232,5.0
C494444,12921,2010-01-14,10138,0.84
C494448,14667,2010-01-14,75049L,15.0
C494449,13093,2010-01-14,21484,3.45
C494452,15684,2010-01-14,85047,6.35
C494453,15222,2010-01-14,20984,36.1
C494453,15222,2010-01-14,21426,14.45
C494457,14667,2010-01-14,90200E,4.25
C494457,14667,2010-01-14,75049L,15.0
C494466,17032,2010-01-14,85045,4.95
C494466,17032,2010-01-14,85042,4.95
C494466,17032,2010-01-14,85047,6.35
C494474,12471,2010-01-14,35922,19.8
C494474,12471,2010-01-14,21527,7.95
C494474,12471,2010-01-14,21232,3.75
C494486,16858,2010-01-14,21529,6.9
C494486,16858,2010-01-14,35603B,50.4
C494486,16858,2010-01-14,21533,9.9
C494488,16875,2010-01-14,21244,1.69
C494489,15810,2010-01-14,22139,4.95
C494491,17675,2010-01-14,22187,18.75
C494491,17675,2010-01-14,22212,2.1
C494491,17675,2010-01-14,85123A,5.1
C494491,17675,2010-01-14,71477,16.5
C494491,17675,2010-01-14,85042,17.0
C494492,12712,2010-01-14,22299,5.0
C494492,12712,2010-01-14,22255,4.25
C494492,12712,2010-01-14,84466,5.0
C494492,12712,2010-01-14,22254,8.75
C494493,15326,2010-01-14,22187,4.25
C494494,13338,2010-01-14,22200,4.25
C494494,13338,2010-01-14,22202,11.25
C494494,13338,2010-01-14,22315,2.5
C494494,13338,2010-01-14,21663,5.95
C494494,13338,2010-01-14,22138,4.95
C494494,13338,2010-01-14,84616,29.95
C494494,13338,2010-01-14,21870,1.25
C494494,13338,2010-01-14,21181,2.1
C494496,13394,2010-01-14,20892,12.75
C494496,13394,2010-01-14,21485,19.8
C494497,13360,2010-01-14,21110,11.9
C494497,13360,2010-01-14,84520D,0.85
C494497,13360,2010-01-14,20931,7.5
C494497,13360,2010-01-14,20932,7.5
C494500,13711,2010-01-14,21843,10.95
C494500,13711,2010-01-14,21539,4.95
C494500,13711,2010-01-14,21527,15.9
C494501,15358,2010-01-14,84375,23.4
C494502,14290,2010-01-14,37449,9.95
C494592,15898,2010-01-15,85043,4.95
C494592,15898,2010-01-15,85047,6.35
C494592,15898,2010-01-15,77081,1.25
C494593,15326,2010-01-15,37370,1.25
C494593,15326,2010-01-15,85063,33.9
C494604,12613,2010-01-15,20665,2.95
C494604,12613,2010-01-15,21217,29.85
C494604,12613,2010-01-15,21496,10.5
C494629,13983,2010-01-15,84212,46.8
C494650,17969,2010-01-17,85047,6.35
C494650,17969,2010-01-17,15056P,5.95
C494712,17841,2010-01-18,20681,3.25
C494791,12649,2010-01-18,22349,7.5
C494791,12649,2010-01-18,22326,8.85
C494801,15005,2010-01-18,22355,0.85
C494801,15005,2010-01-18,85025C,1.65
C494801,15005,2010-01-18,21232,3.75
C494801,15005,2010-01-18,22227,0.65
C494801,15005,2010-01-18,85023A,2.55
C494801,15005,2010-01-18,22167,9.95
C494869,12468,2010-01-19,35970,1.69
C494869,12468,2010-01-19,47594B,3.9
C494907,17307,2010-01-19,20772,302.4
C494926,15298,2010-01-20,21232,2.5
C494928,13622,2010-01-20,22139,4.95
C494928,13622,2010-01-20,22300,2.55
C494929,14256,2010-01-20,22357,4.25
C494929,14256,2010-01-20,21781,14.95
C494949,14225,2010-01-20,22171,8.5
C494949,14225,2010-01-20,21869,7.5
C494949,14225,2010-01-20,71459,3.4
C494949,14225,2010-01-20,84978,2.5
C494954,17469,2010-01-20,84678,2.55
C494957,14952,2010-01-20,85185E,5.1
C494973,14156,2010-01-20,20726,72.5
C494986,13093,2010-01-20,21477,10.95
C494988,15823,2010-01-20,85222,2.1
C494988,15823,2010-01-20,85221,2.5
C494992,14290,2010-01-20,21533,4.95
C494992,14290,2010-01-20,22135,5.04
C494992,14290,2010-01-20,22204,15.0
C494992,14290,2010-01-20,22202,3.75
C494992,14290,2010-01-20,22138,14.85
C494992,14290,2010-01-20,22193,17.0
C494992,14290,2010-01-20,22192,17.0
C494992,14290,2010-01-20,22139,4.95
C494992,14290,2010-01-20,22134,5.04
C494992,14290,2010-01-20,21534,4.95
C495014,15312,2010-01-20,37449,9.95
C495015,13093,2010-01-20,22200,3.75
C495017,14861,2010-01-20,37447,4.47
C495018,16933,2010-01-20,72807C,4.25
C495018,16933,2010-01-20,84876C,3.75
C495018,16933,2010-01-20,72803B,4.25
C495019,13152,2010-01-20,85183B,3.75
C495021,13050,2010-01-20,21877,3.75
C495021,13050,2010-01-20,37449,9.95
C495023,16843,2010-01-20,20682,6.5
C495024,17679,2010-01-20,22302,7.65
C495026,15607,2010-01-20,22236,12.75
C495032,13982,2010-01-20,20724,0.85
C495034,16556,2010-01-20,21661,5.95
C495034,16556,2010-01-20,21662,5.95
C495034,16556,2010-01-20,21733,8.85
C495034,16556,2010-01-20,21663,5.95
C495035,15358,2010-01-20,21527,15.9
C495036,13319,2010-01-20,21843,10.95
C495036,13319,2010-01-20,79191C,0.85
C495037,16143,2010-01-20,21843,10.95
C495040,16204,2010-01-20,21232,5.0
C495043,13287,2010-01-20,21428,4.25
C495043,13287,2010-01-20,37447,1.49
C495043,13287,2010-01-20,79000,0.85
C495065,15224,2010-01-20,21232,6.25
C495076,16150,2010-01-21,85123A,11.8
C495076,16150,2010-01-21,22065,1.45
C495088,17675,2010-01-21,84967B,79.95
C495101,14714,2010-01-21,37447,1.49
C495101,14714,2010-01-21,47579,2.1
C495103,15547,2010-01-21,21843,10.95
C495147,17172,2010-01-21,20892,15.8
C495147,17172,2010-01-21,21779,23.6
C495155,13623,2010-01-21,47502,12.75
C495155,13623,2010-01-21,79065A,9.95
C495170,13148,2010-01-21,21552,5.95
C495170,13148,2010-01-21,21153,10.65
C495170,13148,2010-01-21,85006,8.85
C495170,13148,2010-01-21,22319,5.2
C495170,13148,2010-01-21,85166A,3.75
C495170,13148,2010-01-21,21537,4.25
C495170,13148,2010-01-21,21545,2.95
C495170,13148,2010-01-21,22341,1.65
C495170,13148,2010-01-21,22191,8.5
C495170,13148,2010-01-21,21549,2.95
C495170,13148,2010-01-21,21548,8.85
C495170,13148,2010-01-21,21402,0.42
C495172,15885,2010-01-21,72803A,4.25
C495172,15885,2010-01-21,21692,15.0
C495173,15805,2010-01-21,85099C,1.95
C495173,15805,2010-01-21,79323GR,13.5
C495173,15805,2010-01-21,79323G,6.75
C495175,14527,2010-01-21,47567,5.95
C495175,14527,2010-01-21,21536,2.1
C495175,14527,2010-01-21,21530,2.95
C495175,14527,2010-01-21,37500,8.49
C495175,14527,2010-01-21,21527,13.9
C495175,14527,2010-01-21,21258,10.95
C495186,15311,2010-01-21,37449,8.5
C495186,15311,2010-01-21,21218,3.25
C495186,15311,2010-01-21,85047,5.55
C495186,15311,2010-01-21,37446,1.25
C495186,15311,2010-01-21,37451,4.25
C495186,15311,2010-01-21,21321,2.1
C495186,15311,2010-01-21,85042,4.25
C495186,15311,2010-01-21,37447,5.0
C495281,16229,2010-01-22,85042,9.9
C495281,16229,2010-01-22,85047,12.7
C495281,16229,2010-01-22,79320,4.95
C495281,16229,2010-01-22,85044,4.95
C495309,17243,2010-01-22,21346,5.95
C495309,17243,2010-01-22,79072,9.95
C495341,14031,2010-01-22,82552,5.0
C495368,13527,2010-01-24,21623,9.95
C495468,16795,2010-01-25,79160,2.1
C495468,16795,2010-01-25,22268,2.55
C495468,16795,2010-01-25,22185,1.65
C495468,16795,2010-01-25,85195,2.1
C495502,12644,2010-01-25,22218,4.25
C495502,12644,2010-01-25,22202,7.5
C495502,12644,2010-01-25,47367B,3.75
C495502,12644,2010-01-25,21717,2.55
C495502,12644,2010-01-25,21652,5.85
C495502,12644,2010-01-25,22232,1.65
C495502,12644,2010-01-25,22251,3.75
C495502,12644,2010-01-25,85093,3.75
C495502,12644,2010-01-25,21539,4.95
C495502,12644,2010-01-25,22230,3.4
C495511,17841,2010-01-25,20779,5.49
C495516,13564,2010-01-25,20752,2.1
C495516,13564,2010-01-25,20753,4.2
C495516,13564,2010-01-25,20851,11.9
C495516,13564,2010-01-25,35004S,6.35
C495516,13564,2010-01-25,72739C,16.25
C495525,14606,2010-01-25,22177,9.95
C495528,17610,2010-01-25,85042,4.95
C495528,17610,2010-01-25,22203,3.75
C495582,16719,2010-01-26,79323P,6.75
C495582,16719,2010-01-26,79323LP,6.75
C495582,16719,2010-01-26,79323W,6.75
C495585,18223,2010-01-26,21626,1.95
C495585,18223,2010-01-26,85099F,1.95
C495585,18223,2010-01-26,22064,1.65
C495585,18223,2010-01-26,21232,3.18
C495585,18223,2010-01-26,21231,2.5
C495585,18223,2010-01-26,22064,6.6
C495585,18223,2010-01-26,22197,1.7
C495585,18223,2010-01-26,79323P,10.9
C495585,18223,2010-01-26,79323W,10.9
C495585,18223,2010-01-26,84347,3.75
C495585,18223,2010-01-26,22198,3.3
C495586,16353,2010-01-26,79321,8.5
C495632,15218,2010-01-26,85048,6.95
C495632,15218,2010-01-26,75049L,4.25
C495635,15950,2010-01-26,79341,40.5
C495679,17353,2010-01-26,78056,8.5
C495685,14527,2010-01-26,21539,4.95
C495685,14527,2010-01-26,85136B,7.95
C495697,14527,2010-01-26,21259,11.9
C495697,14527,2010-01-26,21340,79.6
C495723,14037,2010-01-26,85167A,81.0
C495813,14640,2010-01-27,20932,7.5
C495813,14640,2010-01-27,37379A,1.25
C495814,14137,2010-01-27,84625B,10.2
C495814,14137,2010-01-27,84625A,17.0
C495814,14137,2010-01-27,85118,11.4
C495873,13590,2010-01-27,21232,1.25
C495873,13590,2010-01-27,82484,5.55
C495881,15638,2010-01-27,37449,17.0
C495924,18223,2010-01-27,79323GR,6.75
C495930,15719,2010-01-27,82483,5.95
C495931,13008,2010-01-27,22300,2.55
C495932,12857,2010-01-27,22203,3.75
C495933,18268,2010-01-27,37494A,5.9
C495933,18268,2010-01-27,37447,5.96
C495933,18268,2010-01-27,22064,1.65
C495934,15682,2010-01-27,82607A,1.25
C495943,14606,2010-01-27,21351,6.75
C495944,13758,2010-01-27,85047,5.55
C495944,13758,2010-01-27,85043,4.95
C495944,13758,2010-01-27,22203,3.75
C495959,14442,2010-01-28,21308,15.9
C495964,12531,2010-01-28,22255,3.4
C495964,12531,2010-01-28,22254,6.25
C495964,12531,2010-01-28,85059,3.75
C495964,12531,2010-01-28,21537,4.25
C495964,12531,2010-01-28,22232,1.65
C496001,13820,2010-01-28,79323GR,6.75
C496001,13820,2010-01-28,79323LP,6.75
C496015,12703,2010-01-28,22303,2.55
C496016,12835,2010-01-28,21232,2.5
C496016,12835,2010-01-28,21844,2.95
C496021,16481,2010-01-28,85232A,4.95
C496021,16481,2010-01-28,85183A,5.0
C496035,17115,2010-01-28,21477,12.75
C496035,17115,2010-01-28,15056N,5.95
C496055,12471,2010-01-28,22301,2.55
C496071,16262,2010-01-28,72802A,45.72
C496084,17460,2010-01-28,37448,1.49
C496084,17460,2010-01-28,22073,3.75
C496084,17460,2010-01-28,85123A,2.95
C496084,17460,2010-01-28,22224,2.95
C496084,17460,2010-01-28,82494L,2.95
C496087,15861,2010-01-28,85232B,4.95
C496087,15861,2010-01-28,82613A,1.25
C496087,15861,2010-01-28,84971S,0.85
C496087,15861,2010-01-28,22138,4.95
C496218,16523,2010-01-29,22061,9.95
C496219,13004,2010-01-29,84536B,1.68
C496219,13004,2010-01-29,82613C,2.5
C496223,14755,2010-01-29,21730,9.9
C496224,12949,2010-01-29,21735,12.75
C496224,12949,2010-01-29,37370,2.5
C496225,17706,2010-01-29,21644,3.75
C496225,17706,2010-01-29,21528,6.95
C496225,17706,2010-01-29,21540,4.25
C496225,17706,2010-01-29,21539,4.95
C496226,13455,2010-01-29,82483,5.95
C496226,13455,2010-01-29,85035A,4.25
C496226,13455,2010-01-29,72807A,4.25
C496227,16705,2010-01-29,21317,5.45
C496228,17706,2010-01-29,21658,3.95
C496228,17706,2010-01-29,82613A,1.25
C496229,16434,2010-01-29,22078,14.7
C496231,15759,2010-01-29,22138,4.95
C496234,12905,2010-01-29,22054,6.6
C496241,15182,2010-01-29,85048,20.85
C496242,13557,2010-01-29,85118,9.88
C496243,18065,2010-01-29,85123A,5.1
C496244,14949,2010-01-29,90010B,8.95
C496244,14949,2010-01-29,21232,3.75
C496287,17603,2010-01-29,79323P,10.9
C496287,17603,2010-01-29,79323LP,32.7
C496287,17603,2010-01-29,79323W,59.95
C496295,17243,2010-01-31,82486,7.95
C496312,13190,2010-01-31,21763,51.9
C496320,15751,2010-01-31,85048,7.95
C496362,17365,2010-02-01,84466,1.25
C496362,17365,2010-02-01,35400,17.9
C496437,13074,2010-02-01,21527,15.9
C496483,17465,2010-02-01,22185,1.65
C496484,15882,2010-02-01,21833,5.07
C496492,18199,2010-02-02,85023B,2.55
C496494,15222,2010-02-02,85194L,2.55
C496494,15222,2010-02-02,21389,0.85
C496494,15222,2010-02-02,21931,1.95
C496494,15222,2010-02-02,35968,8.36
C496494,15222,2010-02-02,85189,2.55
C496497,15296,2010-02-02,21844,2.95
C496497,15296,2010-02-02,21843,10.95
C496497,15296,2010-02-02,84279B,3.75
C496498,15179,2010-02-02,21629,7.95
C496501,14625,2010-02-02,21314,2.1
C496511,13975,2010-02-02,22192,8.5
C496550,17165,2010-02-02,82486,7.95
C496583,12471,2010-02-02,21700,0.85
C496610,17092,2010-02-02,20754,2.1
C496687,14399,2010-02-03,21733,2.55
C496687,14399,2010-02-03,85123A,2.55
C496687,14399,2010-02-03,22342,9.9
C496727,15785,2010-02-03,21843,10.95
C496727,15785,2010-02-03,22057,1.49
C496727,15785,2010-02-03,22055,4.95
C496727,15785,2010-02-03,22061,9.95
C496735,13319,2010-02-03,85042,4.25
C496743,13192,2010-02-03,22266,3.9
C496743,13192,2010-02-03,22269,2.5
C497022,15137,2010-02-05,22095,3.75
C497023,16067,2010-02-05,72821,4.95
C497023,16067,2010-02-05,85232D,9.9
C497026,15311,2010-02-05,21320,2.1
C497026,15311,2010-02-05,82494L,7.65
C497026,15311,2010-02-05,20798,3.3
C497026,15311,2010-02-05,37446,1.25
C497026,15311,2010-02-05,79328,1.52
C497026,15311,2010-02-05,40003,5.7
C497032,17603,2010-02-05,22067,4.95
C497037,14420,2010-02-05,20914,5.9
C497037,14420,2010-02-05,22148,1.95
C497040,18168,2010-02-05,21527,7.95
C497040,18168,2010-02-05,22067,1.65
C497040,18168,2010-02-05,22055,1.65
C497040,18168,2010-02-05,37446,1.45
C497042,15251,2010-02-05,21563,10.2
C497059,12949,2010-02-05,21232,2.5
C497070,18051,2010-02-05,22196,0.85
C497070,18051,2010-02-05,22355,1.7
C497070,18051,2010-02-05,21218,3.75
C497078,14136,2010-02-05,20914,5.9
C497150,15137,2010-02-05,22339,15.6
C497150,15137,2010-02-05,22335,15.6
C497151,17412,2010-02-05,10123C,3.9
C497151,17412,2010-02-05,79190D,2.1
C497156,12840,2010-02-05,21459,3.9
C497159,13078,2010-02-05,21071,1.06
C497161,14896,2010-02-05,21843,10.95
C497162,18225,2010-02-05,21533,17.0
C497162,18225,2010-02-05,21844,2.95
C497162,18225,2010-02-05,85066,38.25
C497171,17603,2010-02-05,22067,4.95
C497181,13468,2010-02-05,37494A,5.9
C497181,13468,2010-02-05,22236,12.75
C497181,13468,2010-02-05,85042,9.9
C497193,14546,2010-02-07,22065,1.45
C497193,14546,2010-02-07,21730,4.95
C497193,14546,2010-02-07,21426,4.2
C497193,14546,2010-02-07,21427,4.2
C497193,14546,2010-02-07,22170,6.75
C497193,14546,2010-02-07,22196,0.85
C497193,14546,2010-02-07,85025B,1.65
C497193,14546,2010-02-07,21431,1.65
C497193,14546,2010-02-07,22167,9.95
C497194,15059,2010-02-07,21889,1.25
C497199,13700,2010-02-07,20681,3.25
C497199,13700,2010-02-07,84907,7.65
C497199,13700,2010-02-07,20707,3.75
C497199,13700,2010-02-07,22143,12.6
C497206,14454,2010-02-07,22342,6.6
C497224,13798,2010-02-07,82552,2.5
C497224,13798,2010-02-07,21232,1.06
C497224,13798,2010-02-07,37446,1.25
C497224,13798,2010-02-07,21231,5.3
C497224,13798,2010-02-07,21843,59.7
C497224,13798,2010-02-07,37450,22.95
C497224,13798,2010-02-07,22065,3.75
C497224,13798,2010-02-07,82599,1.69
C497224,13798,2010-02-07,35924,1.69
C497224,13798,2010-02-07,21165,1.45
C497224,13798,2010-02-07,85099C,1.65
C497224,13798,2010-02-07,21937,2.55
C497224,13798,2010-02-07,20727,1.45
C497224,13798,2010-02-07,20725,2.9
C497224,13798,2010-02-07,22064,5.8
C497231,15059,2010-02-08,22111,49.5
C497239,17865,2010-02-08,22061,9.95
C497239,17865,2010-02-08,37502,2.95
C497239,17865,2010-02-08,21232,7.5
C497243,15015,2010-02-08,79303D,2.95
C497381,14680,2010-02-09,21231,1.25
C497487,15580,2010-02-09,22143,12.6
C497487,15580,2010-02-09,20707,3.75
C497487,15580,2010-02-09,84907,7.65
C497487,15580,2010-02-09,20681,3.25
C497502,14606,2010-02-10,21649,2.95
C497503,14593,2010-02-10,85090,9.3
C497507,16768,2010-02-10,84934,0.85
C497507,16768,2010-02-10,20751,2.1
C497507,16768,2010-02-10,70006,1.65
C497513,17677,2010-02-10,21843,10.95
C497611,17961,2010-02-11,22372,12.7
C497613,15044,2010-02-11,22172,8.5
C497613,15044,2010-02-11,85066,12.75
C497616,14527,2010-02-11,21258,10.95
C497616,14527,2010-02-11,21527,6.95
C497617,12712,2010-02-11,84948,1.65
C497617,12712,2010-02-11,21559,2.55
C497617,12712,2010-02-11,22352,7.65
C497621,15005,2010-02-11,20668,0.24
C497621,15005,2010-02-11,22166,7.95
C497621,15005,2010-02-11,21232,1.25
C497737,14606,2010-02-12,21232,1.25
C497789,16873,2010-02-12,22109,3.75
C497789,16873,2010-02-12,84792,9.3
C497790,12471,2010-02-12,22198,4.95
C497790,12471,2010-02-12,22231,1.45
C497790,12471,2010-02-12,21232,2.5
C497793,12471,2010-02-12,21527,7.95
C497810,14415,2010-02-12,21527,7.95
C497810,14415,2010-02-12,21398,4.2
C497810,14415,2010-02-12,21533,9.9
C497810,14415,2010-02-12,20728,1.65
C497810,14415,2010-02-12,84388,1.65
C497878,16711,2010-02-14,22215,38.25
C497878,16711,2010-02-14,22218,78.75
C497886,15965,2010-02-14,85123A,11.8
C497886,15965,2010-02-14,85099B,1.95
C497900,12872,2010-02-14,35004B,5.45
C497900,12872,2010-02-14,22197,1.7
C497904,13421,2010-02-14,21892,1.25
C497927,12665,2010-02-15,21232,6.25
C497927,12665,2010-02-15,21426,2.1
C497927,12665,2010-02-15,21555,2.55
C497930,14911,2010-02-15,22236,12.75
C498023,16858,2010-02-15,21527,15.9
C498023,16858,2010-02-15,21232,3.75
C498040,12472,2010-02-16,22243,6.6
C498040,12472,2010-02-16,21428,8.5
C498050,15640,2010-02-16,21928,3.9
C498050,15640,2010-02-16,20914,5.1
C498050,15640,2010-02-16,20712,1.95
C498051,16940,2010-02-16,47580,7.65
C498092,12836,2010-02-16,22171,8.5
C498113,13092,2010-02-16,20693,4.25
C498115,13304,2010-02-16,35004C,10.9
C498115,13304,2010-02-16,85123A,2.95
C498122,14911,2010-02-16,47567,5.95
C498140,12645,2010-02-17,21542,10.2
C498196,13115,2010-02-17,21335,18.95
C498201,15244,2010-02-17,84816,39.95
C498214,17377,2010-02-17,21622,9.9
C498280,17511,2010-02-17,22130,0.72
C498280,17511,2010-02-17,22127,1.06
C498280,17511,2010-02-17,10138,0.42
C498280,17511,2010-02-17,22310,1.45
C498280,17511,2010-02-17,22086,5.1
C498280,17511,2010-02-17,20728,1.45
C498280,17511,2010-02-17,22109,3.39
C498280,17511,2010-02-17,47552A,3.3
C498280,17511,2010-02-17,21361,10.95
C498280,17511,2010-02-17,21363,8.5
C498280,17511,2010-02-17,21155,1.69
C498280,17511,2010-02-17,84050,1.25
C498280,17511,2010-02-17,84755,4.4
C498280,17511,2010-02-17,47562,2.95
C498280,17511,2010-02-17,37449,8.5
C498280,17511,2010-02-17,79320,4.25
C498280,17511,2010-02-17,79340W,6.75
C498280,17511,2010-02-17,21539,4.25
C498280,17511,2010-02-17,22197,5.04
C498280,17511,2010-02-17,35832,4.65
C498280,17511,2010-02-17,21535,2.1
C498280,17511,2010-02-17,22061,17.0
C498280,17511,2010-02-17,85045,4.25
C498280,17511,2010-02-17,82484,5.55
C498280,17511,2010-02-17,22169,22.95
C498280,17511,2010-02-17,22192,7.65
C498286,17230,2010-02-17,85066,12.75
C498293,13510,2010-02-18,47505,9.9
C498293,13510,2010-02-18,21868,2.5
C498295,17406,2010-02-18,84466,11.25
C498296,14370,2010-02-18,22349,3.75
C498297,14952,2010-02-18,21552,11.9
C498299,18267,2010-02-18,21380,2.95
C498299,18267,2010-02-18,84050,1.65
C498299,18267,2010-02-18,21755,11.9
C498302,16705,2010-02-18,22382,72.5
C498304,14156,2010-02-18,20754,9.6
C498337,14256,2010-02-18,21781,14.95
C498339,16544,2010-02-18,44217M,94.8
C498344,13658,2010-02-18,20711,1.95
C498344,13658,2010-02-18,21535,2.55
C498356,14040,2010-02-18,79323P,5.95
C498358,17841,2010-02-18,71495A,0.42
C498390,15005,2010-02-18,22165,12.75
C498390,15005,2010-02-18,22166,7.95
C498402,14686,2010-02-18,85048,7.95
C498408,17311,2010-02-18,22198,9.9
C498424,15251,2010-02-18,71459,8.64
C498426,16351,2010-02-18,22229,4.25
C498426,16351,2010-02-18,22228,1.7
C498426,16351,2010-02-18,22231,7.25
C498427,14244,2010-02-18,22268,5.95
C498427,14244,2010-02-18,22267,3.75
C498427,14244,2010-02-18,22269,1.25
C498427,14244,2010-02-18,22266,0.65
C498509,14909,2010-02-19,21843,10.95
C498520,15240,2010-02-19,21218,7.5
C498551,17243,2010-02-21,21755,5.95
C498557,14878,2010-02-21,21648,127.2
C498563,14505,2010-02-21,84755,1.95
C498563,14505,2010-02-21,79340P,7.95
C498563,14505,2010-02-21,21739,2.95
C498563,14505,2010-02-21,21532,2.1
C498563,14505,2010-02-21,21429,4.95
C498563,14505,2010-02-21,22139,4.95
C498572,17372,2010-02-21,22147,2.9
C498580,16797,2010-02-21,22191,8.5
C498582,13093,2010-02-21,22200,4.25
C498582,13093,2010-02-21,22111,4.95
C498583,17547,2010-02-21,21288,2.95
C498583,17547,2010-02-21,22318,5.9
C498591,15827,2010-02-21,22218,4.25
C498595,18102,2010-02-21,15056P,720.0
C498599,15538,2010-02-21,85067,16.95
C498598,15538,2010-02-21,21769,79.95
C498600,17139,2010-02-21,21843,9.95
C498602,15326,2010-02-21,85232B,4.95
C498603,17160,2010-02-21,21232,1.25
C498603,17160,2010-02-21,84755,0.65
C498603,17160,2010-02-21,20914,2.95
C498603,17160,2010-02-21,22274,2.95
C498604,13081,2010-02-21,21984,3.0
C498604,13081,2010-02-21,37492D,13.2
C498604,13081,2010-02-21,71279,5.9
C498604,13081,2010-02-21,22215,8.5
C498604,13081,2010-02-21,85123A,2.55
C498604,13081,2010-02-21,15034,1.05
C498604,13081,2010-02-21,37495,23.6
C498604,13081,2010-02-21,21479,3.75
C498604,13081,2010-02-21,85042,12.75
C498604,13081,2010-02-21,85060,1.25
C498605,14038,2010-02-21,37503,10.75
C498605,14038,2010-02-21,20727,1.65
C498605,14038,2010-02-21,85099C,1.95
C498606,12747,2010-02-21,35004B,10.9
C498607,18223,2010-02-21,21232,7.5
C498609,13163,2010-02-21,84685,3.75
C498609,13163,2010-02-21,21276,13.9
C498619,14159,2010-02-22,21479,3.75
C498703,14680,2010-02-22,21733,2.55
C498703,14680,2010-02-22,85152,2.1
C498703,14680,2010-02-22,85123A,12.75
C498703,14680,2010-02-22,20726,4.95
C498703,14680,2010-02-22,21556,2.55
C498703,14680,2010-02-22,22384,1.65
C498737,14783,2010-02-22,21174,1.95
C498760,12490,2010-02-22,22097,5.0
C498761,13813,2010-02-22,84279P,7.5
C498777,12500,2010-02-23,22243,4.95
C498781,12647,2010-02-23,22303,5.1
C498813,12500,2010-02-23,21671,2.5
C498813,12500,2010-02-23,21837,11.9
C498821,12471,2010-02-23,22231,2.9
C498839,12647,2010-02-23,22203,7.5
C498854,12523,2010-02-23,22269,1.25
C498915,16992,2010-02-23,21658,3.95
C498920,14329,2010-02-24,20686,3.25
C498985,14527,2010-02-24,21527,6.95
C498985,14527,2010-02-24,21539,4.95
C498985,14527,2010-02-24,85232A,4.95
C499008,12907,2010-02-24,21730,4.95
C499008,12907,2010-02-24,21463,35.7
C499008,12907,2010-02-24,85180A,13.95
C499008,12907,2010-02-24,85179A,13.95
C499037,13982,2010-02-24,85123A,2.55
C499037,13982,2010-02-24,21535,2.55
C499037,13982,2010-02-24,20724,0.85
C499060,14590,2010-02-24,21527,6.95
C499060,14590,2010-02-24,21539,8.5
C499060,14590,2010-02-24,21216,4.95
C499160,15984,2010-02-24,21906,67.5
C499162,14558,2010-02-24,85066,25.5
C499161,16406,2010-02-24,21080,9.35
C499161,16406,2010-02-24,84520D,9.35
C499203,13334,2010-02-25,48187,6.75
C499217,13787,2010-02-25,21385,1.7
C499217,13787,2010-02-25,85170C,2.1
C499217,13787,2010-02-25,84839,6.75
C499224,13735,2010-02-25,21115,6.75
C499224,13735,2010-02-25,21892,2.5
C499224,13735,2010-02-25,21733,2.95
C499224,13735,2010-02-25,21626,1.95
C499224,13735,2010-02-25,84750A,1.95
C499243,13240,2010-02-25,84910A,77.35
C499251,14898,2010-02-25,21533,4.95
C499251,14898,2010-02-25,21535,7.65
C499251,14898,2010-02-25,21527,7.95
C499277,13604,2010-02-25,37447,2.98
C499277,13604,2010-02-25,21232,1.25
C499278,14732,2010-02-25,22170,13.5
C499280,14227,2010-02-25,21936,2.95
C499281,16327,2010-02-25,84978,2.5
C499281,16327,2010-02-25,84975,5.07
C499286,14276,2010-02-25,21844,2.95
C499286,14276,2010-02-25,21533,9.9
C499286,14276,2010-02-25,20725,8.25
C499286,14276,2010-02-25,20728,1.65
C499287,13317,2010-02-25,85042,9.9
C499287,13317,2010-02-25,20914,2.95
C499287,13317,2010-02-25,21232,2.5
C499288,18172,2010-02-25,82486,27.8
C499288,18172,2010-02-25,82483,9.9
C499289,15270,2010-02-25,22185,1.65
C499289,15270,2010-02-25,71053,3.75
C499289,15270,2010-02-25,75049L,10.2
C499290,16656,2010-02-25,21259,5.95
C499291,13777,2010-02-25,15056N,14.85
C499291,13777,2010-02-25,79301,15.3
C499291,13777,2010-02-25,82615,5.1
C499291,13777,2010-02-25,20934,4.95
C499291,13777,2010-02-25,20779,9.3
C499291,13777,2010-02-25,35004B,9.3
C499291,13777,2010-02-25,20971,1.06
C499291,13777,2010-02-25,21137,3.39
C499291,13777,2010-02-25,15056BL,24.75
C499291,13777,2010-02-25,84050,2.5
C499293,13599,2010-02-25,85099F,1.95
C499293,13599,2010-02-25,22382,1.65
C499293,13599,2010-02-25,21314,2.1
C499293,13599,2010-02-25,22169,17.0
C499293,13599,2010-02-25,22381,2.1
C499296,17883,2010-02-25,44230,15.9
C499301,13446,2010-02-25,21534,4.95
C499328,14680,2010-02-26,21843,10.95
C499328,14680,2010-02-26,20725,6.6
C499328,14680,2010-02-26,85123A,2.55
C499380,12854,2010-02-26,21536,2.1
C499380,12854,2010-02-26,21534,4.95
C499385,14258,2010-02-26,48138,63.5
C499410,15309,2010-02-26,22215,17.0
C499413,16807,2010-02-26,85098B,35.4
C499419,15538,2010-02-26,21645,4.95
C499419,15538,2010-02-26,22120,9.95
C499419,15538,2010-02-26,22303,2.55
C499419,15538,2010-02-26,21630,8.95
C499419,15538,2010-02-26,21627,14.95
C499419,15538,2010-02-26,21685,14.95
C499419,15538,2010-02-26,71477,3.25
C499419,15538,2010-02-26,22088,2.95
C499419,15538,2010-02-26,21760,125.0
C499419,15538,2010-02-26,21628,14.95
C499423,14831,2010-02-26,79072,9.95
C499424,13089,2010-02-26,22170,27.0
C499448,14322,2010-02-26,85066,25.5
C499448,14322,2010-02-26,21777,7.95
C499462,13564,2010-02-28,20941,1.25
C499462,13564,2010-02-28,84978,1.25
C499462,13564,2010-02-28,84625D,17.7
C499462,13564,2010-02-28,84279B,3.75
C499489,16283,2010-02-28,71053,3.75
C499489,16283,2010-02-28,82483,5.95
C499489,16283,2010-02-28,82486,7.95
C499492,14064,2010-02-28,21114,25.0
C499493,14064,2010-02-28,21114,12.5
C499530,13446,2010-03-01,47594B,1.95
C499530,13446,2010-03-01,85184D,11.8
C499530,13446,2010-03-01,85066,76.5
C499530,13446,2010-03-01,22073,7.5
C499530,13446,2010-03-01,47594A,3.9
C499530,13446,2010-03-01,21577,4.5
C499745,14239,2010-03-02,85053,2.1
C499746,16109,2010-03-02,35400,15.9
C499747,16807,2010-03-02,85097B,23.6
C499748,12909,2010-03-02,21535,2.55
C499748,12909,2010-03-02,20730,1.25
C499749,15290,2010-03-02,21869,1.25
C499751,17539,2010-03-02,85070,125.0
C499753,16471,2010-03-02,22269,1.25
C499776,15633,2010-03-02,21532,6.3
C499776,15633,2010-03-02,21540,8.5
C499786,18257,2010-03-02,22356,1.7
C499786,18257,2010-03-02,22168,8.5
C499786,18257,2010-03-02,21928,1.95
C499786,18257,2010-03-02,22384,1.65
C499790,12972,2010-03-02,21658,3.95
C499790,12972,2010-03-02,21396,6.25
C499790,12972,2010-03-02,21535,2.55
C499790,12972,2010-03-02,21534,4.95
C499790,12972,2010-03-02,21781,14.95
C499793,14495,2010-03-02,22184,8.5
C499796,13393,2010-03-02,84611B,5.95
C499796,13393,2010-03-02,85232A,4.95
C499796,13393,2010-03-02,84600,7.95
C499818,13513,2010-03-02,22273,17.7
C499819,12980,2010-03-02,35004C,9.3
C499827,14944,2010-03-02,21527,13.9
C499832,13711,2010-03-02,79323B,20.25
C499851,16520,2010-03-02,21462,6.75
C499852,13883,2010-03-02,21278,5.1
C499867,14831,2010-03-02,79072,9.95
C499868,13287,2010-03-02,84688,17.0
C499868,13287,2010-03-02,21232,5.0
C499869,15673,2010-03-02,22138,4.95
C499871,13093,2010-03-02,22202,11.25
C499871,13093,2010-03-02,22203,7.5
C499871,13093,2010-03-02,22199,8.5
C499870,14113,2010-03-02,22300,12.75
C499870,14113,2010-03-02,21527,6.95
C499872,15321,2010-03-02,21232,3.75
C499885,12472,2010-03-03,21731,3.3
C499885,12472,2010-03-03,22378,4.2
C499885,12472,2010-03-03,20712,1.95
C499885,12472,2010-03-03,22385,1.95
C499888,12426,2010-03-03,71403,5.9
C499888,12426,2010-03-03,21528,6.95
C499888,12426,2010-03-03,21399,2.1
C499888,12426,2010-03-03,21424,2.95
C499892,13820,2010-03-03,79323P,6.75
C499896,13097,2010-03-03,22192,8.5
C499896,13097,2010-03-03,21658,3.95
C499896,13097,2010-03-03,85097B,3.75
C499898,14593,2010-03-03,85088,4.2
C499916,15311,2010-03-03,85042,8.5
C499916,15311,2010-03-03,85047,11.1
C499916,15311,2010-03-03,84750A,9.9
C499920,15015,2010-03-03,21833,1.69
C499920,15015,2010-03-03,22236,12.75
C499943,12835,2010-03-03,22054,1.65
C499963,16118,2010-03-03,22071,3.75
C499978,13797,2010-03-03,82607A,2.5
C499978,13797,2010-03-03,85121B,8.5
C499983,15321,2010-03-03,85123A,2.95
C499987,13044,2010-03-03,21298,12.75
C500000,13948,2010-03-04,21303,11.9
C500002,17213,2010-03-04,20821,9.9
C500002,17213,2010-03-04,82483,5.95
C500002,17213,2010-03-04,79323B,6.75
C500002,17213,2010-03-04,79323P,6.75
C500011,18087,2010-03-04,48111,59.5
C500013,15015,2010-03-04,21833,20.28
C500016,12391,2010-03-04,84750A,1.95
C500016,12391,2010-03-04,22202,3.75
C500016,12391,2010-03-04,21658,3.95
C500016,12391,2010-03-04,22218,4.25
C500016,12391,2010-03-04,79067,7.5
C500016,12391,2010-03-04,20799,4.2
C500127,15504,2010-03-04,22061,9.95
C500152,17931,2010-03-04,22142,1.45
C500154,17931,2010-03-04,22114,7.9
C500307,17477,2010-03-07,21303,5.95
C500314,16136,2010-03-07,21733,11.8
C500345,17969,2010-03-07,84937,12.6
C500345,17969,2010-03-07,85042,4.95
C500507,16103,2010-03-08,21298,12.75
C500542,12525,2010-03-08,21429,3.3
C500542,12525,2010-03-08,22358,2.95
C500542,12525,2010-03-08,85232B,9.9
C500542,12525,2010-03-08,22386,1.95
C500546,12809,2010-03-08,21527,15.9
C500551,12708,2010-03-08,85232A,29.7
C500565,15767,2010-03-08,15056BL,17.85
C500565,15767,2010-03-08,20679,17.85
C500565,15767,2010-03-08,15056N,71.4
C500565,15767,2010-03-08,21535,15.3
C500565,15767,2010-03-08,85123A,35.4
C500565,15767,2010-03-08,85232B,14.85
C500565,15767,2010-03-08,85066,25.5
C500565,15767,2010-03-08,21533,29.7
C500573,17661,2010-03-08,79323LP,54.0
C500594,13008,2010-03-09,22300,5.1
C500709,15722,2010-03-09,84836,2.5
C500709,15722,2010-03-09,22171,8.5
C500709,15722,2010-03-09,82482,2.55
C500709,15722,2010-03-09,21257,7.95
C500709,15722,2010-03-09,82483,5.95
C500722,15538,2010-03-09,21645,4.95
C500722,15538,2010-03-09,21634,1.25
C500722,15538,2010-03-09,21639,2.55
C500722,15538,2010-03-09,21648,3.75
C500723,17644,2010-03-09,21535,2.55
C500723,17644,2010-03-09,85123A,2.95
C500723,17644,2010-03-09,21536,2.1
C500723,17644,2010-03-09,21533,9.9
C500724,14156,2010-03-09,22198,8.25
C500724,14156,2010-03-09,22061,9.95
C500725,14112,2010-03-09,22070,11.25
C500725,14112,2010-03-09,22071,7.5
C500725,14112,2010-03-09,22326,2.95
C500725,14112,2010-03-09,22138,4.95
C500725,14112,2010-03-09,21683,2.95
C500727,13662,2010-03-09,37450,2.95
C500729,15291,2010-03-09,21298,25.5
C500731,15827,2010-03-09,21232,1.25
C500732,17049,2010-03-09,79323GR,13.5
C500732,17049,2010-03-09,71459,0.85
C500732,17049,2010-03-09,20679,5.95
C500740,16947,2010-03-09,21535,2.55
C500740,16947,2010-03-09,82483,5.95
C500748,14852,2010-03-10,22278,4.95
C500750,12931,2010-03-10,21186,14.5
C500750,12931,2010-03-10,21172,5.0
C500755,13377,2010-03-10,21232,2.5
C500755,13377,2010-03-10,21539,4.95
C500760,13093,2010-03-10,20914,5.1
C500764,13890,2010-03-10,21153,10.65
C500769,17442,2010-03-10,22192,8.5
C500783,15309,2010-03-10,84975,3.38
C500790,18064,2010-03-10,75049L,6.8
C500798,14156,2010-03-10,22197,1.7
C500826,16523,2010-03-10,22061,9.95
C500831,14680,2010-03-10,22384,1.65
C500831,14680,2010-03-10,20726,1.65
C500831,14680,2010-03-10,85123A,2.55
C500831,14680,2010-03-10,22386,1.95
C500831,14680,2010-03-10,22073,3.75
C500831,14680,2010-03-10,21843,10.95
C500835,12437,2010-03-10,22326,2.95
C500835,12437,2010-03-10,21432,11.9
C500835,12437,2010-03-10,21559,2.55
C500969,16933,2010-03-11,72807B,4.25
C500969,16933,2010-03-11,22268,0.85
C500969,16933,2010-03-11,22228,1.7
C500969,16933,2010-03-11,85123A,2.55
C501036,16918,2010-03-11,22167,29.85
C501041,14403,2010-03-12,79029,6.6
C501081,15544,2010-03-12,22384,1.65
C501120,12500,2010-03-12,21928,1.95
C501125,17754,2010-03-12,21733,2.95
C501125,17754,2010-03-12,85099B,1.65
C501131,14031,2010-03-12,22072,3.75
C501131,14031,2010-03-12,37370,2.12
C501131,14031,2010-03-12,21622,4.95
C501131,14031,2010-03-12,84706B,8.95
C501131,14031,2010-03-12,21310,29.95
C501184,14527,2010-03-15,21540,4.25
C501184,14527,2010-03-15,21527,6.95
C501238,12471,2010-03-15,22236,12.75
C501243,17460,2010-03-15,37448,1.49
C501269,18135,2010-03-15,85123A,5.1
C501270,14667,2010-03-15,90200A,4.25
C501270,14667,2010-03-15,90200E,8.5
C501271,17448,2010-03-15,35004B,4.65
C501283,17085,2010-03-15,21621,51.0
C501290,17287,2010-03-15,22177,9.95
C501293,14606,2010-03-15,22154,0.42
C501312,13173,2010-03-16,84706F,8.95
C501314,14142,2010-03-16,84773,2.95
C501314,14142,2010-03-16,21870,3.75
C501314,14142,2010-03-16,85232A,4.95
C501315,17707,2010-03-16,72807A,4.25
C501317,13047,2010-03-16,21754,5.95
C501319,15601,2010-03-16,85123A,2.95
C501319,15601,2010-03-16,22219,2.55
C501321,12972,2010-03-16,21536,2.1
C501321,12972,2010-03-16,21393,6.3
C501321,12972,2010-03-16,21392,4.2
C501324,15603,2010-03-16,72755C,13.75
C501326,14426,2010-03-16,21299,12.75
C501327,15251,2010-03-16,22193,7.65
C501329,13037,2010-03-16,22380,4.2
C501330,16558,2010-03-16,22109,3.75
C501330,16558,2010-03-16,79164,3.3
C501332,14755,2010-03-16,21298,12.75
C501332,14755,2010-03-16,21300,25.5
C501332,14755,2010-03-16,22112,4.95
C501332,14755,2010-03-16,85099B,1.65
C501336,14870,2010-03-16,21535,2.55
C501336,14870,2010-03-16,21843,10.95
C501338,16947,2010-03-16,82483,5.95
C501338,16947,2010-03-16,21535,2.55
C501340,16705,2010-03-16,84674,2.95
C501340,16705,2010-03-16,21661,5.45
C501343,12931,2010-03-16,20972,9.5
C501344,15622,2010-03-16,82552,1.25
C501350,18094,2010-03-16,82494L,8.85
C501350,18094,2010-03-16,79323GR,13.5
C501350,18094,2010-03-16,21232,16.25
C501364,15224,2010-03-16,21232,15.0
C501364,15224,2010-03-16,21232,1.25
C501368,13126,2010-03-16,84679,5.95
C501370,15382,2010-03-16,21094,10.2
C501417,15058,2010-03-16,21258,32.85
C501418,16177,2010-03-16,22067,3.3
C501418,16177,2010-03-16,85066,12.75
C501419,13078,2010-03-16,22461,25.5
C501421,15696,2010-03-16,85066,12.75
C501424,14824,2010-03-16,84684,10.2
C501424,14824,2010-03-16,47559B,3.75
C501428,13047,2010-03-16,21314,8.4
C501429,13047,2010-03-16,21671,1.25
C501429,13047,2010-03-16,21667,16.95
C501429,13047,2010-03-16,21669,1.25
C501433,15311,2010-03-16,79067,17.7
C501433,15311,2010-03-16,85042,17.0
C501433,15311,2010-03-16,20728,1.45
C501433,15311,2010-03-16,20798,4.95
C501433,15311,2010-03-16,21318,1.45
C501433,15311,2010-03-16,85047,5.55
C501433,15311,2010-03-16,37449,17.0
C501433,15311,2010-03-16,85099B,1.65
C501433,15311,2010-03-16,40002,5.1
C501433,15311,2010-03-16,84750A,3.3
C501433,15311,2010-03-16,75049L,4.25
C501435,12835,2010-03-16,22058,1.49
C501481,12500,2010-03-17,47504J,7.95
C501506,14680,2010-03-17,85123A,12.75
C501506,14680,2010-03-17,21843,10.95
C501536,17511,2010-03-17,22270,3.39
C501536,17511,2010-03-17,22197,11.52
C501536,17511,2010-03-17,22169,68.85
C501536,17511,2010-03-17,21477,10.95
C501536,17511,2010-03-17,20726,1.45
C501536,17511,2010-03-17,22278,4.25
C501536,17511,2010-03-17,85044,4.25
C501536,17511,2010-03-17,22215,22.95
C501536,17511,2010-03-17,22196,0.72
C501536,17511,2010-03-17,47503K,0.85
C501538,16085,2010-03-17,85042,4.95
C501554,13983,2010-03-17,21459,5.85
C501554,13983,2010-03-17,85206A,3.3
C501584,17477,2010-03-18,21303,41.65
C501642,17377,2010-03-18,84773,2.95
C501642,17377,2010-03-18,21622,4.95
C501655,13057,2010-03-18,21477,131.4
C501655,13057,2010-03-18,20833,49.95
C501659,17307,2010-03-18,84868B,13.9
C501690,13183,2010-03-18,21876,3.75
C501690,13183,2010-03-18,21870,1.25
C501690,13183,2010-03-18,75049L,3.75
C501773,17673,2010-03-19,51008,10.35
C501794,13464,2010-03-19,21231,13.75
C501797,12957,2010-03-19,84663A,5.95
C501801,15994,2010-03-19,84879,1.69
C501809,15218,2010-03-19,75049L,2.55
C501809,15218,2010-03-19,21730,4.95
C501809,15218,2010-03-19,21129,6.95
C501809,15218,2010-03-19,84975,5.07
C501826,16875,2010-03-19,22488,1.65
C501826,16875,2010-03-19,22457,5.9
C501826,16875,2010-03-19,85123A,2.95
C501827,14745,2010-03-19,22290,2.1
C501829,15194,2010-03-19,85041,1.65
C501829,15194,2010-03-19,22170,6.75
C501851,14451,2010-03-21,22270,11.25
C501873,14970,2010-03-21,79323W,6.75
C501873,14970,2010-03-21,79323P,13.5
C501873,14970,2010-03-21,79323S,6.75
C501873,14970,2010-03-21,79323G,6.75
C501873,14970,2010-03-21,79323LP,20.25
C501901,13798,2010-03-21,20676,2.12
C501901,13798,2010-03-21,21843,79.6
C501901,13798,2010-03-21,35924,3.38
C501901,13798,2010-03-21,82599,1.69
C501901,13798,2010-03-21,37447,1.25
C501901,13798,2010-03-21,21231,5.3
C501901,13798,2010-03-21,20914,2.55
C501901,13798,2010-03-21,22064,2.9
C501901,13798,2010-03-21,37450,10.2
C501905,13451,2010-03-21,37495,11.25
C501914,13151,2010-03-22,21784,9.95
C501914,13151,2010-03-22,85096,3.75
C501914,13151,2010-03-22,21359,15.95
C501914,13151,2010-03-22,21277,21.95
C501914,13151,2010-03-22,21309,9.95
C501915,17508,2010-03-22,84247N,32.45
C501924,17760,2010-03-22,85144,7.25
C501934,15523,2010-03-22,22061,8.5
C501934,15523,2010-03-22,37446,5.0
C501934,15523,2010-03-22,22055,7.25
C501934,15523,2010-03-22,21843,39.8
C501934,15523,2010-03-22,37449,17.0
C502029,15005,2010-03-22,37447,1.49
C502041,13267,2010-03-22,22197,1.7
C502061,13093,2010-03-22,22385,1.95
C502061,13093,2010-03-22,51012L,1.25
C502061,13093,2010-03-22,21477,21.9
C502061,13093,2010-03-22,20914,2.95
C502062,17596,2010-03-22,22055,8.25
C502062,17596,2010-03-22,21531,5.1
C502065,16108,2010-03-22,22057,1.49
C502065,16108,2010-03-22,21232,1.25
C502065,16108,2010-03-22,84674,5.9
C502066,17677,2010-03-22,22456,4.95
C502066,17677,2010-03-22,22327,2.95
C502067,17593,2010-03-22,82494L,11.8
C502067,17593,2010-03-22,84770,5.9
C502068,16571,2010-03-22,22487,17.0
C502068,16571,2010-03-22,22147,8.7
C502070,13406,2010-03-22,37330,11.7
C502071,17448,2010-03-22,21348,2.95
C502072,13599,2010-03-22,22169,17.0
C502073,13658,2010-03-22,21843,10.95
C502074,12747,2010-03-22,71477,8.25
C502076,15994,2010-03-22,84949,1.65
C502077,15791,2010-03-22,21734,15.0
C502077,15791,2010-03-22,21232,2.5
C502078,17448,2010-03-22,21348,2.55
C502078,17448,2010-03-22,72741,3.75
C502078,17448,2010-03-22,21249,5.1
C502079,16735,2010-03-22,84949,8.25
C502081,16705,2010-03-22,85067,16.95
C502084,14952,2010-03-22,22216,2.55
C502085,13883,2010-03-22,72802A,8.5
C502092,17539,2010-03-22,21658,39.5
C502127,14680,2010-03-23,85123A,12.75
C502127,14680,2010-03-23,21536,2.1
C502127,14680,2010-03-23,84031A,4.65
C502179,18247,2010-03-23,22067,1.65
C502179,18247,2010-03-23,22064,3.3
C502190,12809,2010-03-23,22073,3.75
C502191,15003,2010-03-23,22444,5.0
C502231,12472,2010-03-23,22328,2.95
C502231,12472,2010-03-23,22467,5.1
C502243,12809,2010-03-23,21218,3.75
C502253,14590,2010-03-23,21539,19.8
C502289,13089,2010-03-24,21548,11.8
C502290,12921,2010-03-24,84755,3.9
C502291,14952,2010-03-24,22236,12.75
C502294,16945,2010-03-24,21231,2.5
C502295,18223,2010-03-24,22457,2.95
C502295,18223,2010-03-24,22197,0.85
C502295,18223,2010-03-24,22064,1.65
C502295,18223,2010-03-24,21231,2.5
C502295,18223,2010-03-24,21232,7.5
C502296,13397,2010-03-24,47502,32.85
C502297,17158,2010-03-24,84949,4.95
C502298,18247,2010-03-24,22281,11.9
C502298,18247,2010-03-24,22067,1.65
C502298,18247,2010-03-24,22064,4.95
C502299,15221,2010-03-24,21299,7.9
C502299,15221,2010-03-24,22177,25.5
C502302,15291,2010-03-24,21626,9.75
C502302,15291,2010-03-24,21843,10.95
C502302,15291,2010-03-24,21462,6.75
C502302,15291,2010-03-24,22192,8.5
C502304,18187,2010-03-24,22138,4.95
C502304,18187,2010-03-24,21662,5.95
C502304,18187,2010-03-24,21663,5.95
C502304,18187,2010-03-24,21661,5.95
C502305,14195,2010-03-24,75049L,17.0
C502305,14195,2010-03-24,75049L,62.9
C502306,14258,2010-03-24,85063,14.95
C502306,14258,2010-03-24,21231,4.24
C502307,13694,2010-03-24,21300,102.0
C502308,14210,2010-03-24,21539,4.95
C502308,14210,2010-03-24,21527,7.95
C502309,14060,2010-03-24,20934,10.9
C502310,16875,2010-03-24,22488,1.65
C502311,13659,2010-03-24,21622,4.95
C502311,13659,2010-03-24,22487,9.95
C502311,13659,2010-03-24,84078A,39.95
C502311,13659,2010-03-24,22177,9.95
C502312,16858,2010-03-24,21844,5.9
C502325,14645,2010-03-24,22456,4.95
C502325,14645,2010-03-24,21232,7.5
C502325,14645,2010-03-24,37446,1.45
C502325,14645,2010-03-24,22617,4.95
C502329,14857,2010-03-24,22268,0.85
C502329,14857,2010-03-24,22565,0.85
C502330,13089,2010-03-24,22170,23.8
C502332,14911,2010-03-24,21663,5.95
C502332,14911,2010-03-24,35241,4.95
C502332,14911,2010-03-24,85121B,17.0
C502332,14911,2010-03-24,22496,2.95
C502332,14911,2010-03-24,21662,5.95
C502335,16556,2010-03-24,21622,4.95
C502335,16556,2010-03-24,21663,5.95
C502335,16556,2010-03-24,22496,2.95
C502335,16556,2010-03-24,35241,4.95
C502428,16735,2010-03-24,21730,24.75
C502431,15822,2010-03-24,84949,3.3
C502431,15822,2010-03-24,85123A,2.95
C502431,15822,2010-03-24,22182,4.95
C502431,15822,2010-03-24,22183,6.75
C502447,17377,2010-03-24,21622,44.55
C502460,14156,2010-03-24,85062,2.72
C502460,14156,2010-03-24,84691,54.4
C502475,15222,2010-03-24,85118,13.68
C502555,16550,2010-03-25,79323W,5.45
C502555,16550,2010-03-25,22198,1.65
C502555,16550,2010-03-25,75049L,8.75
C502566,14685,2010-03-25,21528,11.9
C502621,13872,2010-03-25,15060B,3.75
C502621,13872,2010-03-25,21531,2.55
C502630,15518,2010-03-25,21843,32.85
C502666,13187,2010-03-25,72598,18.7
C502676,12615,2010-03-26,22456,4.95
C502687,12647,2010-03-26,22229,5.95
C502687,12647,2010-03-26,22228,3.4
C502687,12647,2010-03-26,22244,1.95
C502729,15443,2010-03-26,85186A,5.04
C502732,17147,2010-03-26,22138,4.95
C502741,13252,2010-03-26,20717,1.25
C502741,13252,2010-03-26,20914,5.9
C502744,14994,2010-03-26,35400,17.9
C502766,16327,2010-03-26,21214,1.45
C502766,16327,2010-03-26,21260,3.25
C502766,16327,2010-03-26,22355,1.7
C502767,17677,2010-03-26,20726,1.65
C502770,18187,2010-03-26,22138,4.95
C502802,15339,2010-03-26,22197,0.85
C502849,17954,2010-03-28,17165B,1.05
C502849,17954,2010-03-28,17165D,1.05
C502849,17954,2010-03-28,84270,6.3
C502879,18245,2010-03-29,21320,10.2
C502899,14680,2010-03-29,22384,4.95
C502899,14680,2010-03-29,21733,2.95
C502899,14680,2010-03-29,21874,1.25
C502900,15605,2010-03-29,21455,3.4
C502903,12472,2010-03-29,22467,21.0
C502904,17612,2010-03-29,21332,3.95
C502910,16327,2010-03-29,21314,2.1
C503145,14505,2010-03-30,85206B,1.65
C503145,14505,2010-03-30,21929,1.95
C503175,15611,2010-03-30,35004C,5.45
C503176,12748,2010-03-30,22456,4.95
C503176,12748,2010-03-30,85183B,112.5
C503196,16923,2010-03-30,21231,1.25
C503199,13874,2010-03-30,22170,20.25
C503200,14156,2010-03-30,37449,17.0
C503201,16558,2010-03-30,22301,2.55
C503201,16558,2010-03-30,79164,1.65
C503202,14016,2010-03-30,21843,10.95
C503203,15607,2010-03-30,37492B,4.65
C503203,15607,2010-03-30,21332,15.8
C503205,13082,2010-03-30,21875,31.8
C503206,14928,2010-03-30,22362,2.95
C503206,14928,2010-03-30,85206A,1.65
C503208,14227,2010-03-30,85099C,1.95
C503208,14227,2010-03-30,21232,1.25
C503209,12681,2010-03-30,20686,3.25
C503209,12681,2010-03-30,22303,5.1
C503209,12681,2010-03-30,35241,24.75
C503209,12681,2010-03-30,21731,3.3
C503210,13371,2010-03-30,22139,4.95
C503210,13371,2010-03-30,22423,12.75
C503211,14175,2010-03-30,22061,9.95
C503211,14175,2010-03-30,85150,2.55
C503211,14175,2010-03-30,82567,2.1
C503211,14175,2010-03-30,21872,1.25
C503211,14175,2010-03-30,85040A,1.65
C503211,14175,2010-03-30,85040B,1.65
C503211,14175,2010-03-30,20932,3.75
C503211,14175,2010-03-30,22109,3.75
C503212,15222,2010-03-30,20713,1.95
C503215,14798,2010-03-30,85034A,4.25
C503215,14798,2010-03-30,85232D,4.95
C503216,15785,2010-03-30,21217,9.95
C503216,15785,2010-03-30,71477,3.25
C503218,12957,2010-03-30,21664,11.25
C503219,17640,2010-03-30,71477,8.25
C503223,15819,2010-03-30,84849A,6.76
C503223,15819,2010-03-30,22353,2.55
C503223,15819,2010-03-30,21713,4.2
C503223,15819,2010-03-30,21713,10.0
C503225,15329,2010-03-30,22303,15.3
C503228,13078,2010-03-30,21622,14.85
C503228,13078,2010-03-30,35004G,5.49
C503228,13078,2010-03-30,84692,0.42
C503228,13078,2010-03-30,21463,4.95
C503229,18189,2010-03-30,21232,1.25
C503231,13881,2010-03-30,21259,9.9
C503231,13881,2010-03-30,21257,6.95
C503233,15808,2010-03-30,21710,9.9
C503233,15808,2010-03-30,22236,21.9
C503233,15808,2010-03-30,22467,2.55
C503233,15808,2010-03-30,82483,11.9
C503233,15808,2010-03-30,21903,3.7
C503233,15808,2010-03-30,82486,7.95
C503233,15808,2010-03-30,85099B,1.95
C503233,15808,2010-03-30,85099C,1.95
C503233,15808,2010-03-30,21314,2.1
C503249,12533,2010-03-31,22242,4.95
C503249,12533,2010-03-31,21843,10.95
C503249,12533,2010-03-31,21535,7.65
C503249,12533,2010-03-31,22423,12.75
C503254,13871,2010-03-31,21314,4.2
C503257,16170,2010-03-31,22233,1.65
C503257,16170,2010-03-31,22231,1.45
C503257,16170,2010-03-31,22212,2.1
C503357,12510,2010-03-31,79029,1.95
C503357,12510,2010-03-31,22362,2.95
C503357,12510,2010-03-31,84676,11.8
C503366,15311,2010-03-31,75049L,4.25
C503366,15311,2010-03-31,21014,0.72
C503366,15311,2010-03-31,40003,1.9
C503366,15311,2010-03-31,37450,5.1
C503366,15311,2010-03-31,37447,2.5
C503366,15311,2010-03-31,20798,23.1
C503366,15311,2010-03-31,85042,8.5
C503366,15311,2010-03-31,85047,5.55
C503366,15311,2010-03-31,21381,1.45
C503367,15382,2010-03-31,20712,1.95
C503400,15029,2010-03-31,21041,2.95
C503446,14796,2010-04-01,85152,2.1
C503518,15997,2010-04-01,20689,23.4
C503715,15867,2010-04-06,20816,33.75
C503715,15867,2010-04-06,17165D,3.15
C503722,15311,2010-04-06,37447,1.25
C503722,15311,2010-04-06,37449,8.5
C503722,15311,2010-04-06,85042,8.5
C503722,15311,2010-04-06,21318,1.45
C503733,13148,2010-04-07,22220,9.95
C503733,13148,2010-04-07,22193,8.5
C503745,12770,2010-04-07,20686,2.75
C503803,13939,2010-04-07,84688,4.25
C503908,13890,2010-04-08,82580,1.1
C503908,13890,2010-04-08,22413,14.75
C503967,13871,2010-04-08,22178,18.75
C503970,15311,2010-04-08,40003,2.85
C503970,15311,2010-04-08,85047,5.55
C503970,15311,2010-04-08,71477,2.75
C503970,15311,2010-04-08,37449,17.0
C503970,15311,2010-04-08,85099B,1.65
C503970,15311,2010-04-08,85042,12.75
C503970,15311,2010-04-08,21318,7.25
C503970,15311,2010-04-08,21321,16.8
C503970,15311,2010-04-08,20798,11.55
C503974,17180,2010-04-08,21208,1.65
C503974,17180,2010-04-08,35918B,1.25
C504124,15015,2010-04-11,22236,12.75
C504167,12590,2010-04-12,20914,2.95
C504168,16186,2010-04-12,21871,1.25
C504168,16186,2010-04-12,85042,4.95
C504169,15719,2010-04-12,22508,3.75
C504170,13019,2010-04-12,21258,12.75
C504171,13047,2010-04-12,22361,2.95
C504174,15079,2010-04-12,85123A,2.95
C504175,13852,2010-04-12,15056BL,11.9
C504175,13852,2010-04-12,21892,5.0
C504177,14537,2010-04-12,21259,5.95
C504178,15981,2010-04-12,22585,15.0
C504179,12359,2010-04-12,22471,9.9
C504179,12359,2010-04-12,22359,5.9
C504180,16019,2010-04-12,22457,30.6
C504181,14748,2010-04-12,22210,3.3
C504182,16554,2010-04-12,85035A,4.25
C504182,16554,2010-04-12,84946,2.5
C504182,16554,2010-04-12,82486,7.95
C504185,13196,2010-04-12,84292,7.95
C504185,13196,2010-04-12,82607A,1.25
C504186,16570,2010-04-12,21658,15.8
C504186,16570,2010-04-12,22138,4.95
C504187,15122,2010-04-12,21563,2.95
C504190,14626,2010-04-12,21626,1.95
C504191,16054,2010-04-12,21069,1.25
C504191,16054,2010-04-12,21070,10.0
C504191,16054,2010-04-12,21877,1.25
C504198,17426,2010-04-12,22150,1.95
C504198,17426,2010-04-12,22149,2.1
C504199,14911,2010-04-12,20914,2.95
C504202,16351,2010-04-12,22507,9.9
C504205,14492,2010-04-12,22171,8.5
C504208,15270,2010-04-12,75049L,11.05
C504207,15755,2010-04-12,22464,4.95
C504207,15755,2010-04-12,37495,3.75
C504207,15755,2010-04-12,20795,2.1
C504211,16670,2010-04-12,21527,7.95
C504258,14101,2010-04-12,21255,19.8
C504275,12997,2010-04-12,85042,4.95
C504319,12418,2010-04-12,22456,4.25
C504322,13564,2010-04-12,37340,0.85
C504322,13564,2010-04-12,20798,12.6
C504330,12417,2010-04-12,22215,8.5
C504342,17048,2010-04-12,21377,19.2
C504343,13050,2010-04-13,22360,5.9
C504343,13050,2010-04-13,21232,3.75
C504343,13050,2010-04-13,21756,5.95
C504345,14893,2010-04-13,21279,2.55
C504346,14112,2010-04-13,21928,1.95
C504346,14112,2010-04-13,22386,1.95
C504346,14112,2010-04-13,85099B,3.9
C504347,17044,2010-04-13,22488,4.95
C504347,17044,2010-04-13,22456,4.95
C504347,17044,2010-04-13,22300,5.1
C504349,12542,2010-04-13,85142,7.95
C504349,12542,2010-04-13,85141,10.75
C504349,12542,2010-04-13,22269,1.25
C504353,17593,2010-04-13,84770,5.9
C504354,13443,2010-04-13,84247N,32.45
C504357,15638,2010-04-13,37449,17.0
C504358,14914,2010-04-13,47594B,5.85
C504359,13767,2010-04-13,21314,2.1
C504360,14370,2010-04-13,85063,16.95
C504361,14771,2010-04-13,47594A,1.95
C504361,14771,2010-04-13,84507B,2.55
C504362,16634,2010-04-13,37330,9.75
C504363,17448,2010-04-13,84978,1.06
C504363,17448,2010-04-13,85176,1.28
C504363,17448,2010-04-13,20936,5.1
C504363,17448,2010-04-13,21868,2.12
C504365,13093,2010-04-13,21563,2.95
C504365,13093,2010-04-13,84050,1.65
C504365,13093,2010-04-13,21155,2.1
C504365,13093,2010-04-13,51012C,2.5
C504366,15125,2010-04-13,21533,4.25
C504366,15125,2010-04-13,21527,34.75
C504374,17677,2010-04-13,22467,2.55
C504419,16455,2010-04-13,22509,14.95
C504420,15311,2010-04-13,37449,8.5
C504424,14748,2010-04-13,20675,1.25
C504425,16732,2010-04-13,85042,4.95
C504461,13408,2010-04-13,22456,29.7
C504468,15329,2010-04-13,22487,9.95
C504468,15329,2010-04-13,22505,4.95
C504468,15329,2010-04-13,22198,4.95
C504485,13266,2010-04-14,84466,42.5
C504488,13097,2010-04-14,22215,8.5
C504543,17675,2010-04-14,85123A,2.55
C504543,17675,2010-04-14,22189,6.78
C504543,17675,2010-04-14,85042,8.5
C504543,17675,2010-04-14,71477,8.25
C504544,17457,2010-04-14,22138,9.9
C504544,17457,2010-04-14,21869,6.25
C504544,17457,2010-04-14,21868,8.75
C504545,16656,2010-04-14,84466,22.8
C504557,13407,2010-04-14,84676,8.85
C504557,13407,2010-04-14,21715,2.55
C504561,17469,2010-04-14,20770,4.8
C504561,17469,2010-04-14,21539,9.9
C504562,15331,2010-04-14,21868,1.25
C504567,15298,2010-04-14,37488A,2.95
C504567,15298,2010-04-14,21463,5.95
C504567,15298,2010-04-14,21424,2.95
C504567,15298,2010-04-14,21425,8.85
C504570,17511,2010-04-14,22423,21.9
C504570,17511,2010-04-14,37449,8.5
C504570,17511,2010-04-14,79320,4.25
C504570,17511,2010-04-14,21232,1.06
C504570,17511,2010-04-14,22139,4.25
C504570,17511,2010-04-14,22199,3.75
C504629,12935,2010-04-15,37446,1.45
C504629,12935,2010-04-15,21897,5.9
C504632,15311,2010-04-15,75049L,9.35
C504632,15311,2010-04-15,37449,17.0
C504672,15722,2010-04-15,22177,9.95
C504672,15722,2010-04-15,21259,5.95
C504672,15722,2010-04-15,21361,12.75
C504729,14680,2010-04-16,21232,1.25
C504729,14680,2010-04-16,20727,1.65
C504729,14680,2010-04-16,20726,1.65
C504729,14680,2010-04-16,85123A,7.65
C504729,14680,2010-04-16,21218,3.75
C504840,13694,2010-04-16,85017C,120.96
C504841,13694,2010-04-16,20840,346.8
C504841,13694,2010-04-16,84601A,187.5
C504841,13694,2010-04-16,84919,640.0
C504843,17949,2010-04-16,22197,144.0
C504892,14415,2010-04-18,22189,3.95
C504892,14415,2010-04-18,20914,2.95
C504892,14415,2010-04-18,85123A,2.95
C504892,14415,2010-04-18,21314,2.1
C504899,17085,2010-04-18,84762A,19.2
C505003,17552,2010-04-19,20727,8.25
C505003,17552,2010-04-19,20783,5.49
C505010,17802,2010-04-19,20727,1.65
C505010,17802,2010-04-19,82483,5.95
C505010,17802,2010-04-19,21732,6.78
C505010,17802,2010-04-19,82494L,2.95
C505010,17802,2010-04-19,22236,12.75
C505010,17802,2010-04-19,21931,1.95
C505010,17802,2010-04-19,82486,23.85
C505022,12982,2010-04-19,22359,2.95
C505022,12982,2010-04-19,21648,3.75
C505022,12982,2010-04-19,22198,4.95
C505155,12471,2010-04-20,21231,2.5
C505155,12471,2010-04-20,21080,4.25
C505155,12471,2010-04-20,20914,5.9
C505155,12471,2010-04-20,22353,10.2
C505155,12471,2010-04-20,22467,5.1
C505155,12471,2010-04-20,21210,2.9
C505160,17802,2010-04-20,82494L,5.9
C505198,14081,2010-04-20,21155,2.1
C505198,14081,2010-04-20,84792,4.65
C505215,14081,2010-04-21,84247H,32.45
C505312,15311,2010-04-21,75049L,7.65
C505350,15580,2010-04-21,20684,13.0
C505359,17930,2010-04-21,79320,9.9
C505382,15321,2010-04-22,82600,2.1
C505382,15321,2010-04-22,82581,0.55
C505386,13407,2010-04-22,22167,59.7
C505387,13883,2010-04-22,21314,2.1
C505390,18064,2010-04-22,75049L,34.0
C505395,13081,2010-04-22,84803B,10.14
C505395,13081,2010-04-22,22054,1.65
C505395,13081,2010-04-22,85206A,1.65
C505395,13081,2010-04-22,85206B,1.65
C505395,13081,2010-04-22,85042,12.75
C505395,13081,2010-04-22,21460,3.9
C505395,13081,2010-04-22,21461,5.85
C505395,13081,2010-04-22,21459,9.75
C505395,13081,2010-04-22,85123A,2.55
C505395,13081,2010-04-22,20684,3.25
C505395,13081,2010-04-22,71279,5.9
C505401,15078,2010-04-22,21904,2.1
C505401,15078,2010-04-22,21175,2.1
C505402,16705,2010-04-22,21658,3.95
C505403,12982,2010-04-22,22198,4.95
C505403,12982,2010-04-22,21648,3.75
C505403,12982,2010-04-22,22359,2.95
C505406,17769,2010-04-22,22440,1.68
C505406,17769,2010-04-22,22439,1.3
C505408,15326,2010-04-22,85150,5.1
C505408,15326,2010-04-22,22168,8.5
C505414,14905,2010-04-22,75049L,3.75
C505416,17146,2010-04-22,21462,6.75
C505416,17146,2010-04-22,21713,6.3
C505416,17146,2010-04-22,84946,1.25
C505424,17677,2010-04-22,85042,4.95
C505427,17460,2010-04-22,22193,17.0
C505427,17460,2010-04-22,37448,1.49
C505442,17457,2010-04-22,22138,9.9
C505442,17457,2010-04-22,21869,6.25
C505442,17457,2010-04-22,21868,8.75
C505446,14680,2010-04-22,20726,1.65
C505446,14680,2010-04-22,21733,2.55
C505446,14680,2010-04-22,20727,1.65
C505446,14680,2010-04-22,20725,1.45
C505455,17965,2010-04-22,21734,3.75
C505455,17965,2010-04-22,22138,4.95
C505459,17676,2010-04-22,21156,1.95
C505459,17676,2010-04-22,20676,10.0
C505460,15176,2010-04-22,20914,2.95
C505483,12468,2010-04-22,22315,3.75
C505483,12468,2010-04-22,22467,2.55
C505483,12468,2010-04-22,20914,2.95
C505483,12468,2010-04-22,22563,2.5
C505483,12468,2010-04-22,21127,5.95
C505483,12468,2010-04-22,22331,1.65
C505484,16040,2010-04-22,21059,6.8
C505485,15615,2010-04-22,21871,3.75
C505486,13552,2010-04-22,22423,51.0
C505487,12921,2010-04-22,21792,6.75
C505488,14040,2010-04-22,20725,1.65
C505489,14011,2010-04-22,37495,5.9
C505492,17314,2010-04-22,21870,1.25
C505527,12472,2010-04-22,22519,2.1
C505527,12472,2010-04-22,22585,5.0
C505527,12472,2010-04-22,22516,6.3
C505527,12472,2010-04-22,22551,1.65
C505528,12998,2010-04-22,21791,6.25
C505528,12998,2010-04-22,21232,6.25
C505531,16176,2010-04-22,22464,1.65
C505531,16176,2010-04-22,71459,2.55
C505531,16176,2010-04-22,22341,6.6
C505531,16176,2010-04-22,71477,3.25
C505531,16176,2010-04-22,21870,1.25
C505541,15231,2010-04-22,22364,11.8
C505541,15231,2010-04-22,22363,8.85
C505541,15231,2010-04-22,22408,1.25
C505543,13999,2010-04-22,47504K,1.95
C505544,12643,2010-04-22,47599B,6.76
C505544,12643,2010-04-22,47599A,6.76
C505545,14944,2010-04-22,21181,4.2
C505545,14944,2010-04-22,22349,3.75
C505546,16525,2010-04-22,22169,61.2
C505562,13813,2010-04-23,22618,9.95
C505562,13813,2010-04-23,22507,4.95
C505642,16722,2010-04-23,20725,1.65
C505674,12709,2010-04-23,85099B,1.95
C505674,12709,2010-04-23,21238,6.8
C505674,12709,2010-04-23,21658,3.39
C505674,12709,2010-04-23,20685,6.35
C505674,12709,2010-04-23,20914,2.55
C505674,12709,2010-04-23,20979,1.25
C505727,16984,2010-04-25,21775,1.25
C505728,16984,2010-04-25,90176C,7.5
C505850,17563,2010-04-26,22138,4.95
C505857,13446,2010-04-26,21621,8.5
C505857,13446,2010-04-26,82482,2.55
C505861,13115,2010-04-26,22299,1.25
C505861,13115,2010-04-26,20703,4.25
C506001,13281,2010-04-27,20727,1.65
C506001,13281,2010-04-27,20979,20.0
C506001,13281,2010-04-27,21314,16.8
C506002,16550,2010-04-27,22617,4.95
C506002,16550,2010-04-27,84422,0.85
C506098,16117,2010-04-27,22147,4.35
C506124,13048,2010-04-27,22137,2.95
C506124,13048,2010-04-27,21792,6.75
C506126,18009,2010-04-27,90200E,4.25
C506128,15005,2010-04-27,22064,1.65
C506128,15005,2010-04-27,21232,1.25
C506129,15311,2010-04-27,75049L,11.05
C506132,16736,2010-04-27,21539,4.95
C506132,16736,2010-04-27,21843,10.95
C506143,15856,2010-04-27,79323W,70.85
C506143,15856,2010-04-27,79323P,92.65
C506152,15586,2010-04-27,21982,10.44
C506153,17865,2010-04-27,21843,10.95
C506153,17865,2010-04-27,22072,3.75
C506153,17865,2010-04-27,22061,9.95
C506153,17865,2010-04-27,21232,12.72
C506153,17865,2010-04-27,37492B,4.65
C506156,15622,2010-04-27,21363,4.95
C506157,17677,2010-04-27,20726,1.65
C506158,13659,2010-04-27,84978,7.5
C506158,13659,2010-04-27,84949,1.65
C506159,13999,2010-04-27,47504K,3.9
C506161,17147,2010-04-27,22236,12.75
C506166,17147,2010-04-28,22423,12.75
C506203,18135,2010-04-28,85123A,2.55
C506240,15311,2010-04-28,75049L,22.1
C506257,17965,2010-04-28,79323GR,13.5
C506284,13520,2010-04-28,20675,10.0
C506284,13520,2010-04-28,20676,10.0
C506284,13520,2010-04-28,22467,12.75
C506302,17841,2010-04-29,82494L,5.9
C506304,15173,2010-04-29,22323,1.95
C506304,15173,2010-04-29,22618,93.39
C506306,12613,2010-04-29,21216,4.95
C506306,12613,2010-04-29,85232A,9.9
C506306,12613,2010-04-29,22139,4.95
C506310,12758,2010-04-29,21931,23.4
C506349,14680,2010-04-29,84519B,2.95
C506349,14680,2010-04-29,85123A,12.75
C506349,14680,2010-04-29,21733,2.55
C506349,14680,2010-04-29,85099B,1.65
C506349,14680,2010-04-29,22386,3.9
C506349,14680,2010-04-29,22384,1.65
C506385,18009,2010-04-29,90200E,38.25
C506390,16099,2010-04-29,22617,4.95
C506414,14401,2010-04-29,82486,15.9
C506431,12672,2010-04-29,22507,4.95
C506431,12672,2010-04-29,22094,3.75
C506441,16351,2010-04-29,47503H,1.95
C506473,17063,2010-04-30,84997C,3.75
C506473,17063,2010-04-30,84279B,3.75
C506473,17063,2010-04-30,22528,1.25
C506474,12747,2010-04-30,82484,12.9
C506474,12747,2010-04-30,21623,9.95
C506476,14237,2010-04-30,21320,5.1
C506477,16652,2010-04-30,37503,10.75
C506477,16652,2010-04-30,21535,2.55
C506479,15601,2010-04-30,22178,1.25
C506479,15601,2010-04-30,85123A,2.95
C506482,15382,2010-04-30,79321,4.95
C506483,14709,2010-04-30,37500,9.95
C506484,14852,2010-04-30,21843,10.95
C506486,14156,2010-04-30,22061,9.95
C506486,14156,2010-04-30,21279,2.55
C506486,14156,2010-04-30,21159,5.8
C506486,14156,2010-04-30,21248,4.35
C506489,17696,2010-04-30,22467,7.65
C506490,15221,2010-04-30,82483,29.7
C506490,15221,2010-04-30,82486,7.95
C506493,17005,2010-04-30,21217,9.95
C506492,15268,2010-04-30,22364,2.95
C506492,15268,2010-04-30,22361,2.95
C506492,15268,2010-04-30,85062,3.3
C506492,15268,2010-04-30,22168,8.5
C506492,15268,2010-04-30,22363,2.95
C506495,14926,2010-04-30,79164,21.75
C506498,13911,2010-04-30,47504K,3.9
C506498,13911,2010-04-30,72750A,3.9
C506505,17448,2010-04-30,22442,6.75
C506519,13461,2010-04-30,20712,1.95
C506519,13461,2010-04-30,20724,0.85
C506528,15093,2010-04-30,21175,2.1
C506528,15093,2010-04-30,82583,2.1
C506531,17448,2010-04-30,21481,2.95
C506532,15538,2010-04-30,21260,5.5
C506532,15538,2010-04-30,85232A,4.95
C506533,18062,2010-04-30,22138,9.9
C506534,14209,2010-04-30,21713,6.3
C506534,14209,2010-04-30,79029,1.95
C506534,14209,2010-04-30,82482,2.55
C506535,14655,2010-04-30,22170,20.25
C506608,14648,2010-04-30,21936,17.7
C506674,17243,2010-05-02,79323GR,33.75
C506674,17243,2010-05-02,79323P,13.5
C506674,17243,2010-05-02,79323W,6.75
C506732,15311,2010-05-04,75049L,14.45
C506733,14634,2010-05-04,16259,1.47
C506733,14634,2010-05-04,22168,17.0
C506733,14634,2010-05-04,85226A,0.55
C506733,14634,2010-05-04,35400,53.7
C506734,14867,2010-05-04,21474,19.95
C506750,14320,2010-05-04,82486,7.95
C506751,12471,2010-05-04,22467,2.55
C506751,12471,2010-05-04,21232,2.5
C506751,12471,2010-05-04,21527,7.95
C506751,12471,2010-05-04,22478,1.25
C506751,12471,2010-05-04,22497,4.25
C506751,12471,2010-05-04,22556,4.95
C506752,12647,2010-05-04,22199,26.25
C506753,14911,2010-05-04,21658,3.95
C506756,13983,2010-05-04,79323P,16.35
C506758,13393,2010-05-04,79323B,6.75
C506759,14175,2010-05-04,79323B,6.75
C506814,12588,2010-05-04,22138,4.95
C506826,13693,2010-05-04,79323B,13.5
C506827,17667,2010-05-04,79323W,27.0
C506828,13042,2010-05-04,79323W,33.75
C506829,16200,2010-05-04,79323B,13.5
C506832,15298,2010-05-04,79323W,20.25
C506833,17700,2010-05-04,79323W,13.5
C506835,15446,2010-05-04,79323W,6.75
C506864,13267,2010-05-04,22423,25.5
C506874,12838,2010-05-04,71459,1.7
C506874,12838,2010-05-04,84675,5.9
C506875,16736,2010-05-04,21527,20.85
C506877,13047,2010-05-04,22469,3.3
C506877,13047,2010-05-04,22423,12.75
C506877,13047,2010-05-04,84969,4.25
C506881,12915,2010-05-04,37495,3.75
C506882,16858,2010-05-04,21527,7.95
C506882,16858,2010-05-04,21749,2.1
C506883,15791,2010-05-04,71477,3.25
C506883,15791,2010-05-04,82483,5.95
C506883,15791,2010-05-04,47503K,1.95
C506883,15791,2010-05-04,22055,1.65
C506883,15791,2010-05-04,21231,1.25
C506886,15125,2010-05-05,22304,6.3
C506888,13021,2010-05-05,79164,1.65
C506890,14634,2010-05-05,35400,47.7
C506890,14634,2010-05-05,85226A,0.55
C506890,14634,2010-05-05,16259,1.47
C506890,14634,2010-05-05,22168,17.0
C506892,14533,2010-05-05,22236,12.75
C506893,15674,2010-05-05,21843,21.9
C506896,15845,2010-05-05,22171,8.5
C506896,15845,2010-05-05,21333,2.95
C506896,15845,2010-05-05,22169,8.5
C506896,15845,2010-05-05,85065,12.75
C506896,15845,2010-05-05,21868,1.25
C506896,15845,2010-05-05,82486,7.95
C506896,15845,2010-05-05,22423,12.75
C506899,12876,2010-05-05,22554,13.2
C506908,15550,2010-05-05,79323W,6.75
C506978,14680,2010-05-05,21218,3.75
C506978,14680,2010-05-05,85123A,5.1
C506978,14680,2010-05-05,20728,1.65
C506978,14680,2010-05-05,20726,1.65
C506978,14680,2010-05-05,22384,1.65
C506979,13287,2010-05-05,17021,10.8
C506980,13643,2010-05-05,85123A,11.8
C506987,16131,2010-05-05,21527,13.9
C506987,16131,2010-05-05,22294,1.25
C506987,16131,2010-05-05,21735,21.9
C506988,18111,2010-05-05,21427,4.2
C506988,18111,2010-05-05,84755,0.65
C506988,18111,2010-05-05,21307,2.1
C506989,16543,2010-05-05,22212,4.2
C506995,13760,2010-05-05,22178,5.0
C506996,14422,2010-05-05,22456,9.9
C506998,14403,2010-05-05,79029,1.65
C506999,13856,2010-05-05,21534,9.9
C506999,13856,2010-05-05,21532,4.2
C507015,15097,2010-05-05,21614,306.0
C507016,15097,2010-05-05,21614,15.3
C507031,15518,2010-05-05,79323W,6.75
C507033,14930,2010-05-05,84975,1.69
C507033,14930,2010-05-05,20931,7.5
C507043,17406,2010-05-05,21314,4.2
C507043,17406,2010-05-05,22423,12.75
C507118,15311,2010-05-06,35004C,9.3
C507118,15311,2010-05-06,40003,0.95
C507118,15311,2010-05-06,37446,1.25
C507118,15311,2010-05-06,79029,1.65
C507118,15311,2010-05-06,71477,8.25
C507118,15311,2010-05-06,35004B,4.65
C507118,15311,2010-05-06,40001,0.64
C507118,15311,2010-05-06,35004S,10.98
C507118,15311,2010-05-06,22352,2.1
C507118,15311,2010-05-06,85042,17.0
C507118,15311,2010-05-06,84750A,1.65
C507118,15311,2010-05-06,20798,14.85
C507118,15311,2010-05-06,85047,22.2
C507118,15311,2010-05-06,37447,2.5
C507118,15311,2010-05-06,37450,5.1
C507184,16255,2010-05-06,79323P,27.0
C507185,16039,2010-05-06,79323G,6.75
C507191,17496,2010-05-06,79323P,13.5
C507191,17496,2010-05-06,79323LP,13.5
C507195,16656,2010-05-06,84466,293.55
C507200,16186,2010-05-06,21232,1.25
C507201,16317,2010-05-06,22423,12.75
C507202,16347,2010-05-06,79000,2.55
C507203,13143,2010-05-06,22360,5.9
C507204,13342,2010-05-06,21532,4.2
C507204,13342,2010-05-06,21534,9.9
C507209,17640,2010-05-06,84770,53.1
C507214,13081,2010-05-06,85042,12.75
C507214,13081,2010-05-06,22179,5.95
C507214,13081,2010-05-06,21155,2.1
C507215,14194,2010-05-06,22361,1.25
C507215,14194,2010-05-06,22411,3.9
C507217,12982,2010-05-06,20914,2.95
C507217,12982,2010-05-06,71459,0.85
C507217,12982,2010-05-06,21218,11.25
C507217,12982,2010-05-06,21320,2.55
C507219,14713,2010-05-06,79323S,6.75
C507219,14713,2010-05-06,22355,0.85
C507219,14713,2010-05-06,10002,0.85
C507220,12915,2010-05-06,37495,15.0
C507221,14837,2010-05-06,21868,1.25
C507224,13824,2010-05-06,85174,4.95
C507226,13126,2010-05-06,37447,2.98
C507226,13126,2010-05-06,37495,7.5
C507230,17530,2010-05-06,21034,0.95
C507271,14535,2010-05-07,79323LP,27.0
C507271,14535,2010-05-07,79323P,27.0
C507274,14824,2010-05-07,47505,42.5
C507298,14713,2010-05-07,79323LP,6.75
C507358,14527,2010-05-07,79323B,40.5
C507358,14527,2010-05-07,79323W,40.5
C507358,14527,2010-05-07,79323W,20.25
C507361,15311,2010-05-07,79323B,103.55
C507361,15311,2010-05-07,79323S,65.4
C507361,15311,2010-05-07,79323G,65.4
C507361,15311,2010-05-07,79323W,130.8
C507361,15311,2010-05-07,79341,6.75
C507365,12915,2010-05-07,37495,11.25
C507415,16150,2010-05-09,21333,5.9
C507451,14258,2010-05-10,79323B,130.8
C507451,14258,2010-05-10,79323LP,119.9
C507456,12921,2010-05-10,79323B,54.0
C507456,12921,2010-05-10,79323W,60.75
C507457,16705,2010-05-10,79323W,119.9
C507457,16705,2010-05-10,79323LP,5.45
C507460,13141,2010-05-10,79323LP,98.1
C507466,18220,2010-05-10,21232,7.5
C507486,12474,2010-05-10,21432,5.95
C507579,13407,2010-05-10,85014B,5.95
C507579,13407,2010-05-10,84676,5.9
C507592,12917,2010-05-10,15056P,4.95
C507592,12917,2010-05-10,15056N,9.9
C507598,15555,2010-05-10,84687,11.9
C507599,13136,2010-05-10,21949,7.5
C507599,13136,2010-05-10,47590A,5.45
C507599,13136,2010-05-10,21643,1.25
C507599,13136,2010-05-10,72802A,17.0
C507599,13136,2010-05-10,72802B,4.25
C507599,13136,2010-05-10,21527,6.95
C507599,13136,2010-05-10,22063,2.95
C507599,13136,2010-05-10,22057,4.47
C507599,13136,2010-05-10,22059,5.96
C507602,15633,2010-05-10,22423,65.7
C507603,16661,2010-05-10,85232B,4.95
C507603,16661,2010-05-10,85184B,2.95
C507605,15633,2010-05-10,22138,8.5
C507605,15633,2010-05-10,21539,17.0
C507605,15633,2010-05-10,21531,5.1
C507607,17353,2010-05-10,84676,76.5
C507612,15311,2010-05-10,75049L,2.55
C507612,15311,2010-05-10,85042,8.5
C507612,15311,2010-05-10,85047,5.55
C507612,15311,2010-05-10,35004C,4.65
C507612,15311,2010-05-10,35004S,5.49
C507612,15311,2010-05-10,35004B,9.3
C507618,17635,2010-05-10,21231,8.75
C507644,13890,2010-05-10,21870,1.25
C507650,16735,2010-05-10,79323B,27.0
C507650,16735,2010-05-10,79323W,54.0
C507650,16735,2010-05-10,79323GR,27.0
C507651,14735,2010-05-10,79323LP,20.25
C507651,14735,2010-05-10,79323W,20.25
C507652,17611,2010-05-10,79323P,13.5
C507653,17610,2010-05-10,79323B,6.75
C507653,17610,2010-05-10,79323LP,13.5
C507653,17610,2010-05-10,79323P,13.5
C507655,16286,2010-05-10,21452,5.9
C507656,15144,2010-05-10,79323W,70.85
C507658,14182,2010-05-10,21463,5.95
C507662,13974,2010-05-10,22220,9.95
C507702,13974,2010-05-11,22357,4.25
C507725,14389,2010-05-11,21930,1.95
C507725,14389,2010-05-11,85099B,1.95
C507795,14530,2010-05-11,79323LP,20.25
C507795,14530,2010-05-11,79323W,27.0
C507892,13267,2010-05-11,47566,4.65
C507919,16108,2010-05-12,71459,0.85
C507919,16108,2010-05-12,22464,3.3
C507963,13117,2010-05-12,71459,1.7
C508057,13979,2010-05-12,79323S,27.0
C508057,13979,2010-05-12,79323LP,27.0
C508076,17092,2010-05-12,79323W,27.0
C508143,13021,2010-05-13,79323W,20.25
C508144,14714,2010-05-13,22067,1.65
C508146,16550,2010-05-13,79323W,76.3
C508186,17511,2010-05-13,21217,8.95
C508186,17511,2010-05-13,22356,0.72
C508186,17511,2010-05-13,22467,6.3
C508186,17511,2010-05-13,22138,4.25
C508186,17511,2010-05-13,21239,0.72
C508186,17511,2010-05-13,37330,1.65
C508186,17511,2010-05-13,21232,1.06
C508186,17511,2010-05-13,21928,1.65
C508186,17511,2010-05-13,22385,1.65
C508186,17511,2010-05-13,22382,1.45
C508186,17511,2010-05-13,22423,10.95
C508186,17511,2010-05-13,84755,0.55
C508186,17511,2010-05-13,20728,1.45
C508186,17511,2010-05-13,22303,2.1
C508186,17511,2010-05-13,85065,9.95
C508216,13735,2010-05-13,22138,34.65
C508216,13735,2010-05-13,22423,12.75
C508227,15805,2010-05-13,35004C,5.45
C508227,15805,2010-05-13,22191,8.5
C508227,15805,2010-05-13,79323W,6.75
C508231,16092,2010-05-13,85227,4.25
C508233,15664,2010-05-13,21713,4.2
C508238,14493,2010-05-13,22423,38.25
C508239,16092,2010-05-13,22139,29.7
C508243,13856,2010-05-13,22423,25.5
C508243,13856,2010-05-13,21527,15.9
C508243,13856,2010-05-13,21535,2.55
C508242,13842,2010-05-13,22169,15.3
C508242,13842,2010-05-13,22361,5.9
C508242,13842,2010-05-13,82607A,3.75
C508244,12997,2010-05-13,21232,1.25
C508246,16118,2010-05-14,22061,9.95
C508250,15218,2010-05-14,22178,3.75
C508250,15218,2010-05-14,75049L,5.1
C508275,13711,2010-05-14,22325,9.9
C508293,14110,2010-05-14,22553,14.85
C508302,17612,2010-05-14,21068,2.5
C508307,13178,2010-05-14,47505,4.95
C508307,13178,2010-05-14,21750,2.1
C508307,13178,2010-05-14,84678,15.3
C508326,12839,2010-05-14,22197,1.7
C508326,12839,2010-05-14,22198,4.95
C508325,12481,2010-05-14,84692,21.0
C508340,12621,2010-05-14,84899E,1.25
C508340,12621,2010-05-14,22423,12.75
C508340,12621,2010-05-14,22303,7.65
C508343,14195,2010-05-14,75049L,58.65
C508347,13576,2010-05-14,35967,0.38
C508354,18260,2010-05-14,22423,76.65
C508358,12523,2010-05-14,22488,4.95
C508358,12523,2010-05-14,22364,5.9
C508365,13830,2010-05-14,21754,5.95
C508367,12472,2010-05-14,22245,0.85
C508367,12472,2010-05-14,22242,1.65
C508367,12472,2010-05-14,22243,13.2
C508367,12472,2010-05-14,22467,10.2
C508368,16145,2010-05-14,21068,1.25
C508370,13400,2010-05-14,21363,9.9
C508368,16145,2010-05-14,22508,3.75
C508368,16145,2010-05-14,84625C,8.85
C508371,17069,2010-05-14,71459,10.2
C508372,15260,2010-05-14,84688,4.95
C508373,17552,2010-05-14,20727,7.25
C508373,17552,2010-05-14,20783,4.65
C508375,13510,2010-05-14,21535,5.1
C508375,13510,2010-05-14,22464,3.3
C508375,13510,2010-05-14,21534,4.95
C508375,13510,2010-05-14,20724,1.7
C508375,13510,2010-05-14,21232,1.25
C508377,13183,2010-05-14,75049L,8.75
C508376,14156,2010-05-14,22198,4.95
C508376,14156,2010-05-14,37449,8.5
C508385,16124,2010-05-14,21868,1.25
C508386,14831,2010-05-14,22195,1.65
C508386,14831,2010-05-14,21527,7.95
C508386,14831,2010-05-14,21531,2.55
C508387,17677,2010-05-14,22467,7.65
C508388,13093,2010-05-14,22383,29.0
C508391,13317,2010-05-14,85042,25.5
C508392,13050,2010-05-14,79323LP,33.75
C508394,14175,2010-05-14,21462,6.75
C508394,14175,2010-05-14,22283,7.95
C508394,14175,2010-05-14,21463,5.95
C508394,14175,2010-05-14,21174,1.95
C508399,17511,2010-05-14,79341,43.6
C508399,17511,2010-05-14,79323W,27.25
C508399,17511,2010-05-14,79323P,185.3
C508400,16067,2010-05-14,79323GR,10.9
C508400,16067,2010-05-14,79323P,54.5
C508400,16067,2010-05-14,79323LP,49.05
C508400,16067,2010-05-14,79323W,54.5
C508404,13162,2010-05-14,79323W,103.55
C508410,15485,2010-05-14,79323W,27.0
C508410,15485,2010-05-14,79323P,27.0
C508410,15485,2010-05-14,79323G,46.5
C508410,15485,2010-05-14,79323B,46.5
C508411,16166,2010-05-14,79323P,33.75
C508414,13081,2010-05-14,79323W,47.25
C508414,13081,2010-05-14,79323P,13.5
C508421,13799,2010-05-14,79341,152.6
C508421,13799,2010-05-14,79323W,148.5
C508421,13799,2010-05-14,79323B,9.3
C508421,13799,2010-05-14,79323P,174.4
C508432,16166,2010-05-14,79323GR,23.8
C508432,16166,2010-05-14,79323G,23.8
C508450,14051,2010-05-14,79323W,54.5
C508450,14051,2010-05-14,79323LP,81.75
C508450,14051,2010-05-14,79323W,47.25
C508452,13799,2010-05-14,79323W,119.9
C508454,13078,2010-05-14,79323W,76.3
C508455,16077,2010-05-14,79341,1700.4
C508456,14896,2010-05-14,79341,13.5
C508456,14896,2010-05-14,79323B,20.25
C508456,14896,2010-05-14,79323S,20.25
C508456,14896,2010-05-14,79323G,6.75
C508456,14896,2010-05-14,79323P,13.5
C508458,15270,2010-05-14,79323P,277.95
C508458,15270,2010-05-14,79323W,277.95
C508459,12989,2010-05-14,79323P,70.85
C508459,12989,2010-05-14,79323W,267.05
C508459,12989,2010-05-14,79323G,49.05
C508476,14970,2010-05-16,79323P,5.45
C508476,14970,2010-05-16,79323G,136.25
C508478,17582,2010-05-16,37449,17.0
C508499,13798,2010-05-16,20725,1.45
C508499,13798,2010-05-16,82583,11.83
C508499,13798,2010-05-16,37450,5.1
C508499,13798,2010-05-16,37446,7.5
C508499,13798,2010-05-16,35924,11.83
C508499,13798,2010-05-16,84991,0.42
C508499,13798,2010-05-16,21181,3.7
C508499,13798,2010-05-16,21175,1.85
C508499,13798,2010-05-16,85152,1.69
C508499,13798,2010-05-16,20724,2.16
C508499,13798,2010-05-16,37449,59.5
C508499,13798,2010-05-16,21936,12.75
C508499,13798,2010-05-16,21232,3.18
C508499,13798,2010-05-16,21231,7.42
C508499,13798,2010-05-16,37503,9.95
C508499,13798,2010-05-16,20914,10.2
C508499,13798,2010-05-16,21843,29.85
C508499,13798,2010-05-16,20676,1.06
C508499,13798,2010-05-16,22064,2.9
C508499,13798,2010-05-16,85099B,3.3
C508584,13148,2010-05-17,21333,5.9
C508591,17389,2010-05-17,21735,10.95
C508609,13831,2010-05-17,22409,1.25
C508609,13831,2010-05-17,21429,1.65
C508613,16094,2010-05-17,84279B,7.5
C508617,16918,2010-05-17,22409,1.25
C508617,16918,2010-05-17,21429,1.65
C508633,13585,2010-05-17,84077,10.08
C508634,13450,2010-05-17,22409,2.5
C508639,14655,2010-05-17,85099F,5.85
C508639,14655,2010-05-17,85099B,4.95
C508639,14655,2010-05-17,21928,7.8
C508659,13425,2010-05-17,22138,9.9
C508677,15805,2010-05-17,79323W,33.75
C508677,15805,2010-05-17,79323P,33.75
C508677,15805,2010-05-17,79323B,44.55
C508677,15805,2010-05-17,79323LP,33.75
C508677,15805,2010-05-17,79341,33.75
C508677,15805,2010-05-17,79323G,40.5
C508677,15805,2010-05-17,79323S,33.75
C508677,15805,2010-05-17,79323GR,20.25
C508681,18064,2010-05-17,22423,10.95
C508684,13668,2010-05-17,79323B,27.0
C508684,13668,2010-05-17,79323P,13.5
C508687,17677,2010-05-17,79323W,119.9
C508695,13327,2010-05-17,79323P,47.25
C508695,13327,2010-05-17,79323B,27.0
C508698,13905,2010-05-17,79341,32.7
C508707,14430,2010-05-17,79323LP,40.5
C508707,14430,2010-05-17,79323W,67.5
C508707,14430,2010-05-17,79323P,81.0
C508724,15125,2010-05-18,79323LP,152.6
C508724,15125,2010-05-18,79323P,23.25
C508725,13000,2010-05-18,79341,13.5
C508725,13000,2010-05-18,79323W,27.0
C508726,15527,2010-05-18,79323W,130.8
C508727,17617,2010-05-18,79323LP,103.55
C508727,17617,2010-05-18,79323W,54.5
C508729,16719,2010-05-18,79323W,108.0
C508737,12600,2010-05-18,20679,5.95
C508738,18223,2010-05-18,79323W,38.15
C508738,18223,2010-05-18,79323LP,27.0
C508737,12600,2010-05-18,22624,8.5
C508737,12600,2010-05-18,22180,9.95
C508738,18223,2010-05-18,79323B,6.75
C508740,17338,2010-05-18,79323P,40.5
C508740,17338,2010-05-18,79323W,33.75
C508741,14680,2010-05-18,21733,5.1
C508741,14680,2010-05-18,20725,18.85
C508741,14680,2010-05-18,21212,0.42
C508741,14680,2010-05-18,85123A,12.75
C508746,14745,2010-05-18,21794,6.75
C508749,13078,2010-05-18,21071,2.5
C508754,15422,2010-05-18,21216,4.95
C508761,15194,2010-05-18,79323LP,27.25
C508761,15194,2010-05-18,79323P,32.7
C508761,15194,2010-05-18,79323W,43.6
C508762,15391,2010-05-18,21528,6.95
C508764,14916,2010-05-18,21735,12.75
C508764,14916,2010-05-18,22423,98.55
C508846,16067,2010-05-18,79323P,65.4
C508846,16067,2010-05-18,79323LP,59.95
C508846,16067,2010-05-18,79323W,59.95
C508853,13097,2010-05-18,22423,12.75
C508911,14911,2010-05-19,22170,40.5
C508922,14667,2010-05-19,79323P,67.5
C508922,14667,2010-05-19,79323LP,27.0
C508922,14667,2010-05-19,79323B,27.0
C508926,16167,2010-05-19,79342B,6.75
C508926,16167,2010-05-19,79323LP,33.75
C508926,16167,2010-05-19,79323W,87.75
C508926,16167,2010-05-19,79323B,6.75
C508926,16167,2010-05-19,79323G,13.5
C508926,16167,2010-05-19,79323S,33.75
C508927,12471,2010-05-19,22423,10.95
C508928,13164,2010-05-19,21627,63.75
C508935,12494,2010-05-19,21232,6.25
C508935,12494,2010-05-19,22363,8.85
C509036,15614,2010-05-20,84795D,6.95
C509045,13835,2010-05-20,79323W,40.5
C509045,13835,2010-05-20,22220,9.95
C509048,12471,2010-05-20,20914,2.95
C509048,12471,2010-05-20,22494,1.25
C509138,13089,2010-05-20,22456,9.9
C509140,13089,2010-05-20,85121B,17.0
C509149,15005,2010-05-20,22467,2.55
C509149,15005,2010-05-20,21232,1.25
C509149,15005,2010-05-20,84997D,3.75
C509171,14112,2010-05-20,22138,9.9
C509172,12820,2010-05-20,79164,3.3
C509176,13092,2010-05-20,20702,8.5
C509176,13092,2010-05-20,47505,9.9
C509176,13092,2010-05-20,84676,5.9
C509177,13632,2010-05-20,22138,4.95
C509177,13632,2010-05-20,21411,4.25
C509190,17663,2010-05-20,21658,3.95
C509218,17678,2010-05-21,21474,19.95
C509272,12675,2010-05-21,21843,10.95
C509275,14292,2010-05-21,22138,9.9
C509281,18258,2010-05-21,21889,3.75
C509287,17436,2010-05-21,22305,2.55
C509287,17436,2010-05-21,22304,2.55
C509292,14854,2010-05-21,84945,0.85
C509292,14854,2010-05-21,22611,4.95
C509293,15622,2010-05-21,21539,9.9
C509297,14047,2010-05-21,20692,4.25
C509341,13162,2010-05-21,21714,11.7
C509343,13576,2010-05-21,84989A,0.42
C509343,13576,2010-05-21,85232A,4.95
C509343,13576,2010-05-21,22064,1.65
C509343,13576,2010-05-21,84685,1.25
C509343,13576,2010-05-21,84687,1.95
C509344,13093,2010-05-21,22465,1.65
C509344,13093,2010-05-21,21155,6.3
C509344,13093,2010-05-21,20914,2.95
C509345,12921,2010-05-21,21792,6.75
C509346,14893,2010-05-21,21279,2.55
C509376,13555,2010-05-21,22363,2.95
C509376,13555,2010-05-21,20747,25.5
C509380,17677,2010-05-21,79323W,119.9
C509382,13555,2010-05-21,21314,7.4
C509382,13555,2010-05-21,22220,9.95
C509391,17769,2010-05-23,21889,1.25
C509391,17769,2010-05-23,22300,2.55
C509391,17769,2010-05-23,20725,1.65
C509391,17769,2010-05-23,22534,7.14
C509414,17920,2010-05-23,22467,2.55
C509436,15555,2010-05-23,84247N,32.45
C509539,16607,2010-05-24,22357,12.75
C509570,17115,2010-05-24,79323B,81.0
C509583,17746,2010-05-24,21749,3.7
C509613,17716,2010-05-25,22508,3.75
C509619,18172,2010-05-25,22634,9.95
C509620,13004,2010-05-25,82483,11.9
C509622,13295,2010-05-25,85040B,1.65
C509622,13295,2010-05-25,85040A,1.65
C509622,13295,2010-05-25,22178,8.75
C509624,16303,2010-05-25,22634,9.95
C509624,16303,2010-05-25,22635,39.8
C509632,13768,2010-05-25,21843,10.95
C509633,18064,2010-05-25,21155,2.1
C509642,14745,2010-05-25,21924,7.95
C509642,14745,2010-05-25,84795C,7.95
C509650,17841,2010-05-25,21156,1.95
C509650,17841,2010-05-25,22355,0.72
C509651,14745,2010-05-25,21714,2.5
C509691,14680,2010-05-25,20712,1.95
C509691,14680,2010-05-25,20726,1.65
C509691,14680,2010-05-25,20725,1.45
C509770,13048,2010-05-25,22386,3.9
C509771,15183,2010-05-25,22644,2.9
C509862,13405,2010-05-26,21897,8.85
C509863,16075,2010-05-26,22061,9.95
C509864,12921,2010-05-26,21155,4.2
C509866,17230,2010-05-26,22236,25.5
C509866,17230,2010-05-26,85047,19.05
C509872,14025,2010-05-26,21765,58.8
C509917,13082,2010-05-26,21875,8.48
C509946,16176,2010-05-26,79323W,13.5
C509946,16176,2010-05-26,79323P,20.25
C509950,17511,2010-05-26,22276,2.1
C509950,17511,2010-05-26,79320,4.25
C509950,17511,2010-05-26,85099B,1.65
C509950,17511,2010-05-26,20725,1.45
C509950,17511,2010-05-26,21232,1.06
C509950,17511,2010-05-26,71459,0.72
C509963,13684,2010-05-26,44230,6.36
C509964,12632,2010-05-26,21542,10.2
C509978,14649,2010-05-26,90200C,4.25
C510036,13485,2010-05-26,22361,5.9
C510065,15311,2010-05-27,40003,2.85
C510065,15311,2010-05-27,20724,0.72
C510065,15311,2010-05-27,84600,6.95
C510133,14648,2010-05-27,22470,5.9
C510133,14648,2010-05-27,22637,5.1
C510185,12854,2010-05-27,22149,2.1
C510201,16717,2010-05-28,79323W,67.5
C510202,16940,2010-05-28,79341,40.5
C510202,16940,2010-05-28,79323W,40.5
C510202,16940,2010-05-28,79323B,40.5
C510203,15341,2010-05-28,79000,1.7
C510205,18163,2010-05-28,21843,10.95
C510205,18163,2010-05-28,22323,17.55
C510205,18163,2010-05-28,22324,15.6
C510206,13711,2010-05-28,79323W,33.75
C510206,13711,2010-05-28,79323B,13.5
C510208,14113,2010-05-28,79323W,103.55
C510210,13408,2010-05-28,79323W,65.4
C510212,17426,2010-05-28,79341,54.5
C510212,17426,2010-05-28,79323S,109.0
C510212,17426,2010-05-28,79323G,27.25
C510212,17426,2010-05-28,79323W,65.4
C510212,17426,2010-05-28,79323P,49.05
C510212,17426,2010-05-28,79323GR,38.15
C510212,17426,2010-05-28,79341,43.6
C510212,17426,2010-05-28,79323LP,27.25
C510212,17426,2010-05-28,79323B,5.45
C510213,16485,2010-05-28,79323B,27.0
C510213,16485,2010-05-28,79323GR,13.5
C510213,16485,2010-05-28,79323P,33.75
C510213,16485,2010-05-28,79323W,20.25
C510214,15061,2010-05-28,21843,597.0
C510215,15270,2010-05-28,79323P,174.4
C510216,16131,2010-05-28,79323W,43.6
C510217,17049,2010-05-28,79323B,27.0
C510217,17049,2010-05-28,79323S,20.25
C510217,17049,2010-05-28,79323LP,33.75
C510217,17049,2010-05-28,79323G,27.0
C510217,17049,2010-05-28,79323W,27.0
C510217,17049,2010-05-28,79323LP,13.5
C510217,17049,2010-05-28,79341,27.0
C510219,17677,2010-05-28,22637,5.1
C510219,17677,2010-05-28,22623,4.95
C510220,14894,2010-05-28,79323LP,67.5
C510220,14894,2010-05-28,79323W,6.75
C510223,13591,2010-05-28,22236,12.75
C510224,17169,2010-05-28,21656,2.9
C510224,17169,2010-05-28,22467,2.55
C510224,17169,2010-05-28,22464,1.65
C510224,17169,2010-05-28,22196,0.85
C510226,17850,2010-05-28,79323B,81.0
C510226,17850,2010-05-28,79323S,81.0
C510226,17850,2010-05-28,79323W,81.0
C510226,17850,2010-05-28,79341,6.75
C510226,17850,2010-05-28,79323G,81.0
C510229,14895,2010-05-28,85063,44.85
C510229,14895,2010-05-28,22169,45.9
C510231,16701,2010-05-28,35004C,5.45
C510231,16701,2010-05-28,21539,14.85
C510234,14291,2010-05-28,22634,9.95
C510236,13418,2010-05-28,22635,9.95
C510236,13418,2010-05-28,22636,25.5
C510237,13047,2010-05-28,84969,4.25
C510242,13929,2010-05-28,21340,59.7
C510247,17442,2010-05-28,22428,27.8
C510247,17442,2010-05-28,22429,4.25
C510248,16571,2010-05-28,22151,0.42
C510248,16571,2010-05-28,22441,12.6
C510253,16556,2010-05-28,21658,11.85
C510293,15838,2010-05-28,21843,9.95
C510362,14031,2010-05-28,22607,61.2
C510415,14546,2010-05-30,20931,3.75
C510415,14546,2010-05-30,22297,1.25
C510415,14546,2010-05-30,79323W,6.75
C510418,14546,2010-05-30,20728,37.95
C510437,15916,2010-05-30,79323B,13.5
C510437,15916,2010-05-30,79323S,13.5
C510437,15916,2010-05-30,79323LP,13.5
C510437,15916,2010-05-30,79323P,13.5
C510448,13020,2010-06-01,21318,6.6
C510489,12709,2010-06-01,21658,3.39
C510489,12709,2010-06-01,22423,10.95
C510489,12709,2010-06-01,20979,2.5
C510489,12709,2010-06-01,22343,20.4
C510489,12709,2010-06-01,21843,9.95
C510489,12709,2010-06-01,20675,1.25
C510489,12709,2010-06-01,85232B,4.25
C510515,14680,2010-06-01,37446,1.25
C510515,14680,2010-06-01,20712,3.9
C510515,14680,2010-06-01,20725,1.45
C510515,14680,2010-06-01,47566B,4.65
C510609,15249,2010-06-02,79341,20.25
C510609,15249,2010-06-02,79323P,13.5
C510677,13777,2010-06-02,79301,2.55
C510677,13777,2010-06-02,35004C,4.65
C510732,14606,2010-06-03,79323P,6.75
C510736,12656,2010-06-03,84279P,3.75
C510756,15950,2010-06-03,51008,141.45
C510787,15867,2010-06-03,22467,2.55
C510787,15867,2010-06-03,20802,1.65
C510791,12835,2010-06-03,22378,2.1
C510803,13266,2010-06-03,15060B,3.75
C510803,13266,2010-06-03,22551,3.3
C510804,16702,2010-06-03,22634,9.95
C510807,13175,2010-06-03,22198,1.65
C510808,16218,2010-06-03,21843,10.95
C510808,16218,2010-06-03,84682,5.9
C510808,16218,2010-06-03,84683,1.25
C510809,18223,2010-06-03,22355,0.85
C510809,18223,2010-06-03,22041,10.2
C510809,18223,2010-06-03,21876,1.25
C510809,18223,2010-06-03,22197,4.25
C510809,18223,2010-06-03,22198,1.65
C510810,13802,2010-06-03,22649,4.95
C510811,16353,2010-06-03,21833,3.38
C510812,16422,2010-06-03,47590A,4.65
C510813,14930,2010-06-03,84816,39.95
C510813,14930,2010-06-03,84823,39.95
C510813,14930,2010-06-03,84824,15.95
C510815,17448,2010-06-03,22360,14.75
C510815,17448,2010-06-03,22359,5.9
C510815,17448,2010-06-03,22364,2.95
C510815,17448,2010-06-03,22361,11.8
C510817,17412,2010-06-03,21936,2.95
C510818,15251,2010-06-03,22501,8.5
C510820,15807,2010-06-03,79072,9.95
C510821,17340,2010-06-03,22178,7.5
C510822,15805,2010-06-03,79323W,21.8
C510823,13020,2010-06-03,21532,2.1
C510825,14210,2010-06-03,21875,2.5
C510825,14210,2010-06-03,21217,9.95
C510826,15805,2010-06-03,79320,4.95
C510826,15805,2010-06-03,21071,3.75
C510828,12982,2010-06-03,84927F,2.1
C510828,12982,2010-06-03,22646,2.9
C510828,12982,2010-06-03,21891,2.5
C510828,12982,2010-06-03,22072,3.75
C510829,13694,2010-06-03,21469,60.0
C510830,13381,2010-06-03,22168,7.65
C510830,13381,2010-06-03,20914,2.95
C510831,15785,2010-06-03,84755,1.95
C510831,15785,2010-06-03,71459,3.6
C510832,17581,2010-06-03,22233,4.95
C510832,17581,2010-06-03,20727,1.65
C510832,17581,2010-06-03,22138,4.95
C510832,17581,2010-06-03,22379,2.1
C510832,17581,2010-06-03,20682,3.25
C510832,17581,2010-06-03,22617,4.95
C510832,17581,2010-06-03,22259,3.75
C510832,17581,2010-06-03,21928,1.95
C510833,13078,2010-06-03,22349,13.56
C510834,13093,2010-06-03,20725,1.65
C510834,13093,2010-06-03,22494,2.5
C510835,13883,2010-06-03,21749,2.1
C510837,13408,2010-06-03,22364,15.3
C510867,12809,2010-06-04,21527,7.95
C510867,12809,2010-06-04,21533,4.95
C510867,12809,2010-06-04,21537,4.25
C510867,12809,2010-06-04,21039,5.1
C510878,12424,2010-06-04,22220,25.5
C511015,14113,2010-06-04,79323B,5.45
C511024,16242,2010-06-06,85099F,1.95
C511024,16242,2010-06-06,21175,2.1
C511049,12748,2010-06-06,22485,12.75
C511088,14667,2010-06-06,85040A,8.25
C511108,16875,2010-06-07,22645,4.35
C511254,15640,2010-06-07,85099B,1.65
C511254,15640,2010-06-07,21928,1.95
C511254,15640,2010-06-07,20724,0.85
C511254,15640,2010-06-07,22138,4.95
C511275,12471,2010-06-07,22467,2.55
C511293,17588,2010-06-07,79323P,5.45
C511293,17588,2010-06-07,21463,5.95
C511293,17588,2010-06-07,71477,13.75
C511312,13995,2010-06-07,21868,2.5
C511312,13995,2010-06-07,20794,12.75
C511312,13995,2010-06-07,71459,4.25
C511333,17677,2010-06-08,79323B,148.5
C511443,15101,2010-06-08,22424,12.75
C511443,15101,2010-06-08,79191B,10.2
C511444,16791,2010-06-08,21535,2.55
C511464,15311,2010-06-08,82494L,5.1
C511464,15311,2010-06-08,37447,1.25
C511485,17801,2010-06-08,51014A,2.55
C511502,13109,2010-06-08,22179,6.75
C511518,13503,2010-06-08,22466,5.85
C511518,13503,2010-06-08,15056N,5.95
C511518,13503,2010-06-08,20703,8.5
C511519,17962,2010-06-08,22465,1.65
C511526,18214,2010-06-08,22384,142.1
C511526,18214,2010-06-08,20725,143.55
C511526,18214,2010-06-08,71053,3.75
C511609,13983,2010-06-09,22524,2.5
C511609,13983,2010-06-09,22525,2.5
C511617,15527,2010-06-09,85126,6.75
C511629,16401,2010-06-09,22198,4.95
C511644,14194,2010-06-09,21714,12.5
C511645,13503,2010-06-09,20703,8.5
C511645,13503,2010-06-09,22469,4.95
C511645,13503,2010-06-09,15056N,5.95
C511646,15260,2010-06-09,22221,19.9
C511648,13650,2010-06-09,21891,15.0
C511648,13650,2010-06-09,22621,17.4
C511648,13650,2010-06-09,22138,14.85
C511649,14543,2010-06-09,85048,7.95
C511649,14543,2010-06-09,21768,12.75
C511649,14543,2010-06-09,21559,2.55
C511649,14543,2010-06-09,21538,3.75
C511649,14543,2010-06-09,21534,4.95
C511649,14543,2010-06-09,21781,140.25
C511649,14543,2010-06-09,20892,38.25
C511649,14543,2010-06-09,21765,7.95
C511653,16258,2010-06-09,79323W,109.0
C511671,14099,2010-06-09,79323B,6.75
C511671,14099,2010-06-09,79323P,27.0
C511674,17411,2010-06-09,79323P,6.75
C511674,17411,2010-06-09,79323GR,20.25
C511674,17411,2010-06-09,79341,13.5
C511676,17091,2010-06-09,21928,1.95
C511686,15696,2010-06-09,82484,6.45
C511688,13020,2010-06-09,21318,3.3
C511707,16232,2010-06-10,21232,10.0
C511739,12682,2010-06-10,22635,29.85
C511739,12682,2010-06-10,22636,8.5
C511739,12682,2010-06-10,22634,49.75
C511764,14329,2010-06-10,20686,6.5
C511784,17597,2010-06-10,21746,1.25
C511788,18168,2010-06-10,22064,3.3
C511788,18168,2010-06-10,21232,1.25
C511788,18168,2010-06-10,22055,1.65
C511800,13408,2010-06-10,22605,10.95
C511804,14113,2010-06-10,22073,3.75
C511804,14113,2010-06-10,21232,3.75
C511807,17850,2010-06-10,79323P,196.2
C511807,17850,2010-06-10,79323LP,109.0
C511806,15311,2010-06-10,21313,3.84
C511811,13901,2010-06-10,22429,8.5
C511812,16839,2010-06-10,85065,49.75
C511813,17706,2010-06-10,79323S,195.75
C511813,17706,2010-06-10,79323W,94.5
C511813,17706,2010-06-10,79323G,94.5
C511813,17706,2010-06-10,79323GR,87.75
C511813,17706,2010-06-10,79323LP,40.5
C511813,17706,2010-06-10,79323B,20.25
C511813,17706,2010-06-10,79341,108.0
C511814,13694,2010-06-10,79323LP,119.9
C511814,13694,2010-06-10,79323P,332.45
C511814,13694,2010-06-10,79323GR,70.85
C511814,13694,2010-06-10,79323W,158.05
C511815,16104,2010-06-10,79323G,27.0
C511815,16104,2010-06-10,79323S,33.75
C511815,16104,2010-06-10,79323W,33.75
C511819,14168,2010-06-10,22138,24.75
C511820,15260,2010-06-10,22501,9.95
C511820,15260,2010-06-10,21535,10.2
C511821,13338,2010-06-10,22138,4.95
C511821,13338,2010-06-10,21474,19.95
C511822,15633,2010-06-10,21533,38.25
C511823,12525,2010-06-10,21718,1.25
C511823,12525,2010-06-10,22519,2.1
C511823,12525,2010-06-10,22180,9.95
C511824,13767,2010-06-10,85042,19.8
C511827,15670,2010-06-10,21714,10.0
C511829,18226,2010-06-10,15058C,7.9
C511831,16652,2010-06-10,22423,10.95
C511833,16210,2010-06-10,79341,43.6
C511833,16210,2010-06-10,79323W,109.0
C511834,13313,2010-06-10,22646,4.35
C511835,14316,2010-06-10,85060,15.0
C511838,15696,2010-06-10,21623,9.95
C511842,13699,2010-06-10,22358,2.95
C511842,13699,2010-06-10,21781,29.9
C512052,13736,2010-06-13,22072,3.75
C512052,13736,2010-06-13,22215,8.5
C512052,13736,2010-06-13,82613B,1.25
C512052,13736,2010-06-13,71038,5.45
C512054,14451,2010-06-13,20727,1.65
C512085,17920,2010-06-13,20727,1.45
C512085,17920,2010-06-13,21558,2.55
C512099,17231,2010-06-13,84789,3.75
C512099,17231,2010-06-13,22224,2.95
C512100,17841,2010-06-13,84388,1.65
C512100,17841,2010-06-13,72800B,5.1
C512129,14902,2010-06-14,22483,8.85
C512129,14902,2010-06-14,21924,7.95
C512252,18020,2010-06-14,22300,30.6
C512263,12982,2010-06-14,22072,11.25
C512265,17677,2010-06-14,20914,2.55
C512265,17677,2010-06-14,84676,2.95
C512266,17675,2010-06-14,71477,19.25
C512267,13112,2010-06-14,21790,1.44
C512267,13112,2010-06-14,21713,16.65
C512272,15031,2010-06-14,21877,2.5
C512272,15031,2010-06-14,84030E,21.25
C512272,15031,2010-06-14,22145,8.4
C512272,15031,2010-06-14,22144,4.2
C512272,15031,2010-06-14,22464,1.65
C512272,15031,2010-06-14,37446,1.45
C512272,15031,2010-06-14,21216,4.95
C512272,15031,2010-06-14,22198,3.3
C512272,15031,2010-06-14,84288B,3.9
C512272,15031,2010-06-14,21906,13.5
C512272,15031,2010-06-14,21611,8.85
C512272,15031,2010-06-14,21614,14.75
C512272,15031,2010-06-14,22114,11.85
C512272,15031,2010-06-14,21164,20.65
C512272,15031,2010-06-14,22142,5.8
C512272,15031,2010-06-14,84378,5.0
C512272,15031,2010-06-14,20767,2.55
C512272,15031,2010-06-14,21217,9.95
C512272,15031,2010-06-14,84249D,5.04
C512272,15031,2010-06-14,22037,5.04
C512272,15031,2010-06-14,22027,5.04
C512272,15031,2010-06-14,21509,5.04
C512272,15031,2010-06-14,22028,5.04
C512272,15031,2010-06-14,84247L,5.04
C512272,15031,2010-06-14,84992,1.65
C512272,15031,2010-06-14,22197,0.85
C512272,15031,2010-06-14,20758,0.85
C512272,15031,2010-06-14,85040A,9.9
C512272,15031,2010-06-14,21912,3.75
C512272,15031,2010-06-14,21670,3.75
C512272,15031,2010-06-14,22035,0.42
C512272,15031,2010-06-14,85035C,12.75
C512274,14615,2010-06-14,21313,0.85
C512274,14615,2010-06-14,22341,1.65
C512278,17612,2010-06-14,22605,10.95
C512299,13319,2010-06-14,22275,8.5
C512300,14105,2010-06-14,79323W,47.25
C512300,14105,2010-06-14,79323LP,47.25
C512300,14105,2010-06-14,79323P,67.5
C512300,14105,2010-06-14,15036,2.6
C512300,14105,2010-06-14,21755,17.85
C512300,14105,2010-06-14,79323B,6.75
C512300,14105,2010-06-14,79323G,67.5
C512311,16359,2010-06-14,22428,27.8
C512315,17146,2010-06-15,22178,7.5
C512315,17146,2010-06-15,82583,4.2
C512317,16133,2010-06-15,22424,12.75
C512317,16133,2010-06-15,22426,3.75
C512317,16133,2010-06-15,85068,6.95
C512317,16133,2010-06-15,21891,6.25
C512323,14911,2010-06-15,22170,6.75
C512324,15980,2010-06-15,21172,17.4
C512325,15812,2010-06-15,22129,15.3
C512326,16001,2010-06-15,22190,2.1
C512326,16001,2010-06-15,84945,4.25
C512326,16001,2010-06-15,21232,8.75
C512326,16001,2010-06-15,21728,12.75
C512326,16001,2010-06-15,21231,2.5
C512326,16001,2010-06-15,22335,3.25
C512326,16001,2010-06-15,35400,15.9
C512326,16001,2010-06-15,21733,2.95
C512326,16001,2010-06-15,85123A,10.2
C512326,16001,2010-06-15,35957,1.68
C512424,16622,2010-06-15,22617,9.9
C512424,16622,2010-06-15,22138,9.9
C512465,16625,2010-06-16,85123A,2.95
C512515,16550,2010-06-16,22617,4.95
C512515,16550,2010-06-16,20914,2.95
C512524,16037,2010-06-16,22618,9.95
C512526,14210,2010-06-16,21528,6.95
C512529,15207,2010-06-16,22097,6.25
C512530,13078,2010-06-16,85124C,12.75
C512531,13745,2010-06-16,71459,2.55
C512543,15005,2010-06-16,21160,1.45
C512543,15005,2010-06-16,84691,0.85
C512543,15005,2010-06-16,21231,1.25
C512592,16347,2010-06-16,21623,19.9
C512592,16347,2010-06-16,22456,4.95
C512600,17677,2010-06-16,84676,2.95
C512660,13446,2010-06-17,47594B,1.95
C512660,13446,2010-06-17,22170,6.75
C512756,13077,2010-06-17,18094C,1.25
C512756,13077,2010-06-17,85118,6.25
C512768,14290,2010-06-17,79341,43.6
C512768,14290,2010-06-17,79323W,109.0
C512769,14849,2010-06-17,71459,0.85
C512769,14849,2010-06-17,79000,0.85
C512773,13983,2010-06-17,20914,2.55
C512774,16037,2010-06-17,22618,9.95
C512775,18258,2010-06-17,37370,5.0
C512777,15432,2010-06-17,22423,12.75
C512778,15023,2010-06-17,22384,1.65
C512785,14505,2010-06-18,85061W,14.45
C512792,15141,2010-06-18,85175,1.26
C512792,15141,2010-06-18,21643,1.25
C512793,17017,2010-06-18,22636,8.5
C512793,17017,2010-06-18,71459,10.08
C512794,15447,2010-06-18,21922,7.95
C512796,16797,2010-06-18,85014B,5.95
C512796,16797,2010-06-18,82494L,2.95
C512913,16838,2010-06-18,79323B,27.0
C513100,13421,2010-06-21,21843,10.95
C513185,14646,2010-06-22,22634,8.5
C513185,14646,2010-06-22,22635,59.5
C513198,16191,2010-06-22,22464,1.65
C513317,17092,2010-06-23,22467,2.55
C513404,14911,2010-06-24,21527,7.95
C513404,14911,2010-06-24,72741,1.45
C513404,14911,2010-06-24,22220,9.95
C513406,15358,2010-06-24,22215,8.5
C513406,15358,2010-06-24,22618,9.95
C513406,15358,2010-06-24,22494,3.75
C513407,15381,2010-06-24,21188,2.95
C513408,13093,2010-06-24,71459,4.25
C513411,16191,2010-06-24,85063,59.8
C513412,16094,2010-06-24,21432,5.95
C513412,16094,2010-06-24,84946,2.5
C513430,16500,2010-06-24,21923,7.95
C513453,12412,2010-06-24,21563,5.9
C513459,15323,2010-06-24,22277,2.1
C513459,15323,2010-06-24,22618,19.9
C513462,15827,2010-06-24,22218,4.25
C513463,15719,2010-06-24,82484,6.45
C513464,15785,2010-06-24,22198,3.3
C513464,15785,2010-06-24,22197,0.85
C513465,16225,2010-06-24,21777,7.95
C513465,16225,2010-06-24,22618,9.95
C513466,14198,2010-06-24,84945,4.25
C513467,14315,2010-06-24,22139,4.95
C513479,12982,2010-06-24,21174,3.9
C513479,12982,2010-06-24,85150,5.1
C513479,12982,2010-06-24,82607A,1.25
C513479,12982,2010-06-24,22284,1.65
C513480,17071,2010-06-24,79323B,6.75
C513480,17071,2010-06-24,21232,2.5
C513483,13468,2010-06-24,22210,1.65
C513483,13468,2010-06-24,79323W,74.25
C513484,12949,2010-06-24,79323LP,40.5
C513485,14895,2010-06-24,79323W,92.65
C513486,18286,2010-06-24,79323G,27.0
C513486,18286,2010-06-24,79323S,27.0
C513486,18286,2010-06-24,79323B,54.0
C513489,15513,2010-06-24,79323LP,59.95
C513587,14970,2010-06-27,79323LP,163.5
C513587,14970,2010-06-27,79323P,87.2
C513587,14970,2010-06-27,79323W,158.05
C513587,14970,2010-06-27,79323GR,130.8
C513587,14970,2010-06-27,79323S,141.7
C513587,14970,2010-06-27,79323G,109.0
C513588,15580,2010-06-27,22523,1.7
C513588,15580,2010-06-27,22325,4.95
C513588,15580,2010-06-27,21718,1.25
C513595,15998,2010-06-27,79341,6.75
C513603,17618,2010-06-27,85159B,6.35
C513603,17618,2010-06-27,85160B,1.25
C513603,17618,2010-06-27,21231,1.25
C513645,14505,2010-06-27,22358,5.9
C513654,12621,2010-06-28,22423,12.75
C513745,13089,2010-06-28,79323W,13.5
C513745,13089,2010-06-28,79323P,33.75
C513746,12417,2010-06-28,22060,9.95
C513748,14646,2010-06-28,21432,54.5
C513749,12472,2010-06-28,21746,1.25
C513749,12472,2010-06-28,47591A,11.55
C513749,12472,2010-06-28,22326,2.95
C513749,12472,2010-06-28,22450,10.05
C513749,12472,2010-06-28,21671,1.25
C513749,12472,2010-06-28,21431,1.65
C513749,12472,2010-06-28,21535,2.55
C513749,12472,2010-06-28,22242,3.3
C513749,12472,2010-06-28,22212,4.2
C513749,12472,2010-06-28,22245,2.55
C513749,12472,2010-06-28,20723,0.85
C513749,12472,2010-06-28,20719,1.7
C513749,12472,2010-06-28,20724,0.85
C513749,12472,2010-06-28,22355,0.85
C513749,12472,2010-06-28,22077,6.6
C513749,12472,2010-06-28,22333,3.3
C513749,12472,2010-06-28,22244,7.8
C513765,16683,2010-06-28,35004C,10.9
C513866,16155,2010-06-29,22197,0.85
C513935,14040,2010-06-29,79323W,27.0
C513935,14040,2010-06-29,79323P,20.25
C513935,14040,2010-06-29,79323LP,47.25
C513935,14040,2010-06-29,20728,1.65
C513944,16858,2010-06-29,79323GR,20.25
C513944,16858,2010-06-29,79323P,6.75
C513944,16858,2010-06-29,79323W,20.25
C513947,17191,2010-06-29,22461,25.5
C513955,15544,2010-06-29,20982,0.85
C513957,15005,2010-06-29,21232,1.25
C513976,15248,2010-06-30,22341,3.3
C513976,15248,2010-06-30,71279,5.9
C513976,15248,2010-06-30,20702,4.25
C513976,15248,2010-06-30,84356,6.95
C513976,15248,2010-06-30,20703,8.5
C513978,13999,2010-06-30,22375,6.35
C513979,13097,2010-06-30,40018F,7.8
C513981,16467,2010-06-30,84327A,6.76
C513980,12746,2010-06-30,21845,11.8
C513982,13050,2010-06-30,85067,16.95
C513983,15432,2010-06-30,21462,6.75
C513985,18172,2010-06-30,82486,6.95
C513986,14623,2010-06-30,22303,5.1
C513988,14840,2010-06-30,22202,7.5
C513997,14329,2010-06-30,22470,2.95
C513997,14329,2010-06-30,79029,1.95
C513999,14211,2010-06-30,22386,5.85
C513999,14211,2010-06-30,22457,11.8
C514000,17696,2010-06-30,82551,2.5
C514000,17696,2010-06-30,37447,1.49
C514001,16401,2010-06-30,22197,1.7
C514003,16860,2010-06-30,85063,16.95
C514006,15255,2010-06-30,84689,11.9
C514007,13611,2010-06-30,21531,2.55
C514010,14738,2010-06-30,79323W,33.75
C514012,17115,2010-06-30,22061,9.95
C514014,15039,2010-06-30,15056N,4.95
C514020,16104,2010-06-30,79323B,27.0
C514020,16104,2010-06-30,79323G,27.0
C514020,16104,2010-06-30,79323LP,27.0
C514020,16104,2010-06-30,79323S,27.0
C514020,16104,2010-06-30,79323W,27.0
C514025,14732,2010-06-30,82483,5.95
C514031,14156,2010-06-30,22061,34.0
C514031,14156,2010-06-30,22646,5.8
C514052,13097,2010-06-30,35004C,4.65
C514052,13097,2010-06-30,79192A,10.0
C514060,14555,2010-06-30,85042,4.95
C514060,14555,2010-06-30,21647,4.2
C514094,14648,2010-06-30,22457,5.9
C514094,14648,2010-06-30,22469,4.95
C514094,14648,2010-06-30,22470,8.85
C514095,12770,2010-06-30,20686,2.75
C514095,12770,2010-06-30,20684,13.75
C514095,12770,2010-06-30,20681,5.5
C514095,12770,2010-06-30,20682,33.0
C514135,18061,2010-06-30,22636,8.5
C514139,17611,2010-06-30,79323W,87.75
C514143,13015,2010-06-30,22360,2.95
C514143,13015,2010-06-30,22361,2.95
C514143,13015,2010-06-30,22402,2.5
C514146,15639,2010-06-30,22064,6.6
C514146,15639,2010-06-30,22606,12.75
C514147,17692,2010-06-30,21844,5.9
C514148,15750,2010-06-30,22139,4.95
C514148,15750,2010-06-30,21381,1.69
C514149,14256,2010-06-30,22218,8.5
C514151,17588,2010-06-30,84461,12.75
C514153,17342,2010-06-30,79323W,13.5
C514154,13750,2010-06-30,85042,14.85
C514162,16283,2010-06-30,79323P,11.9
C514162,16283,2010-06-30,22355,0.85
C514162,16283,2010-06-30,79323B,6.75
C514162,16283,2010-06-30,75049L,2.5
C514202,13662,2010-06-30,35004C,5.45
C514202,13662,2010-06-30,22363,8.85
C514202,13662,2010-06-30,22456,4.25
C514213,14835,2010-06-30,79029,3.9
C514215,13778,2010-06-30,85135A,7.95
C514216,17593,2010-06-30,21844,2.95
C514216,17593,2010-06-30,22073,3.75
C514216,17593,2010-06-30,22406,1.25
C514216,17593,2010-06-30,22059,2.98
C514216,17593,2010-06-30,22056,1.49
C514223,12431,2010-07-01,22468,27.0
C514229,15581,2010-07-01,85099B,19.5
C514229,15581,2010-07-01,15058C,15.9
C514273,14451,2010-07-01,22131,3.9
C514309,13503,2010-07-01,15056N,5.95
C514309,13503,2010-07-01,22466,5.85
C514309,13503,2010-07-01,20703,8.5
C514340,14527,2010-07-01,84926C,7.5
C514340,14527,2010-07-01,21535,2.55
C514340,14527,2010-07-01,21160,1.45
C514340,14527,2010-07-01,37509,2.55
C514340,14527,2010-07-01,21159,1.45
C514340,14527,2010-07-01,84510F,2.5
C514340,14527,2010-07-01,84510B,2.5
C514340,14527,2010-07-01,21158,1.45
C514340,14527,2010-07-01,21527,6.95
C514340,14527,2010-07-01,47559B,1.25
C514340,14527,2010-07-01,21175,2.1
C514340,14527,2010-07-01,37500,16.98
C514340,14527,2010-07-01,84406B,5.1
C514340,14527,2010-07-01,47568,2.1
C514340,14527,2010-07-01,21166,3.9
C514340,14527,2010-07-01,84596K,1.25
C514340,14527,2010-07-01,84596J,7.5
C514340,14527,2010-07-01,21889,1.25
C514341,17578,2010-07-01,22059,2.98
C514361,13969,2010-07-01,22427,5.95
C514382,12779,2010-07-02,22646,1.45
C514384,16923,2010-07-02,85123A,2.95
C514390,17841,2010-07-02,21427,2.1
C514392,16571,2010-07-02,22550,3.75
C514417,17578,2010-07-02,21232,3.75
C514417,17578,2010-07-02,22064,3.3
C514522,12529,2010-07-05,22558,1.25
C514522,12529,2010-07-05,21529,3.45
C514526,15430,2010-07-05,84997C,3.75
C514526,15430,2010-07-05,22551,1.65
C514526,15430,2010-07-05,21116,4.95
C514526,15430,2010-07-05,22520,0.85
C514535,13861,2010-07-05,21832,4.95
C514536,13152,2010-07-05,22634,9.95
C514538,16835,2010-07-05,79029,3.9
C514539,18217,2010-07-05,21232,14.84
C514539,18217,2010-07-05,22649,4.95
C514541,14217,2010-07-05,85068,7.95
C514543,17380,2010-07-05,22567,1.25
C514549,16684,2010-07-05,22421,1.8
C514549,16684,2010-07-05,22419,0.36
C514549,16684,2010-07-05,21314,44.4
C514549,16684,2010-07-05,22361,10.2
C514557,17667,2010-07-05,22063,5.9
C514560,14194,2010-07-05,21714,7.15
C514561,14426,2010-07-05,21468,3.75
C514561,14426,2010-07-05,22194,8.5
C514561,14426,2010-07-05,21279,2.55
C514561,14426,2010-07-05,21527,7.95
C514611,12583,2010-07-05,22636,8.5
C514683,17115,2010-07-05,22649,4.95
C514804,13813,2010-07-06,21658,3.95
C514804,13813,2010-07-06,47504K,9.75
C514804,13813,2010-07-06,22352,2.55
C514833,14295,2010-07-06,21870,2.5
C514848,12709,2010-07-06,22467,4.2
C514848,12709,2010-07-06,85232B,12.75
C514848,12709,2010-07-06,22423,54.75
C514868,14748,2010-07-07,20765,3.75
C514939,14621,2010-07-07,79323B,20.25
C514939,14621,2010-07-07,79323W,6.75
C514968,16554,2010-07-07,82483,5.95
C514968,16554,2010-07-07,21611,8.85
C515080,13877,2010-07-08,21318,1.65
C515092,14299,2010-07-08,22423,87.6
C515095,16570,2010-07-08,22302,15.3
C515095,16570,2010-07-08,22423,12.75
C515095,16570,2010-07-08,22303,7.65
C515095,16570,2010-07-08,22460,3.75
C515095,16570,2010-07-08,84978,15.9
C515103,13668,2010-07-08,15056BL,24.75
C515103,13668,2010-07-08,15056N,19.8
C515105,18172,2010-07-08,22271,2.95
C515151,14154,2010-07-08,22423,21.9
C515155,13564,2010-07-08,22385,3.9
C515186,13802,2010-07-09,22423,65.7
C515186,13802,2010-07-09,22073,3.75
C515250,17990,2010-07-09,21506,5.04
C515256,17531,2010-07-09,21360,19.9
C515256,17531,2010-07-09,22465,4.95
C515262,12935,2010-07-09,37449,9.95
C515263,13192,2010-07-09,22637,7.65
C515264,13113,2010-07-09,22501,8.5
C515283,12576,2010-07-09,84279P,7.5
C515306,13408,2010-07-09,22360,29.5
C515307,13612,2010-07-09,79323W,20.25
C515307,13612,2010-07-09,79323P,20.25
C515309,13093,2010-07-09,20914,11.8
C515410,18135,2010-07-12,22423,12.75
C515430,14295,2010-07-12,22423,32.85
C515483,13874,2010-07-13,85123A,2.95
C515483,13874,2010-07-13,21733,8.85
C515505,15039,2010-07-13,21928,1.95
C515570,17931,2010-07-13,22406,38.16
C515570,17931,2010-07-13,22408,38.16
C515570,17931,2010-07-13,22407,38.16
C515596,15544,2010-07-13,21244,6.76
C515613,17145,2010-07-13,22215,8.5
C515618,17949,2010-07-13,22423,197.1
C515675,15527,2010-07-14,20713,1.95
C515683,18226,2010-07-14,21932,2.95
C515692,14156,2010-07-14,22197,1.7
C515693,17342,2010-07-14,22304,5.1
C515693,17342,2010-07-14,22305,5.1
C515694,16739,2010-07-14,22550,3.75
C515695,18197,2010-07-14,22107,3.75
C515695,18197,2010-07-14,47480,4.95
C515696,14112,2010-07-14,22383,1.65
C515696,14112,2010-07-14,21238,0.85
C515698,13021,2010-07-14,22138,9.9
C515699,15076,2010-07-14,21843,10.95
C515700,16576,2010-07-14,20798,12.6
C515701,18217,2010-07-14,21232,17.5
C515701,18217,2010-07-14,22649,4.95
C515767,15311,2010-07-14,79029,1.65
C515767,15311,2010-07-14,22355,0.72
C515767,15311,2010-07-14,40003,0.95
C515767,15311,2010-07-14,40001,5.76
C515772,16161,2010-07-14,21561,2.55
C515777,14679,2010-07-14,37448,1.49
C515777,14679,2010-07-14,37449,9.95
C515777,14679,2010-07-14,21232,2.5
C515778,18260,2010-07-14,22180,9.95
C515779,14952,2010-07-14,22220,9.95
C515784,13872,2010-07-14,37370,5.0
C515785,14020,2010-07-14,21746,1.25
C515785,14020,2010-07-14,22361,11.8
C515786,13814,2010-07-14,21121,1.25
C515787,14621,2010-07-14,21205,2.55
C515787,14621,2010-07-14,22198,1.65
C515787,14621,2010-07-14,22502,4.25
C515787,14621,2010-07-14,85170B,2.1
C515790,16180,2010-07-14,21232,10.0
C515790,16180,2010-07-14,20914,2.95
C515790,16180,2010-07-14,79323W,6.75
C515790,16180,2010-07-14,37449,19.9
C515790,16180,2010-07-14,20828,2.55
C515790,16180,2010-07-14,15036,0.75
C515791,15077,2010-07-14,37495,1.25
C515793,15941,2010-07-14,79323B,43.6
C515793,15941,2010-07-14,79323G,54.5
C515793,15941,2010-07-14,79342B,21.8
C515793,15941,2010-07-14,79323P,54.5
C515794,13552,2010-07-14,22423,25.5
C515794,13552,2010-07-14,22055,1.65
C515796,16168,2010-07-14,84031A,4.65
C515798,13078,2010-07-14,35004B,4.65
C515798,13078,2010-07-14,22461,43.8
C515799,15489,2010-07-14,22364,8.85
C515799,15489,2010-07-14,22360,8.85
C515800,13468,2010-07-14,21843,10.95
C515802,14849,2010-07-14,84836,2.5
C515805,12468,2010-07-14,22634,9.95
C515806,16177,2010-07-14,22637,5.1
C515806,16177,2010-07-14,21535,10.2
C515807,13093,2010-07-14,22502,3.75
C515808,13304,2010-07-14,22605,10.95
C515959,17531,2010-07-16,22464,3.3
C515960,13267,2010-07-16,22423,25.5
C515960,13267,2010-07-16,21877,1.25
C515962,17412,2010-07-16,21524,7.49
C515962,17412,2010-07-16,84676,5.9
C515963,13488,2010-07-16,21527,7.95
C515964,13047,2010-07-16,22138,4.95
C515964,13047,2010-07-16,84969,4.25
C515964,13047,2010-07-16,21272,1.25
C515965,16576,2010-07-16,20798,12.6
C515966,13059,2010-07-16,37492B,9.3
C515968,14640,2010-07-16,84723,7.95
C515968,14640,2010-07-16,84613A,4.65
C515968,14640,2010-07-16,84946,1.25
C515968,14640,2010-07-16,22457,2.95
C515970,14621,2010-07-16,21198,4.95
C515970,14621,2010-07-16,85170B,6.3
C515973,14911,2010-07-16,21232,3.75
C515973,14911,2010-07-16,22423,10.95
C515974,13317,2010-07-16,79323P,13.5
C515974,13317,2010-07-16,79323GR,20.25
C515974,13317,2010-07-16,79323W,13.5
C515974,13317,2010-07-16,79323LP,13.5
C515975,17531,2010-07-16,21470,3.75
C515976,14175,2010-07-16,85040A,6.6
C515976,14175,2010-07-16,21462,6.75
C515976,14175,2010-07-16,37503,10.75
C515976,14175,2010-07-16,22442,15.9
C515977,15125,2010-07-16,21868,6.36
C515978,12749,2010-07-16,22442,7.95
C515978,12749,2010-07-16,22487,9.95
C515978,12749,2010-07-16,22485,38.25
C515978,12749,2010-07-16,22429,4.25
C515979,17581,2010-07-16,21527,7.95
C515979,17581,2010-07-16,40018F,7.8
C515979,17581,2010-07-16,85042,4.95
C515980,12749,2010-07-16,22442,7.95
C515981,13050,2010-07-16,85047,12.7
C515982,14389,2010-07-16,20975,1.95
C515982,14389,2010-07-16,22382,1.65
C515982,14389,2010-07-16,20724,3.4
C515982,14389,2010-07-16,20728,3.3
C515983,16133,2010-07-16,85068,6.95
C515985,13425,2010-07-16,22453,2.95
C515990,16554,2010-07-16,22427,5.95
C515991,16351,2010-07-16,22646,1.45
C515992,16746,2010-07-16,22635,9.95
C515993,15841,2010-07-16,21843,10.95
C515994,12633,2010-07-16,21533,4.95
C515994,12633,2010-07-16,20724,4.25
C515997,13089,2010-07-16,22423,54.75
C515999,12975,2010-07-16,85066,12.75
C516118,13093,2010-07-16,20914,20.4
C516149,13798,2010-07-18,82578,0.55
C516149,13798,2010-07-18,20903,6.35
C516149,13798,2010-07-18,21169,1.69
C516149,13798,2010-07-18,85123A,2.95
C516149,13798,2010-07-18,21080,0.85
C516149,13798,2010-07-18,20727,6.6
C516149,13798,2010-07-18,35924,6.3
C516149,13798,2010-07-18,21166,1.95
C516149,13798,2010-07-18,21936,2.95
C516149,13798,2010-07-18,37450,11.8
C516149,13798,2010-07-18,21928,1.95
C516149,13798,2010-07-18,21843,54.75
C516149,13798,2010-07-18,21231,10.0
C516149,13798,2010-07-18,21232,3.75
C516149,13798,2010-07-18,85099F,7.8
C516149,13798,2010-07-18,21927,1.25
C516149,13798,2010-07-18,20723,0.85
C516149,13798,2010-07-18,20725,8.25
C516149,13798,2010-07-18,20724,2.55
C516149,13798,2010-07-18,37446,5.8
C516149,13798,2010-07-18,22064,13.2
C516149,13798,2010-07-18,37449,39.8
C516180,14546,2010-07-18,21389,0.85
C516202,15039,2010-07-19,82486,6.95
C516274,16954,2010-07-19,22138,44.55
C516317,12471,2010-07-19,22236,12.75
C516317,12471,2010-07-19,22423,10.95
C516317,12471,2010-07-19,21231,2.5
C516317,12471,2010-07-19,21210,1.45
C516317,12471,2010-07-19,22555,1.65
C516318,14156,2010-07-19,37449,8.5
C516320,13999,2010-07-19,21218,11.25
C516320,13999,2010-07-19,22429,4.25
C516336,16746,2010-07-19,22635,9.95
C516448,13107,2010-07-20,20754,37.8
C516448,13107,2010-07-20,79000,5.95
C516448,13107,2010-07-20,71459,0.85
C516460,17426,2010-07-20,79323W,32.7
C516462,15101,2010-07-20,20830,4.2
C516543,13115,2010-07-21,20728,1.65
C516553,14952,2010-07-21,22221,9.95
C516565,12523,2010-07-21,21527,7.95
C516565,12523,2010-07-21,21232,1.25
C516574,13047,2010-07-21,21754,5.95
C516575,17739,2010-07-21,22666,5.9
C516575,17739,2010-07-21,84978,1.25
C516576,14621,2010-07-21,85170B,6.3
C516576,14621,2010-07-21,20719,1.7
C516576,14621,2010-07-21,20828,2.55
C516577,15791,2010-07-21,22073,7.5
C516577,15791,2010-07-21,71477,9.75
C516577,15791,2010-07-21,21539,4.95
C516577,15791,2010-07-21,22064,3.3
C516577,15791,2010-07-21,21232,1.25
C516578,15827,2010-07-21,21843,10.95
C516578,15827,2010-07-21,21231,1.25
C516580,18223,2010-07-21,22198,3.3
C516580,18223,2010-07-21,21232,7.42
C516581,16168,2010-07-21,85099C,3.9
C516582,14915,2010-07-21,22061,9.95
C516584,15079,2010-07-21,21527,7.95
C516589,15005,2010-07-21,21239,0.85
C516589,15005,2010-07-21,21232,1.25
C516596,13078,2010-07-21,22487,8.5
C516596,13078,2010-07-21,85124A,2.55
C516597,16701,2010-07-21,21540,26.25
C516599,16054,2010-07-21,85059,3.75
C516600,13012,2010-07-21,21918,1.68
C516602,14938,2010-07-21,21145,1.25
C516602,14938,2010-07-21,21666,0.65
C516602,14938,2010-07-21,21784,9.95
C516602,14938,2010-07-21,85170A,8.4
C516603,16556,2010-07-21,21877,2.5
C516604,17680,2010-07-21,84078A,34.95
C516605,14299,2010-07-21,22423,21.9
C516606,14766,2010-07-21,84625D,8.85
C516606,14766,2010-07-21,21320,5.1
C516606,14766,2010-07-21,79000,2.55
C516606,14766,2010-07-21,84927D,2.1
C516606,14766,2010-07-21,21539,4.95
C516754,13889,2010-07-22,79323B,20.25
C516754,13889,2010-07-22,79323GR,20.25
C516754,13889,2010-07-22,79323LP,27.0
C516762,17113,2010-07-22,79323P,13.5
C516762,17113,2010-07-22,79320,14.85
C516762,17113,2010-07-22,79323W,13.5
C516766,16170,2010-07-22,22555,4.95
C516766,16170,2010-07-22,22551,1.65
C516838,14477,2010-07-23,85099F,3.9
C516881,18097,2010-07-23,79029,4.95
C516882,14739,2010-07-23,22666,8.85
C516883,14895,2010-07-23,22656,88.5
C516894,12963,2010-07-23,22508,3.75
C516894,12963,2010-07-23,85183A,11.25
C516894,12963,2010-07-23,84691,0.85
C516894,12963,2010-07-23,22357,4.25
C516934,17969,2010-07-25,21922,7.95
C516947,13276,2010-07-25,84782C,12.75
C516952,13148,2010-07-25,22176,2.95
C516958,14938,2010-07-25,21781,12.75
C516965,12451,2010-07-26,84676,8.85
C516965,12451,2010-07-26,21746,12.5
C516971,14422,2010-07-26,84880,5.95
C516971,14422,2010-07-26,22461,54.75
C516972,14205,2010-07-26,22423,12.75
C516972,14205,2010-07-26,21528,6.95
C516974,17469,2010-07-26,85123A,2.95
C516979,16150,2010-07-26,84839,6.75
C516979,16150,2010-07-26,22318,2.95
C516979,16150,2010-07-26,84880,11.9
C516979,16150,2010-07-26,22457,2.95
C517054,14420,2010-07-26,22630,1.95
C517056,12590,2010-07-26,22312,4.95
C517058,14236,2010-07-26,22360,2.95
C517075,16656,2010-07-26,84466,14.25
C517219,15788,2010-07-27,21713,6.3
C517234,17841,2010-07-27,21425,2.95
C517244,15306,2010-07-27,37495,3.75
C517245,12421,2010-07-27,21232,5.0
C517261,13178,2010-07-27,22630,3.9
C517261,13178,2010-07-27,22138,9.9
C517261,13178,2010-07-27,22502,4.25
C517320,13982,2010-07-28,21535,2.55
C517320,13982,2010-07-28,22269,1.25
C517320,13982,2010-07-28,85123A,2.95
C517349,15694,2010-07-28,20749,6.35
C517349,15694,2010-07-28,22423,76.65
C517356,16128,2010-07-28,22557,6.6
C517363,14590,2010-07-28,21218,3.75
C517363,14590,2010-07-28,21843,10.95
C517364,14898,2010-07-28,22072,3.75
C517364,14898,2010-07-28,21527,23.85
C517368,13089,2010-07-28,22634,9.95
C517368,13089,2010-07-28,22630,11.7
C517368,13089,2010-07-28,22635,19.9
C517369,15283,2010-07-28,82484,12.9
C517370,17364,2010-07-28,22629,1.95
C517371,13266,2010-07-28,22064,1.65
C517374,15600,2010-07-28,21232,1.25
C517374,15600,2010-07-28,22465,6.6
C517375,16558,2010-07-28,85124C,2.55
C517376,15521,2010-07-28,22630,1.95
C517378,14000,2010-07-28,21922,27.8
C517379,17677,2010-07-28,22073,3.75
C517380,15079,2010-07-28,22591,2.55
C517383,16984,2010-07-28,22460,2.12
C517458,17188,2010-07-29,22646,2.9
C517458,17188,2010-07-29,22644,1.45
C517458,17188,2010-07-29,22645,1.45
C517458,17188,2010-07-29,22423,12.75
C517459,17602,2010-07-29,22068,1.65
C517459,17602,2010-07-29,21232,1.25
C517462,16975,2010-07-29,21380,8.85
C517463,13102,2010-07-29,21473,19.95
C517463,13102,2010-07-29,22428,13.9
C517463,13102,2010-07-29,22467,5.1
C517465,17865,2010-07-29,21231,3.75
C517465,17865,2010-07-29,22061,9.95
C517465,17865,2010-07-29,21232,9.54
C517466,13288,2010-07-29,37449,9.95
C517469,14680,2010-07-29,21937,7.65
C517469,14680,2010-07-29,20725,13.05
C517469,14680,2010-07-29,85099B,1.65
C517469,14680,2010-07-29,21930,1.65
C517469,14680,2010-07-29,22384,4.35
C517469,14680,2010-07-29,20712,1.65
C517469,14680,2010-07-29,20726,1.45
C517469,14680,2010-07-29,22327,2.55
C517469,14680,2010-07-29,20727,4.35
C517469,14680,2010-07-29,20724,0.72
C517469,14680,2010-07-29,22356,0.72
C517469,14680,2010-07-29,20728,1.45
C517470,12472,2010-07-29,21206,4.95
C517470,12472,2010-07-29,22629,1.95
C517470,12472,2010-07-29,20719,2.55
C517470,12472,2010-07-29,20724,1.7
C517470,12472,2010-07-29,21241,0.85
C517472,14861,2010-07-29,22421,0.84
C517472,14861,2010-07-29,22419,0.42
C517472,14861,2010-07-29,84845C,3.75
C517472,14861,2010-07-29,85123A,5.9
C517473,16779,2010-07-29,20727,1.45
C517473,16779,2010-07-29,20725,1.45
C517473,16779,2010-07-29,21080,1.28
C517473,16779,2010-07-29,85099F,1.95
C517473,16779,2010-07-29,21039,5.1
C517473,16779,2010-07-29,47568,3.38
C517473,16779,2010-07-29,21155,2.1
C517473,16779,2010-07-29,21042,35.7
C517475,13446,2010-07-29,21527,7.95
C517476,14608,2010-07-29,47503J,79.5
C517477,16705,2010-07-29,85123A,2.55
C517484,17612,2010-07-29,21425,14.75
C517484,17612,2010-07-29,21424,8.85
C517488,13239,2010-07-29,22138,14.85
C517489,14870,2010-07-29,21843,10.95
C517490,13371,2010-07-29,22635,8.5
C517519,13584,2010-07-29,22706,10.5
C517519,13584,2010-07-29,16161U,10.5
C517536,16933,2010-07-29,22478,1.25
C517536,16933,2010-07-29,72807C,4.25
C517559,17714,2010-07-30,22469,1.65
C517560,16278,2010-07-30,22061,9.95
C517562,15827,2010-07-30,22060,9.95
C517562,15827,2010-07-30,22423,12.75
C517563,13881,2010-07-30,20725,72.5
C517564,12471,2010-07-30,20914,5.1
C517565,13455,2010-07-30,21540,4.25
C517565,13455,2010-07-30,21532,6.3
C517565,13455,2010-07-30,22059,1.49
C517565,13455,2010-07-30,37448,2.98
C517570,14861,2010-07-30,84945,2.55
C517571,17714,2010-07-30,22469,6.6
C517572,15298,2010-07-30,37448,5.96
C517572,15298,2010-07-30,22059,10.43
C517574,13093,2010-07-30,22629,1.95
C517619,17404,2010-07-30,21212,100.8
C517621,13656,2010-07-30,22168,8.5
C517624,13082,2010-07-30,20798,8.4
C517637,13004,2010-07-30,37449,39.8
C517672,12733,2010-07-30,21527,23.85
C517701,14031,2010-07-30,35004B,18.6
C517706,12843,2010-08-01,20731,58.3
C517735,13715,2010-08-01,21231,3.75
C517735,13715,2010-08-01,22649,9.9
C517736,13089,2010-08-01,22634,19.9
C517763,12748,2010-08-02,22303,15.3
C517818,13694,2010-08-02,20804,69.6
C517821,13113,2010-08-02,85066,10.95
C517821,13113,2010-08-02,22423,10.95
C517821,13113,2010-08-02,22057,1.49
C517821,13113,2010-08-02,22501,34.0
C517886,14388,2010-08-03,79191B,4.25
C517886,14388,2010-08-03,21535,5.1
C517886,14388,2010-08-03,21527,7.95
C517887,16094,2010-08-03,21535,2.55
C517887,16094,2010-08-03,21531,2.55
C517890,18207,2010-08-03,21389,10.2
C517892,14911,2010-08-03,21658,3.95
C517892,14911,2010-08-03,84978,3.18
C517894,15253,2010-08-03,21713,14.7
C517895,14961,2010-08-03,22198,1.65
C517895,14961,2010-08-03,22197,0.85
C517895,14961,2010-08-03,22423,12.75
C517897,15658,2010-08-03,22363,8.85
C517897,15658,2010-08-03,22423,12.75
C517897,15658,2010-08-03,22360,11.8
C517897,15658,2010-08-03,22364,8.85
C517898,16054,2010-08-03,22138,4.95
C517899,15754,2010-08-03,71459,1.7
C517899,15754,2010-08-03,84978,1.25
C517902,15998,2010-08-03,22435,3.75
C517959,17511,2010-08-03,85123A,2.55
C517959,17511,2010-08-03,22197,0.72
C517959,17511,2010-08-03,84279P,3.75
C517959,17511,2010-08-03,22063,2.55
C517959,17511,2010-08-03,85099B,1.65
C517959,17511,2010-08-03,20750,6.35
C517959,17511,2010-08-03,22053,1.25
C517959,17511,2010-08-03,22356,0.72
C517959,17511,2010-08-03,22136,1.45
C517961,12770,2010-08-03,20684,3.25
C517966,17298,2010-08-03,21400,5.04
C517993,13468,2010-08-03,85042,9.9
C518066,17841,2010-08-04,21934,84.15
C518066,17841,2010-08-04,20723,41.65
C518074,15325,2010-08-04,84755,5.2
C518137,17589,2010-08-04,22297,6.25
C518137,17589,2010-08-04,22296,9.9
C518149,13384,2010-08-04,20726,1.65
C518254,12525,2010-08-05,21527,7.95
C518254,12525,2010-08-05,21539,4.95
C518254,12525,2010-08-05,22180,9.95
C518254,12525,2010-08-05,22073,3.75
C518254,12525,2010-08-05,85008,4.95
C518256,13047,2010-08-05,22427,5.95
C518263,12678,2010-08-05,22467,96.6
C518263,12678,2010-08-05,22138,140.25
C518264,18075,2010-08-05,22138,9.9
C518264,18075,2010-08-05,84279P,7.5
C518265,14211,2010-08-05,21931,3.9
C518267,17422,2010-08-05,37492B,4.65
C518340,12853,2010-08-06,22457,2.95
C518341,17663,2010-08-06,40018F,7.8
C518342,16168,2010-08-06,85099B,1.95
C518342,16168,2010-08-06,22567,1.25
C518343,13468,2010-08-06,85042,4.25
C518345,18257,2010-08-06,71038,5.45
C518345,18257,2010-08-06,22654,5.95
C518345,18257,2010-08-06,22360,5.9
C518352,18219,2010-08-06,22470,2.95
C518352,18219,2010-08-06,22301,2.55
C518362,13552,2010-08-06,22423,25.5
C518363,14644,2010-08-06,22423,25.5
C518363,14644,2010-08-06,35400,17.9
C518363,14644,2010-08-06,22424,12.75
C518364,17651,2010-08-06,84817,10.14
C518372,15580,2010-08-08,37447,1.49
C518372,15580,2010-08-08,22325,4.95
C518372,15580,2010-08-08,84676,2.95
C518372,15580,2010-08-08,37450,2.95
C518372,15580,2010-08-08,21889,2.5
C518372,15580,2010-08-08,22523,0.85
C518372,15580,2010-08-08,21718,1.25
C518372,15580,2010-08-08,21912,11.25
C518374,16525,2010-08-08,21164,2.95
C518374,16525,2010-08-08,84978,25.92
C518478,17841,2010-08-09,21927,1.25
C518479,14911,2010-08-09,82483,5.95
C518499,13084,2010-08-09,84507C,2.55
C518499,13084,2010-08-09,84507B,3.4
C518537,12621,2010-08-09,84006,3.4
C518537,12621,2010-08-09,20794,10.2
C518541,18220,2010-08-09,21232,5.0
C518542,15674,2010-08-09,22667,5.9
C518563,16225,2010-08-10,22138,4.95
C518563,16225,2010-08-10,22617,9.9
C518580,14631,2010-08-10,84199,2.52
C518651,13313,2010-08-10,79000,1.7
C518651,13313,2010-08-10,71053,7.5
C518680,17799,2010-08-10,22138,14.85
C518731,13097,2010-08-11,21335,21.95
C518750,14142,2010-08-11,84997B,3.75
C518763,14156,2010-08-11,20798,8.4
C518772,17675,2010-08-11,82484,6.45
C518844,14911,2010-08-12,22198,13.2
C518844,14911,2010-08-12,22636,25.5
C518844,14911,2010-08-12,22197,2.55
C518844,14911,2010-08-12,22070,11.25
C518845,17730,2010-08-12,71459,6.8
C518899,12471,2010-08-12,22644,1.45
C518899,12471,2010-08-12,22556,1.65
C518899,12471,2010-08-12,22554,3.3
C518903,17243,2010-08-12,22167,9.95
C518953,14844,2010-08-12,85098B,7.5
C518954,17389,2010-08-12,22171,7.65
C518956,14370,2010-08-12,22171,17.0
C518961,14625,2010-08-12,37495,7.5
C518962,13324,2010-08-12,37503,9.95
C518964,13059,2010-08-12,72807B,8.5
C518966,18226,2010-08-12,22383,1.65
C518966,18226,2010-08-12,21936,2.95
C518968,13659,2010-08-12,22424,38.25
C518969,17696,2010-08-12,22719,7.42
C518971,17156,2010-08-12,84949,4.95
C518974,13615,2010-08-12,22138,9.9
C518974,13615,2010-08-12,22617,4.95
C518978,15141,2010-08-12,21642,7.65
C518988,15786,2010-08-12,21421,7.5
C518992,16103,2010-08-12,21312,5.85
C518992,16103,2010-08-12,21713,8.4
C518994,14040,2010-08-12,84997C,7.5
C518994,14040,2010-08-12,79067,3.75
C518995,14194,2010-08-12,21539,4.95
C518996,15521,2010-08-12,22630,3.9
C518998,13319,2010-08-12,22423,12.75
C518999,13319,2010-08-12,22364,5.9
C518999,13319,2010-08-12,85047,12.7
C519002,15838,2010-08-12,21833,175.82
C519003,18053,2010-08-12,22636,25.5
C519032,17615,2010-08-13,84946,7.5
C519034,15222,2010-08-13,22667,14.75
C519038,14000,2010-08-13,21922,139.0
C519040,17428,2010-08-13,79323B,10.9
C519041,13650,2010-08-13,21794,47.25
C519043,13511,2010-08-13,79323W,38.15
C519136,12633,2010-08-13,21527,7.95
C519139,16656,2010-08-13,21713,16.65
C519139,16656,2010-08-13,21790,1.44
C519220,15311,2010-08-15,37449,25.5
C519225,15311,2010-08-15,85042,8.5
C519225,15311,2010-08-15,85047,5.55
C519225,15311,2010-08-15,40003,1.9
C519225,15311,2010-08-15,37449,17.0
C519225,15311,2010-08-15,40001,3.2
C519250,17107,2010-08-15,21527,7.95
C519250,17107,2010-08-15,20725,1.65
C519250,17107,2010-08-15,85099B,1.95
C519250,17107,2010-08-15,21232,1.25
C519250,17107,2010-08-15,75049L,3.4
C519250,17107,2010-08-15,84508A,2.55
C519250,17107,2010-08-15,79029,1.65
C519259,17340,2010-08-15,21293,4.2
C519277,13656,2010-08-16,22168,8.5
C519378,14844,2010-08-16,84406B,6.5
C519397,13564,2010-08-16,21931,1.95
C519397,13564,2010-08-16,85099F,1.95
C519459,17340,2010-08-17,22423,21.9
C519459,17340,2010-08-17,84949,6.6
C519459,17340,2010-08-17,82483,11.9
C519461,14276,2010-08-17,22384,1.65
C519461,14276,2010-08-17,21531,2.55
C519461,14276,2010-08-17,21535,5.1
C519466,12412,2010-08-17,22198,3.3
C519466,12412,2010-08-17,21563,2.95
C519466,12412,2010-08-17,79067,3.75
C519467,16841,2010-08-17,85091,69.7
C519472,15264,2010-08-17,22515,2.1
C519472,15264,2010-08-17,22514,2.1
C519479,13405,2010-08-17,21713,4.2
C519481,16227,2010-08-17,22360,11.8
C519481,16227,2010-08-17,22364,8.85
C519481,16227,2010-08-17,37370,1.25
C519481,16227,2010-08-17,20914,5.9
C519482,13081,2010-08-17,70006,0.79
C519482,13081,2010-08-17,85042,4.25
C519482,13081,2010-08-17,85060,1.25
C519482,13081,2010-08-17,15034,6.72
C519482,13081,2010-08-17,20829,4.2
C519482,13081,2010-08-17,15044C,2.95
C519482,13081,2010-08-17,20723,0.85
C519482,13081,2010-08-17,22179,5.95
C519482,13081,2010-08-17,85123A,2.55
C519487,17753,2010-08-17,90214L,2.5
C519491,17850,2010-08-17,15056P,4.95
C519491,17850,2010-08-17,22247,0.75
C519491,17850,2010-08-17,84664,4.95
C519491,17850,2010-08-17,82486,6.95
C519492,17063,2010-08-17,21156,3.9
C519493,13534,2010-08-17,37501,6.95
C519495,17612,2010-08-17,22194,8.5
C519495,17612,2010-08-17,20703,4.25
C519503,13799,2010-08-17,22067,1.65
C519503,13799,2010-08-17,22649,4.95
C519503,13799,2010-08-17,22059,1.49
C519504,15981,2010-08-17,22356,0.85
C519505,13078,2010-08-17,21067,10.0
C519506,15251,2010-08-17,22526,12.75
C519510,17663,2010-08-17,85065,12.75
C519510,17663,2010-08-17,22427,11.9
C519510,17663,2010-08-17,22665,8.85
C519588,14680,2010-08-18,22649,4.25
C519588,14680,2010-08-18,21937,2.55
C519588,14680,2010-08-18,22384,4.35
C519588,14680,2010-08-18,20725,8.7
C519588,14680,2010-08-18,85099B,1.65
C519661,12801,2010-08-19,84078A,39.95
C519662,12484,2010-08-19,21713,2.1
C519662,12484,2010-08-19,22198,1.65
C519675,16756,2010-08-19,82483,11.9
C519677,14210,2010-08-19,22061,9.95
C519685,14521,2010-08-19,21714,1.25
C519685,14521,2010-08-19,15039,0.85
C519685,14521,2010-08-19,22138,29.7
C519742,12720,2010-08-20,22618,9.95
C519742,12720,2010-08-20,22381,2.1
C519742,12720,2010-08-20,85006,2.95
C519866,14854,2010-08-20,85232A,4.95
C519872,13037,2010-08-22,22427,5.95
C519873,13037,2010-08-22,84682,8.85
C519873,13037,2010-08-22,21558,2.55
C519873,13037,2010-08-22,84913B,4.65
C519874,15240,2010-08-22,22358,2.95
C519874,15240,2010-08-22,22488,1.65
C519874,15240,2010-08-22,22441,2.1
C519874,15240,2010-08-22,21868,1.25
C519893,15311,2010-08-22,21319,1.45
C519893,15311,2010-08-22,20798,2.1
C519893,15311,2010-08-22,21320,2.55
C519893,15311,2010-08-22,20798,6.6
C519893,15311,2010-08-22,82494L,7.65
C519893,15311,2010-08-22,37446,1.25
C519893,15311,2010-08-22,37448,1.25
C519942,13405,2010-08-23,21713,4.2
C519950,18226,2010-08-23,85048,13.9
C519953,13089,2010-08-23,85170A,4.25
C520036,14527,2010-08-23,84078A,79.9
C520049,17231,2010-08-23,84789,3.75
C520051,15372,2010-08-23,75049L,6.8
C520051,15372,2010-08-23,71459,1.44
C520053,13798,2010-08-23,22064,2.9
C520053,13798,2010-08-23,35924,8.45
C520053,13798,2010-08-23,20914,2.55
C520053,13798,2010-08-23,21231,6.36
C520053,13798,2010-08-23,82599,3.38
C520053,13798,2010-08-23,20723,0.72
C520053,13798,2010-08-23,20725,2.9
C520053,13798,2010-08-23,82580,0.42
C520053,13798,2010-08-23,21232,7.42
C520053,13798,2010-08-23,20728,1.45
C520053,13798,2010-08-23,85099C,1.65
C520057,16396,2010-08-23,21312,9.75
C520060,16396,2010-08-23,21312,9.75
C520060,16396,2010-08-23,21383,7.8
C520086,13911,2010-08-24,72741,7.25
C520088,15079,2010-08-24,21535,2.55
C520089,14156,2010-08-24,21527,7.95
C520090,17865,2010-08-24,22649,4.95
C520199,17675,2010-08-24,85123A,10.2
C520199,17675,2010-08-24,71477,19.5
C520201,15764,2010-08-24,22302,7.65
C520202,12720,2010-08-24,22381,2.1
C520202,12720,2010-08-24,85006,11.8
C520202,12720,2010-08-24,22618,9.95
C520329,16779,2010-08-25,85123A,2.55
C520329,16779,2010-08-25,71477,8.25
C520338,13520,2010-08-25,22554,39.6
C520355,15625,2010-08-25,21642,0.85
C520355,15625,2010-08-25,21650,2.6
C520358,13777,2010-08-25,35004C,32.55
C520358,13777,2010-08-25,15056N,9.9
C520358,13777,2010-08-25,21232,8.48
C520358,13777,2010-08-25,79301,2.55
C520360,13154,2010-08-25,22323,1.95
C520360,13154,2010-08-25,22230,0.85
C520385,18062,2010-08-25,22138,19.8
C520386,16186,2010-08-25,20711,9.75
C520386,16186,2010-08-25,21232,3.75
C520386,16186,2010-08-25,21231,6.25
C520389,15091,2010-08-25,21527,7.95
C520391,15093,2010-08-25,22423,10.95
C520394,13479,2010-08-25,22158,2.95
C520394,13479,2010-08-25,22591,2.55
C520394,13479,2010-08-25,21807,0.42
C520422,13150,2010-08-26,21667,14.95
C520531,12836,2010-08-26,22635,9.95
C520531,12836,2010-08-26,22423,12.75
C520531,12836,2010-08-26,82486,7.95
C520541,12720,2010-08-26,85006,5.9
C520541,12720,2010-08-26,20675,10.0
C520542,13485,2010-08-26,22423,12.75
C520543,17402,2010-08-26,20692,4.25
C520557,17599,2010-08-26,22354,3.75
C520725,16755,2010-08-29,22371,6.35
C520743,13889,2010-08-31,22457,2.95
C520743,13889,2010-08-31,79403,11.05
C520839,14646,2010-08-31,21156,42.9
C520853,12709,2010-08-31,22423,32.85
C520853,12709,2010-08-31,20681,3.25
C520853,12709,2010-08-31,22467,2.1
C520853,12709,2010-08-31,22242,1.65
C520888,17145,2010-08-31,84016,2.52
C520897,16658,2010-08-31,85054,8.85
C520897,16658,2010-08-31,21773,15.0
C520897,16658,2010-08-31,84279P,3.75
C520951,18009,2010-09-01,90160D,6.95
C520956,16592,2010-09-01,21430,11.25
C520957,16700,2010-09-01,22423,21.9
C520958,13089,2010-09-01,22360,2.95
C520958,13089,2010-09-01,84949,6.6
C520959,16168,2010-09-01,20727,1.65
C520959,16168,2010-09-01,85099B,3.9
C520961,13650,2010-09-01,21232,1.25
C520961,13650,2010-09-01,22591,12.75
C520964,12721,2010-09-01,22197,0.85
C520964,12721,2010-09-01,22617,4.95
C520964,12721,2010-09-01,21563,2.95
C520964,12721,2010-09-01,22634,9.95
C520964,12721,2010-09-01,22318,8.85
C520964,12721,2010-09-01,21915,1.25
C520964,12721,2010-09-01,22550,7.5
C520964,12721,2010-09-01,22618,9.95
C520963,17599,2010-09-01,22354,3.75
C520964,12721,2010-09-01,21156,5.85
C520965,13777,2010-09-01,15044A,5.1
C520965,13777,2010-09-01,79301,2.55
C520965,13777,2010-09-01,21232,8.48
C520965,13777,2010-09-01,35001G,23.73
C520967,18223,2010-09-01,22197,0.85
C520967,18223,2010-09-01,85099B,1.95
C520969,16170,2010-09-01,22697,2.95
C520969,16170,2010-09-01,22301,10.2
C520969,16170,2010-09-01,22698,2.95
C520969,16170,2010-09-01,22349,7.5
C520976,15615,2010-09-01,84978,7.5
C520976,15615,2010-09-01,85099F,7.8
C520977,13078,2010-09-01,22461,21.9
C520977,13078,2010-09-01,21463,9.9
C520988,17677,2010-09-01,85042,4.25
C520993,13980,2010-09-01,84782C,11.85
C520994,16670,2010-09-01,79323B,33.75
C520995,13093,2010-09-01,20725,1.65
C520995,13093,2010-09-01,20914,20.4
C520996,13329,2010-09-01,21843,21.9
C520997,15296,2010-09-01,21843,10.95
C521000,16103,2010-09-01,85042,59.4
C521005,12915,2010-09-01,21218,7.5
C521008,13534,2010-09-01,22646,1.45
C521008,13534,2010-09-01,22645,2.9
C521009,12997,2010-09-01,21231,2.5
C521011,12519,2010-09-01,22055,1.65
C521013,13024,2010-09-01,37495,15.0
C521013,13024,2010-09-01,22644,2.9
C521013,13024,2010-09-01,22637,2.55
C521015,13877,2010-09-01,22596,1.7
C521016,15240,2010-09-01,22488,4.95
C521020,16320,2010-09-01,84534B,10.2
C521022,12720,2010-09-01,22652,9.9
C521022,12720,2010-09-01,22551,1.65
C521022,12720,2010-09-01,22556,4.95
C521022,12720,2010-09-01,22555,4.95
C521022,12720,2010-09-01,22540,0.84
C521023,15247,2010-09-01,35400,8.95
C521039,15142,2010-09-02,21843,10.95
C521113,13648,2010-09-02,85066,12.75
C521131,13564,2010-09-02,20725,1.65
C521131,13564,2010-09-02,22423,12.75
C521131,13564,2010-09-02,22172,8.5
C521131,13564,2010-09-02,22169,7.65
C521131,13564,2010-09-02,22456,4.95
C521218,16553,2010-09-03,22036,7.14
C521228,13995,2010-09-03,22457,2.95
C521228,13995,2010-09-03,71459,3.4
C521232,16292,2010-09-03,22423,38.25
C521233,13093,2010-09-03,85123A,2.95
C521233,13093,2010-09-03,22501,29.85
C521233,13093,2010-09-03,22423,10.95
C521233,13093,2010-09-03,22236,12.75
C521233,13093,2010-09-03,84050,1.65
C521265,17049,2010-09-03,85066,12.75
C521265,17049,2010-09-03,37495,3.75
C521265,17049,2010-09-03,22646,1.45
C521265,17049,2010-09-03,21232,2.5
C521265,17049,2010-09-03,21231,11.25
C521303,16235,2010-09-03,22170,6.75
C521303,16235,2010-09-03,22430,4.95
C521303,16235,2010-09-03,22424,12.75
C521303,16235,2010-09-03,21361,12.75
C521309,13468,2010-09-03,85027L,9.75
C521309,13468,2010-09-03,22649,9.9
C521320,16094,2010-09-03,21218,7.5
C521321,15759,2010-09-03,22550,11.25
C521322,17442,2010-09-03,21658,3.95
C521323,14045,2010-09-03,20914,40.8
C521346,16289,2010-09-03,72789,37.5
C521472,14680,2010-09-06,21937,2.95
C521472,14680,2010-09-06,22355,1.7
C521472,14680,2010-09-06,20725,6.6
C521474,14949,2010-09-06,21232,3.75
C521481,12779,2010-09-06,21318,1.65
C521481,12779,2010-09-06,21426,16.15
C521485,16325,2010-09-06,22360,15.3
C521543,13650,2010-09-06,84839,6.75
C521573,13717,2010-09-07,22269,1.25
C521655,12889,2010-09-07,22138,4.95
C521659,13656,2010-09-07,22168,8.5
C521802,15555,2010-09-08,84907,7.65
C521802,15555,2010-09-08,84919,6.95
C521814,15555,2010-09-08,46000M,31.0
C521918,16926,2010-09-09,21843,10.95
C521956,16177,2010-09-09,21754,5.95
C521956,16177,2010-09-09,21232,3.75
C521956,16177,2010-09-09,21527,7.95
C521957,14156,2010-09-09,22198,5.8
C521957,14156,2010-09-09,22197,5.76
C521959,16570,2010-09-09,21658,15.8
C521961,13078,2010-09-09,21463,5.95
C521962,16134,2010-09-09,21843,10.95
C521963,15077,2010-09-09,15044C,2.95
C521964,13093,2010-09-09,21316,2.95
C521965,15981,2010-09-09,22617,4.95
C521966,13787,2010-09-09,21210,2.9
C521966,13787,2010-09-09,21352,6.75
C521966,13787,2010-09-09,21350,5.9
C521966,13787,2010-09-09,21732,3.75
C521971,15861,2010-09-09,79191C,6.8
C521976,17884,2010-09-09,21845,5.9
C521981,12615,2010-09-10,22634,19.9
C521981,12615,2010-09-10,22635,9.95
C522099,13148,2010-09-12,21527,7.95
C522149,13250,2010-09-13,72815,7.5
C522151,14229,2010-09-13,22423,12.75
C522151,14229,2010-09-13,85054,2.95
C522153,14739,2010-09-13,22666,5.9
C522157,16159,2010-09-13,21232,2.5
C522158,14147,2010-09-13,21527,15.9
C522159,13717,2010-09-13,22269,1.25
C522163,17213,2010-09-13,84849A,5.07
C522164,14499,2010-09-13,84970S,1.7
C522167,13901,2010-09-13,22198,3.3
C522167,13901,2010-09-13,22697,2.95
C522167,13901,2010-09-13,22698,2.95
C522168,14911,2010-09-13,47594B,3.9
C522168,14911,2010-09-13,79320,4.95
C522173,12683,2010-09-13,22634,9.95
C522173,12683,2010-09-13,22423,12.75
C522268,12471,2010-09-13,22221,9.95
C522420,12474,2010-09-14,20681,3.25
C522420,12474,2010-09-14,20682,6.5
C522448,12733,2010-09-14,37501,13.9
C522448,12733,2010-09-14,22423,25.5
C522448,12733,2010-09-14,21843,10.95
C522448,12733,2010-09-14,21527,23.85
C522475,16656,2010-09-15,21713,7.65
C522510,15527,2010-09-15,22375,4.25
C522510,15527,2010-09-15,85099F,1.95
C522607,16005,2010-09-15,84247E,32.45
C522613,17589,2010-09-15,22184,8.5
C522613,17589,2010-09-15,22353,2.55
C522613,17589,2010-09-15,21331,25.5
C522643,13113,2010-09-16,22423,10.95
C522643,13113,2010-09-16,22501,34.0
C522643,13113,2010-09-16,22694,2.1
C522709,16133,2010-09-16,79067,7.5
C522713,12472,2010-09-16,85049F,1.25
C522713,12472,2010-09-16,21668,2.5
C522713,12472,2010-09-16,22045,2.1
C522713,12472,2010-09-16,21559,2.55
C522713,12472,2010-09-16,22355,1.7
C522713,12472,2010-09-16,20723,0.85
C522713,12472,2010-09-16,22245,5.95
C522713,12472,2010-09-16,22242,13.2
C522713,12472,2010-09-16,20728,3.3
C522713,12472,2010-09-16,21731,9.9
C522714,15291,2010-09-16,21258,12.75
C522714,15291,2010-09-16,21671,1.25
C522714,15291,2010-09-16,22189,3.95
C522716,15194,2010-09-16,72802A,4.25
C522716,15194,2010-09-16,22154,1.68
C522716,15194,2010-09-16,22155,0.42
C522718,16218,2010-09-16,21314,6.3
C522718,16218,2010-09-16,82607A,5.0
C522732,17612,2010-09-16,21333,8.85
C522732,17612,2010-09-16,85183B,15.0
C522732,17612,2010-09-16,85049A,2.5
C522734,12474,2010-09-16,20684,3.25
C522734,12474,2010-09-16,20681,3.25
C522735,14625,2010-09-16,22675,1.25
C522735,14625,2010-09-16,22665,2.95
C522736,15521,2010-09-16,21238,0.85
C522737,16218,2010-09-16,22361,11.8
C522741,14963,2010-09-16,47594A,3.9
C522741,14963,2010-09-16,47594B,1.95
C522752,16705,2010-09-16,22423,25.5
C522752,16705,2010-09-16,82483,17.85
C522757,14852,2010-09-16,85123A,7.65
C522762,12921,2010-09-16,84950,2.6
C522762,12921,2010-09-16,84950,3.25
C522765,13615,2010-09-16,22349,3.75
C522800,16756,2010-09-16,22360,11.8
C522800,16756,2010-09-16,84978,1.25
C522818,18041,2010-09-16,84568,60.48
C522827,13324,2010-09-17,22697,14.75
C522827,13324,2010-09-17,22698,2.95
C522830,13784,2010-09-17,22360,11.8
C522830,13784,2010-09-17,84978,1.25
C522832,16670,2010-09-17,22486,12.75
C522832,16670,2010-09-17,82483,11.9
C522832,16670,2010-09-17,22423,12.75
C522834,16652,2010-09-17,22423,12.75
C522834,16652,2010-09-17,21528,6.95
C522836,13304,2010-09-17,85129D,1.25
C522836,13304,2010-09-17,85118,3.75
C522837,12949,2010-09-17,22423,12.75
C522838,16735,2010-09-17,85034C,12.75
C522840,13863,2010-09-17,22666,2.95
C522841,13769,2010-09-17,22596,1.7
C522842,12598,2010-09-17,22617,4.95
C522843,13317,2010-09-17,22628,4.95
C522843,13317,2010-09-17,21210,2.9
C522843,13317,2010-09-17,22072,3.75
C522843,13317,2010-09-17,85042,34.0
C522843,13317,2010-09-17,82486,7.95
C522843,13317,2010-09-17,85066,12.75
C522844,13769,2010-09-17,21705,1.65
C522845,17147,2010-09-17,22423,12.75
C522845,17147,2010-09-17,22236,12.75
C522845,17147,2010-09-17,22211,1.65
C522848,15092,2010-09-17,22464,3.3
C522850,15759,2010-09-17,22550,3.75
C522851,14911,2010-09-17,22198,13.2
C522852,17735,2010-09-17,22360,14.75
C522853,16150,2010-09-17,71038,10.9
C522853,16150,2010-09-17,21777,7.95
C522853,16150,2010-09-17,21333,2.95
C522853,16150,2010-09-17,22073,3.75
C522853,16150,2010-09-17,21534,9.9
C522853,16150,2010-09-17,84880,5.95
C522853,16150,2010-09-17,85123A,2.55
C522854,13384,2010-09-17,21917,0.84
C522854,13384,2010-09-17,85176,0.85
C522870,12921,2010-09-17,21231,3.75
C523031,12708,2010-09-20,21871,3.75
C523031,12708,2010-09-20,22203,3.75
C523076,16919,2010-09-20,48185,15.9
C523119,17841,2010-09-20,51020B,0.29
C523147,17457,2010-09-20,22138,59.5
C523151,16754,2010-09-20,21987,67.2
C523153,16754,2010-09-20,47590A,465.0
C523153,16754,2010-09-20,20865,143.37
C523158,16133,2010-09-20,22752,102.0
C523174,15722,2010-09-20,84789,3.75
C523174,15722,2010-09-20,21257,7.95
C523174,15722,2010-09-20,72807A,4.25
C523299,12600,2010-09-21,85014B,5.95
C523299,12600,2010-09-21,20679,11.9
C523352,16684,2010-09-21,22423,87.6
C523352,16684,2010-09-21,22699,30.6
C523352,16684,2010-09-21,22698,30.6
C523352,16684,2010-09-21,22697,30.6
C523378,15766,2010-09-21,22698,5.9
C523378,15766,2010-09-21,22423,25.5
C523379,13408,2010-09-21,22697,2.55
C523381,16080,2010-09-21,22617,44.55
C523380,15966,2010-09-21,21238,0.85
C523380,15966,2010-09-21,84997A,3.75
C523380,15966,2010-09-21,84997C,3.75
C523380,15966,2010-09-21,84997D,3.75
C523382,14911,2010-09-21,22303,5.1
C523382,14911,2010-09-21,20777,1.65
C523382,14911,2010-09-21,22666,2.95
C523383,18136,2010-09-21,22060,9.95
C523385,18260,2010-09-21,79321,4.95
C523385,18260,2010-09-21,85042,4.95
C523385,18260,2010-09-21,22138,4.95
C523385,18260,2010-09-21,21527,7.95
C523386,13983,2010-09-21,22333,1.65
C523387,16042,2010-09-21,22635,9.95
C523387,16042,2010-09-21,22629,1.95
C523387,16042,2010-09-21,22539,0.42
C523388,13126,2010-09-21,22156,0.85
C523388,13126,2010-09-21,37495,7.5
C523389,13440,2010-09-21,85048,7.95
C523389,13440,2010-09-21,21314,4.2
C523389,13440,2010-09-21,22564,1.25
C523389,13440,2010-09-21,84378,2.5
C523390,16143,2010-09-21,21539,4.95
C523393,13324,2010-09-21,22698,2.55
C523393,13324,2010-09-21,22697,12.75
C523394,17728,2010-09-21,22671,3.3
C523394,17728,2010-09-21,22673,1.25
C523394,17728,2010-09-21,22423,12.75
C523395,16646,2010-09-21,84997B,3.75
C523396,13555,2010-09-21,84946,2.5
C523397,17865,2010-09-21,22061,9.95
C523397,17865,2010-09-21,21843,10.95
C523398,12474,2010-09-21,22138,4.95
C523398,12474,2010-09-21,22328,17.7
C523399,13579,2010-09-21,84950,1.95
C523399,13579,2010-09-21,20956,1.25
C523400,16556,2010-09-21,21430,3.75
C523401,18223,2010-09-21,37500,9.95
C523401,18223,2010-09-21,85099B,1.95
C523401,18223,2010-09-21,15056N,5.95
C523402,15291,2010-09-21,84568,60.48
C523404,13534,2010-09-21,22644,15.95
C523404,13534,2010-09-21,22645,11.6
C523404,13534,2010-09-21,22646,5.8
C523404,13534,2010-09-21,20971,1.25
C523405,13557,2010-09-21,22138,29.7
C523406,14282,2010-09-21,22098,5.0
C523407,15764,2010-09-21,22302,7.65
C523408,13440,2010-09-21,84378,2.5
C523408,13440,2010-09-21,22138,14.85
C523408,13440,2010-09-21,22564,1.25
C523408,13440,2010-09-21,21314,4.2
C523408,13440,2010-09-21,85048,7.95
C523507,12450,2010-09-22,20726,4.95
C523507,12450,2010-09-22,22646,1.45
C523602,12437,2010-09-23,85232B,9.9
C523657,15005,2010-09-23,82494L,2.95
C523657,15005,2010-09-23,84508C,2.55
C523701,17743,2010-09-23,72741,17.4
C523701,17743,2010-09-23,21563,2.95
C523772,12782,2010-09-24,22356,0.85
C523772,12782,2010-09-24,20719,0.85
C523772,12782,2010-09-24,22361,2.95
C523772,12782,2010-09-24,22364,11.8
C523772,12782,2010-09-24,20734,0.85
C523952,14094,2010-09-26,21034,0.95
C523968,17406,2010-09-26,21232,1.25
C523968,17406,2010-09-26,22699,2.95
C523968,17406,2010-09-26,22697,2.95
C523968,17406,2010-09-26,22698,5.9
C523974,15513,2010-09-26,22456,8.5
C523974,15513,2010-09-26,21844,2.95
C523974,15513,2010-09-26,82486,6.95
C523980,12782,2010-09-26,22364,11.8
C523980,12782,2010-09-26,20719,0.85
C523980,12782,2010-09-26,22361,2.95
C523980,12782,2010-09-26,20724,0.85
C523980,12782,2010-09-26,22356,0.85
C523983,16053,2010-09-26,84947,5.0
C523988,15101,2010-09-26,84078A,34.95
C523991,13089,2010-09-26,22423,65.7
C524005,14611,2010-09-26,22649,4.95
C524123,12474,2010-09-27,85232D,4.95
C524235,14277,2010-09-28,84925D,93.0
C524265,13317,2010-09-28,21642,7.65
C524282,15311,2010-09-28,85063,14.95
C524282,15311,2010-09-28,21843,9.95
C524309,17696,2010-09-28,85049C,1.25
C524309,17696,2010-09-28,20665,2.95
C524309,17696,2010-09-28,21336,2.95
C524325,17696,2010-09-28,82483,5.95
C524331,14825,2010-09-28,22379,2.1
C524343,13107,2010-09-28,22138,9.9
C524344,13729,2010-09-28,21217,19.9
C524344,13729,2010-09-28,22358,5.9
C524344,13729,2010-09-28,22467,5.1
C524344,13729,2010-09-28,21232,7.5
C524347,17675,2010-09-28,71477,5.5
C524350,14825,2010-09-28,21933,2.95
C524352,15694,2010-09-28,22423,25.5
C524352,15694,2010-09-28,22169,17.0
C524352,15694,2010-09-28,22634,19.9
C524359,17063,2010-09-28,22383,3.3
C524360,17063,2010-09-28,21559,2.55
C524361,13552,2010-09-28,22423,21.9
C524362,18075,2010-09-28,22488,1.65
C524362,18075,2010-09-28,22456,4.95
C524364,13983,2010-09-28,22198,1.65
C524364,13983,2010-09-28,22197,2.55
C524367,15240,2010-09-28,21871,7.5
C524371,15329,2010-09-28,22364,2.95
C524371,15329,2010-09-28,22423,12.75
C524371,15329,2010-09-28,22666,5.9
C524373,16133,2010-09-28,21485,9.9
C524376,13799,2010-09-28,21830,20.16
C524378,14107,2010-09-28,22361,5.9
C524378,14107,2010-09-28,22359,2.95
C524381,12408,2010-09-28,20719,0.85
C524383,16341,2010-09-28,21928,1.95
C524383,16341,2010-09-28,85099B,1.95
C524383,16341,2010-09-28,85061W,0.85
C524383,16341,2010-09-28,22152,1.26
C524385,13635,2010-09-28,21918,2.52
C524385,13635,2010-09-28,22138,9.9
C524385,13635,2010-09-28,21917,0.42
C524386,17735,2010-09-28,22360,11.8
C524390,18009,2010-09-28,22752,8.5
C524391,12921,2010-09-28,22274,2.95
C524392,13599,2010-09-28,20724,0.72
C524392,13599,2010-09-28,22377,64.75
C524393,12993,2010-09-28,22617,9.9
C524393,12993,2010-09-28,22662,1.65
C524393,12993,2010-09-28,22561,1.65
C524394,13015,2010-09-28,21868,6.25
C524395,13701,2010-09-28,21815,1.45
C524396,17289,2010-09-28,21009,1.25
C524398,13980,2010-09-28,85141,10.75
C524399,13317,2010-09-28,85042,4.25
C524400,14837,2010-09-28,22854,4.95
C524401,16298,2010-09-28,21888,3.75
C524403,13281,2010-09-28,22654,5.95
C524404,13433,2010-09-28,22549,1.45
C524410,14049,2010-09-29,22561,1.65
C524414,12681,2010-09-29,22197,2.55
C524414,12681,2010-09-29,22303,5.1
C524527,14606,2010-09-29,21669,1.06
C524527,14606,2010-09-29,22154,0.42
C524528,13048,2010-09-29,47589,5.45
C524531,17511,2010-09-29,22411,1.65
C524531,17511,2010-09-29,85123A,2.55
C524531,17511,2010-09-29,21232,1.06
C524531,17511,2010-09-29,22061,8.5
C524535,15201,2010-09-29,22672,1.65
C524535,15201,2010-09-29,21154,1.25
C524535,15201,2010-09-29,47590B,5.45
C524542,14510,2010-09-29,22301,15.3
C524557,16658,2010-09-29,21730,4.95
C524560,14825,2010-09-29,79323P,20.25
C524623,13729,2010-09-30,22476,9.9
C524625,15107,2010-09-30,84840,8.5
C524625,15107,2010-09-30,22073,3.75
C524633,17188,2010-09-30,21528,13.9
C524635,15358,2010-09-30,22653,7.8
C524635,15358,2010-09-30,22652,1.65
C524636,14226,2010-09-30,21314,4.2
C524642,14195,2010-09-30,75049L,26.35
C524695,14543,2010-09-30,21843,39.8
C524695,14543,2010-09-30,21534,4.95
C524695,14543,2010-09-30,21538,3.75
C524695,14543,2010-09-30,21532,6.3
C524695,14543,2010-09-30,21528,17.85
C524695,14543,2010-09-30,20798,8.4
C524695,14543,2010-09-30,21936,2.95
C524699,13767,2010-09-30,22697,2.95
C524699,13767,2010-09-30,22698,8.85
C524705,16210,2010-09-30,22423,32.85
C524707,12598,2010-09-30,85098B,73.75
C524831,15101,2010-09-30,84078A,104.85
C524839,12705,2010-09-30,21432,27.25
C524844,14269,2010-09-30,21705,8.25
C524844,14269,2010-09-30,22910,5.9
C524844,14269,2010-09-30,22634,9.95
C524844,14269,2010-09-30,22635,9.95
C524845,14156,2010-09-30,22197,3.4
C524846,16630,2010-09-30,84946,2.5
C524847,14875,2010-09-30,22187,4.25
C524849,13985,2010-09-30,22665,2.95
C524860,16441,2010-09-30,21843,10.95
C524935,17389,2010-10-01,21658,39.5
C524946,12648,2010-10-01,21218,15.0
C524947,12471,2010-10-01,22813,1.95
C524947,12471,2010-10-01,20914,2.95
C524947,12471,2010-10-01,22556,6.6
C524947,12471,2010-10-01,22649,4.95
C524947,12471,2010-10-01,22423,25.5
C524979,18075,2010-10-01,22156,0.85
C524979,18075,2010-10-01,20702,8.5
C524980,13093,2010-10-01,22423,10.95
C524980,13093,2010-10-01,22630,1.95
C524981,16293,2010-10-01,22120,8.5
C524984,16177,2010-10-01,21533,4.95
C524993,13257,2010-10-01,22946,16.95
C524995,15093,2010-10-01,22423,65.7
C524996,13141,2010-10-01,22154,4.2
C524997,16875,2010-10-01,84946,1.25
C524998,12720,2010-10-01,21430,11.25
C525005,14156,2010-10-03,22423,32.85
C525026,13534,2010-10-03,22647,4.35
C525026,13534,2010-10-03,21231,6.25
C525026,13534,2010-10-03,21232,2.5
C525026,13534,2010-10-03,22854,4.95
C525026,13534,2010-10-03,22486,12.75
C525026,13534,2010-10-03,22646,2.9
C525027,17416,2010-10-03,21735,21.9
C525028,16298,2010-10-03,21143,1.95
C525043,16218,2010-10-03,22645,2.9
C525043,16218,2010-10-03,22646,2.9
C525043,16218,2010-10-03,22644,7.25
C525044,17612,2010-10-03,21931,1.95
C525044,17612,2010-10-03,20712,3.9
C525044,17612,2010-10-03,22166,15.9
C525046,15960,2010-10-03,21667,16.95
C525050,16799,2010-10-03,22649,4.95
C525062,13032,2010-10-03,22646,1.45
C525062,13032,2010-10-03,22065,2.9
C525062,13032,2010-10-03,85048,7.95
C525069,16549,2010-10-03,71038,5.45
C525076,16485,2010-10-03,85047,19.05
C525076,16485,2010-10-03,21155,2.1
C525076,16485,2010-10-03,22197,1.7
C525076,16485,2010-10-03,20914,2.95
C525076,16485,2010-10-03,22311,2.95
C525166,12474,2010-10-04,22749,3.75
C525229,12631,2010-10-04,21238,3.4
C525229,12631,2010-10-04,21239,3.4
C525270,15394,2010-10-04,85232D,9.9
C525432,15490,2010-10-05,22810,29.5
C525445,14978,2010-10-05,48188,15.9
C525501,15808,2010-10-05,22423,12.75
C525521,14451,2010-10-05,21430,3.75
C525529,13198,2010-10-05,22493,1.65
C525529,13198,2010-10-05,82615,5.9
C525530,12975,2010-10-05,85066,12.75
C525532,12468,2010-10-05,22355,0.85
C525532,12468,2010-10-05,22138,4.95
C525533,17340,2010-10-05,82483,9.9
C525536,15093,2010-10-05,22467,52.5
C525537,13922,2010-10-05,85048,7.95
C525538,16817,2010-10-05,22149,6.3
C525538,16817,2010-10-05,22567,3.75
C525539,14120,2010-10-05,82483,23.8
C525540,18226,2010-10-05,84534B,3.4
C525540,18226,2010-10-05,21868,5.0
C525542,17732,2010-10-05,22698,11.8
C525544,16232,2010-10-05,22064,3.3
C525545,16570,2010-10-05,22423,25.5
C525545,16570,2010-10-05,22383,1.65
C525547,13648,2010-10-05,85066,12.75
C525549,15502,2010-10-05,22835,4.65
C525550,15270,2010-10-05,22158,23.6
C525550,15270,2010-10-05,22156,5.95
C525550,15270,2010-10-05,75049L,15.3
C525550,15270,2010-10-05,75049L,72.25
C525550,15270,2010-10-05,22338,1.3
C525550,15270,2010-10-05,22335,2.6
C525550,15270,2010-10-05,22591,5.1
C525551,14299,2010-10-05,21291,1.7
C525551,14299,2010-10-05,22821,2.6
C525552,14292,2010-10-05,22752,8.5
C525553,13267,2010-10-05,22697,2.95
C525553,13267,2010-10-05,22630,1.95
C525554,13881,2010-10-05,22617,72.25
C525554,13881,2010-10-05,22138,51.0
C525555,14676,2010-10-05,22138,17.0
C525555,14676,2010-10-05,21212,13.2
C525555,14676,2010-10-05,22909,4.25
C525555,14676,2010-10-05,22809,30.6
C525557,16490,2010-10-05,37495,3.75
C525557,16490,2010-10-05,20932,7.5
C525558,16600,2010-10-05,21262,14.75
C525558,16600,2010-10-05,84876D,2.5
C525558,16600,2010-10-05,22156,2.55
C525558,16600,2010-10-05,22667,2.95
C525558,16600,2010-10-05,84877B,2.5
C525559,15658,2010-10-05,22423,12.75
C525559,15658,2010-10-05,22697,2.95
C525562,14425,2010-10-05,72807B,12.75
C525563,15736,2010-10-05,22138,4.95
C525563,15736,2010-10-05,22423,76.5
C525582,13674,2010-10-06,22634,9.95
C525699,12931,2010-10-06,20829,82.0
C525722,18272,2010-10-06,22617,4.95
C525758,14243,2010-10-07,21232,1.25
C525758,14243,2010-10-07,21429,1.65
C525758,14243,2010-10-07,21539,4.95
C525782,12748,2010-10-07,16169P,10.5
C525894,12429,2010-10-07,22951,50.4
C525901,12578,2010-10-07,22252,8.75
C525901,12578,2010-10-07,22617,9.9
C525901,12578,2010-10-07,22418,10.2
C525904,14321,2010-10-07,20702,8.5
C525915,13939,2010-10-07,21745,11.25
C525916,18178,2010-10-07,22472,14.85
C525917,16269,2010-10-07,37447,2.98
C525918,13623,2010-10-07,11001,1.69
C525918,13623,2010-10-07,37449,9.95
C525924,15358,2010-10-07,22618,9.95
C525924,15358,2010-10-07,22494,3.75
C525924,15358,2010-10-07,21918,0.42
C525924,15358,2010-10-07,21917,0.84
C525925,16584,2010-10-07,22364,5.9
C525925,16584,2010-10-07,22361,5.9
C525925,16584,2010-10-07,22360,11.8
C525925,16584,2010-10-07,22362,5.9
C525925,16584,2010-10-07,22359,11.8
C525927,14909,2010-10-07,22423,12.75
C525929,13599,2010-10-07,21564,5.9
C525929,13599,2010-10-07,22184,7.9
C525930,16145,2010-10-07,35004G,5.85
C525930,16145,2010-10-07,35004B,3.9
C525930,16145,2010-10-07,84625D,13.6
C525930,16145,2010-10-07,84625A,6.8
C525930,16145,2010-10-07,35968,0.38
C525936,17706,2010-10-07,21534,4.95
C525936,17706,2010-10-07,22553,3.3
C525936,17706,2010-10-07,22494,1.25
C525937,18220,2010-10-07,72529W,25.35
C525937,18220,2010-10-07,72529W,99.71
C525946,15955,2010-10-07,84945,0.85
C525946,15955,2010-10-07,22697,2.95
C525946,15955,2010-10-07,21533,4.25
C525946,15955,2010-10-07,21868,1.25
C525954,12472,2010-10-07,22467,16.8
C525954,12472,2010-10-07,22243,13.2
C525954,12472,2010-10-07,22212,4.2
C525954,12472,2010-10-07,22242,13.2
C525954,12472,2010-10-07,22244,1.95
C525954,12472,2010-10-07,21672,3.75
C525954,12472,2010-10-07,21244,1.69
C525954,12472,2010-10-07,21238,2.55
C525954,12472,2010-10-07,20676,1.25
C525954,12472,2010-10-07,21206,3.3
C525954,12472,2010-10-07,21843,10.95
C525954,12472,2010-10-07,21668,1.25
C525955,13360,2010-10-07,84945,0.85
C525955,13360,2010-10-07,21843,10.95
C525956,13320,2010-10-07,22065,10.15
C525957,17726,2010-10-07,85160B,2.5
C525958,15122,2010-10-07,84946,1.25
C525982,13564,2010-10-08,21903,2.1
C525982,13564,2010-10-08,20724,0.85
C525982,13564,2010-10-08,35810A,2.1
C525982,13564,2010-10-08,72008,0.42
C525982,13564,2010-10-08,21333,2.95
C525982,13564,2010-10-08,84706D,1.95
C526051,16156,2010-10-08,22666,8.85
C526088,17809,2010-10-08,79323W,4.25
C526110,13113,2010-10-08,37448,4.47
C526110,13113,2010-10-08,22470,2.55
C526110,13113,2010-10-08,84751B,7.5
C526111,14322,2010-10-08,22138,44.55
C526111,14322,2010-10-08,85123A,11.8
C526116,13014,2010-10-08,37495,22.5
C526117,12471,2010-10-08,20914,2.95
C526117,12471,2010-10-08,22423,25.5
C526117,12471,2010-10-08,22556,6.6
C526117,12471,2010-10-08,22649,4.95
C526117,12471,2010-10-08,22812,3.9
C526117,12471,2010-10-08,22646,1.45
C526119,17696,2010-10-08,22467,14.7
C526129,17172,2010-10-08,21016,1.68
C526131,14229,2010-10-08,22423,12.75
C526137,14425,2010-10-08,72807A,12.75
C526143,16554,2010-10-08,82494L,2.95
C526143,16554,2010-10-08,84946,2.5
C526143,16554,2010-10-08,22173,2.95
C526143,16554,2010-10-08,82482,5.1
C526143,16554,2010-10-08,22591,5.1
C526143,16554,2010-10-08,72815,7.5
C526143,16554,2010-10-08,22212,8.4
C526143,16554,2010-10-08,84978,10.0
C526143,16554,2010-10-08,85066,12.75
C526146,15469,2010-10-08,22147,5.8
C526147,15712,2010-10-08,22138,4.95
C526173,13736,2010-10-10,37450,2.95
C526270,14590,2010-10-11,21527,6.95
C526270,14590,2010-10-11,21539,4.25
C526270,14590,2010-10-11,21530,5.9
C526270,14590,2010-10-11,22073,6.78
C526398,15311,2010-10-11,20894,5.1
C526398,15311,2010-10-11,35004C,13.95
C526398,15311,2010-10-11,85123A,2.55
C526398,15311,2010-10-11,40001,5.12
C526398,15311,2010-10-11,16201A,3.9
C526398,15311,2010-10-11,21931,1.65
C526398,15311,2010-10-11,21232,1.06
C526398,15311,2010-10-11,82483,4.95
C526456,17755,2010-10-11,20726,1.65
C526456,17755,2010-10-11,21242,1.69
C526456,17755,2010-10-11,21054,17.9
C526456,17755,2010-10-11,21244,1.69
C526456,17755,2010-10-11,37447,7.45
C526456,17755,2010-10-11,20675,10.0
C526456,17755,2010-10-11,20677,10.0
C526456,17755,2010-10-11,47590B,10.9
C526456,17755,2010-10-11,37449,9.95
C526457,17696,2010-10-11,21671,1.25
C526457,17696,2010-10-11,82600,4.2
C526461,16118,2010-10-11,21238,0.72
C526461,16118,2010-10-11,85099C,1.65
C526464,14423,2010-10-11,22464,1.65
C526466,17095,2010-10-11,21638,16.8
C526467,15078,2010-10-11,82600,4.2
C526469,16558,2010-10-11,22061,9.95
C526469,16558,2010-10-11,22699,2.95
C526469,16558,2010-10-11,22698,5.9
C526470,13871,2010-10-11,21314,8.4
C526470,13871,2010-10-11,35004C,10.9
C526475,15622,2010-10-11,84947,1.25
C526478,16476,2010-10-11,22221,9.95
C526481,18226,2010-10-11,22667,5.9
C526482,13089,2010-10-11,22423,65.7
C526482,13089,2010-10-11,84949,13.2
C526516,12471,2010-10-12,21232,1.25
C526516,12471,2010-10-12,22423,12.75
C526516,12471,2010-10-12,22644,1.45
C526516,12471,2010-10-12,22646,1.45
C526516,12471,2010-10-12,21231,1.25
C526519,13468,2010-10-12,21232,5.0
C526519,13468,2010-10-12,20828,10.2
C526522,14534,2010-10-12,21922,7.95
C526526,18260,2010-10-12,22456,4.25
C526543,17706,2010-10-12,21735,12.75
C526593,14035,2010-10-12,82482,2.55
C526593,14035,2010-10-12,22156,0.85
C526596,16401,2010-10-12,20682,3.25
C526596,16401,2010-10-12,22323,1.95
C526648,14243,2010-10-12,85232D,4.95
C526653,15046,2010-10-12,21340,25.5
C526667,14846,2010-10-12,22807,30.6
C526670,13541,2010-10-12,20749,7.95
C526671,16422,2010-10-12,17003,35.0
C526726,15978,2010-10-12,22187,4.25
C526727,16325,2010-10-12,21808,7.5
C526727,16325,2010-10-12,21804,7.5
C526728,14299,2010-10-12,21843,99.5
C526730,17091,2010-10-12,21486,3.75
C526731,12476,2010-10-12,22465,3.3
C526731,12476,2010-10-12,21658,3.95
C526732,14035,2010-10-12,22156,0.85
C526734,13440,2010-10-12,22138,19.8
C526735,15291,2010-10-12,82484,33.3
C526735,15291,2010-10-12,85063,14.95
C526736,15596,2010-10-12,21527,7.95
C526737,15978,2010-10-12,22908,2.55
C526740,13455,2010-10-12,21232,2.5
C526740,13455,2010-10-12,85014B,5.95
C526740,13455,2010-10-12,22649,4.95
C526803,12480,2010-10-13,85232A,4.95
C526803,12480,2010-10-13,21217,9.95
C526839,15611,2010-10-13,22423,38.25
C526844,12909,2010-10-13,22661,0.85
C526844,12909,2010-10-13,37447,2.98
C526880,17511,2010-10-13,22618,8.49
C526880,17511,2010-10-13,22659,1.65
C526880,17511,2010-10-13,85123A,2.55
C526880,17511,2010-10-13,22197,0.72
C526880,17511,2010-10-13,21930,1.65
C526880,17511,2010-10-13,20675,1.06
C526880,17511,2010-10-13,20676,1.06
C526880,17511,2010-10-13,20677,1.06
C526880,17511,2010-10-13,20674,1.06
C526880,17511,2010-10-13,22196,0.72
C526880,17511,2010-10-13,47568,1.69
C526912,12709,2010-10-13,22423,21.9
C526912,12709,2010-10-13,22467,2.1
C526912,12709,2010-10-13,22503,24.95
C526912,12709,2010-10-13,21216,4.25
C526918,16281,2010-10-13,20967,7.5
C526925,13199,2010-10-13,22360,14.75
C526929,13093,2010-10-14,84946,1.25
C526931,14930,2010-10-14,22628,4.95
C526939,15898,2010-10-14,84247E,32.45
C526956,15339,2010-10-14,21843,10.95
C526956,15339,2010-10-14,22507,4.95
C527019,14680,2010-10-14,22355,0.72
C527019,14680,2010-10-14,20725,1.45
C527019,14680,2010-10-14,22384,6.6
C527019,14680,2010-10-14,21931,1.95
C527019,14680,2010-10-14,20713,1.95
C527024,15291,2010-10-14,85063,74.75
C527025,12853,2010-10-14,22865,2.1
C527025,12853,2010-10-14,22423,98.55
C527031,15696,2010-10-14,84946,1.25
C527031,15696,2010-10-14,22766,2.95
C527031,15696,2010-10-14,22297,1.25
C527031,15696,2010-10-14,21527,7.95
C527031,15696,2010-10-14,22796,9.95
C527031,15696,2010-10-14,71279,2.95
C527031,15696,2010-10-14,22296,1.65
C527106,15380,2010-10-14,35001W,35.4
C527106,15380,2010-10-14,35001G,13.56
C527342,13446,2010-10-15,21527,7.95
C527342,13446,2010-10-15,22061,9.95
C527389,17211,2010-10-17,79323B,27.0
C527410,13798,2010-10-17,21165,2.9
C527410,13798,2010-10-17,85099B,9.9
C527410,13798,2010-10-17,82597,1.69
C527410,13798,2010-10-17,21231,7.42
C527410,13798,2010-10-17,22064,8.7
C527410,13798,2010-10-17,21232,2.12
C527410,13798,2010-10-17,20914,2.55
C527410,13798,2010-10-17,37446,1.25
C527410,13798,2010-10-17,85150,4.2
C527410,13798,2010-10-17,21928,1.65
C527410,13798,2010-10-17,85099F,3.3
C527410,13798,2010-10-17,85099C,4.95
C527410,13798,2010-10-17,20728,1.45
C527410,13798,2010-10-17,37450,7.65
C527410,13798,2010-10-17,20711,6.6
C527410,13798,2010-10-17,20725,2.9
C527410,13798,2010-10-17,82580,0.42
C527410,13798,2010-10-17,35924,13.52
C527410,13798,2010-10-17,84378,1.06
C527422,15551,2010-10-17,22170,23.8
C527425,14953,2010-10-17,22440,8.4
C527460,15574,2010-10-18,84670,42.0
C527464,14395,2010-10-18,82484,6.45
C527464,14395,2010-10-18,22507,4.95
C527469,17841,2010-10-18,22947,16.95
C527477,16499,2010-10-18,22070,3.75
C527477,16499,2010-10-18,22071,3.75
C527481,16643,2010-10-18,22361,2.95
C527481,16643,2010-10-18,22665,2.95
C527481,16643,2010-10-18,22557,1.65
C527500,17685,2010-10-18,21238,5.1
C527501,16133,2010-10-18,21332,29.85
C527534,15785,2010-10-18,22197,1.44
C527534,15785,2010-10-18,22198,4.35
C527547,15044,2010-10-18,21231,1.25
C527547,15044,2010-10-18,82494L,2.95
C527547,15044,2010-10-18,21232,1.25
C527553,15321,2010-10-18,22667,2.95
C527553,15321,2010-10-18,22671,1.65
C527553,15321,2010-10-18,22758,5.0
C527567,17457,2010-10-18,22138,76.5
C527606,18075,2010-10-18,21011,4.35
C527606,18075,2010-10-18,21735,12.75
C527606,18075,2010-10-18,20703,8.5
C527628,14754,2010-10-18,21012,4.2
C527637,16476,2010-10-18,22156,3.4
C527643,12457,2010-10-18,22634,29.85
C527643,12457,2010-10-18,22635,39.8
C527643,12457,2010-10-18,22636,8.5
C527647,15281,2010-10-18,84927A,2.1
C527647,15281,2010-10-18,21667,16.95
C527647,15281,2010-10-18,85030,7.95
C527653,15252,2010-10-18,22501,9.95
C527653,15252,2010-10-18,22894,17.0
C527659,15827,2010-10-18,22899,2.1
C527659,15827,2010-10-18,22666,5.9
C527660,15502,2010-10-18,17013D,1.57
C527660,15502,2010-10-18,85123A,2.1
C527660,15502,2010-10-18,84755,1.3
C527660,15502,2010-10-18,22423,76.5
C527660,15502,2010-10-18,22198,4.95
C527661,13663,2010-10-18,22946,16.95
C527661,13663,2010-10-18,22947,16.95
C527663,17422,2010-10-18,22156,16.15
C527663,17422,2010-10-18,22184,7.9
C527723,14572,2010-10-18,22423,12.75
C527750,15346,2010-10-18,22059,4.47
C527915,13093,2010-10-19,22667,35.4
C527919,14911,2010-10-19,82011A,3.75
C527920,13090,2010-10-19,22634,8.5
C527923,13078,2010-10-19,22461,10.95
C527923,13078,2010-10-19,35004B,1.95
C527927,14911,2010-10-19,90185B,4.25
C527927,14911,2010-10-19,90185C,8.5
C527927,14911,2010-10-19,90185A,4.25
C527930,16795,2010-10-19,22268,0.85
C527930,16795,2010-10-19,20832,2.55
C527930,16795,2010-10-19,21156,1.95
C527930,16795,2010-10-19,21380,2.95
C527931,17204,2010-10-19,22423,12.75
C527931,17204,2010-10-19,21781,14.95
C527931,17204,2010-10-19,22333,1.65
C527932,13655,2010-10-19,22891,4.25
C527932,13655,2010-10-19,22633,2.1
C527934,12921,2010-10-19,22752,17.0
C527934,12921,2010-10-19,22274,2.95
C527967,15281,2010-10-20,22796,9.95
C527967,15281,2010-10-20,22891,4.25
C528075,16797,2010-10-20,22198,3.3
C528075,16797,2010-10-20,22355,0.85
C528099,14952,2010-10-20,21914,30.0
C528099,14952,2010-10-20,84949,13.2
C528143,12694,2010-10-20,21156,3.9
C528149,16019,2010-10-20,22218,22.5
C528163,15750,2010-10-21,22165,17.6
C528171,14644,2010-10-21,22848,16.95
C528171,14644,2010-10-21,22847,16.95
C528173,14644,2010-10-21,22848,14.95
C528173,14644,2010-10-21,22847,14.95
C528174,14388,2010-10-21,22357,8.5
C528174,14388,2010-10-21,21527,7.95
C528182,12511,2010-10-21,79321,4.95
C528182,12511,2010-10-21,35923,2.5
C528182,12511,2010-10-21,22348,0.85
C528358,12471,2010-10-21,22649,4.95
C528358,12471,2010-10-21,22423,54.75
C528358,12471,2010-10-21,20914,2.95
C528365,13077,2010-10-21,85118,2.5
C528365,13077,2010-10-21,21414,2.1
C528365,13077,2010-10-21,22178,1.25
C528365,13077,2010-10-21,21326,0.65
C528373,14853,2010-10-21,22423,12.75
C528378,13021,2010-10-21,47594B,1.95
C528379,16810,2010-10-21,22865,2.1
C528379,16810,2010-10-21,22910,2.95
C528379,16810,2010-10-21,22946,16.95
C528380,14499,2010-10-21,22854,4.95
C528381,17646,2010-10-21,22843,6.75
C528381,17646,2010-10-21,22841,7.95
C528381,17646,2010-10-21,22840,7.95
C528392,12589,2010-10-21,22645,1.45
C528398,14553,2010-10-22,22423,25.5
C528402,14907,2010-10-22,71477,8.25
C528402,14907,2010-10-22,21876,1.25
C528404,18223,2010-10-22,22385,1.95
C528409,13136,2010-10-22,79321,4.95
C528409,13136,2010-10-22,20750,7.95
C528410,16465,2010-10-22,22890,19.9
C528413,14296,2010-10-22,21527,7.95
C528415,13093,2010-10-22,22423,12.75
C528421,14314,2010-10-22,22165,7.9
C528425,18260,2010-10-22,21412,1.26
C528425,18260,2010-10-22,85042,8.5
C528426,17429,2010-10-22,21874,2.5
C528427,16607,2010-10-22,21209,9.9
C528428,14051,2010-10-22,22699,2.95
C528428,14051,2010-10-22,21871,10.0
C528430,13927,2010-10-22,22212,8.4
C528430,13927,2010-10-22,21257,7.95
C528430,13927,2010-10-22,85099B,1.95
C528442,15489,2010-10-22,22361,15.3
C528446,14440,2010-10-22,85047,22.2
C528451,12986,2010-10-22,22095,13.75
C528451,12986,2010-10-22,22179,6.75
C528451,12986,2010-10-22,21494,2.5
C528451,12986,2010-10-22,21272,1.25
C528451,12986,2010-10-22,22444,6.25
C528451,12986,2010-10-22,21464,4.25
C528451,12986,2010-10-22,21035,14.75
C528451,12986,2010-10-22,21272,11.25
C528451,12986,2010-10-22,21623,19.9
C528451,12986,2010-10-22,21213,9.35
C528451,12986,2010-10-22,22417,11.0
C528451,12986,2010-10-22,22138,24.75
C528451,12986,2010-10-22,21169,1.69
C528451,12986,2010-10-22,22621,14.5
C528451,12986,2010-10-22,82597,4.2
C528451,12986,2010-10-22,22528,2.5
C528451,12986,2010-10-22,22464,13.2
C528451,12986,2010-10-22,22607,9.95
C528451,12986,2010-10-22,20972,13.75
C528451,12986,2010-10-22,21408,8.5
C528451,12986,2010-10-22,22149,2.1
C528451,12986,2010-10-22,22273,14.75
C528451,12986,2010-10-22,85174,9.9
C528451,12986,2010-10-22,22501,9.95
C528451,12986,2010-10-22,85150,2.55
C528451,12986,2010-10-22,22115,2.95
C528451,12986,2010-10-22,21164,5.9
C528451,12986,2010-10-22,21445,10.0
C528458,13299,2010-10-22,21258,12.75
C528458,13299,2010-10-22,22697,2.95
C528480,17353,2010-10-22,20728,1.45
C528491,18065,2010-10-22,22776,9.95
C528491,18065,2010-10-22,22877,1.95
C528492,17646,2010-10-22,22843,6.75
C528535,17757,2010-10-22,22138,24.75
C528602,12749,2010-10-22,22760,25.5
C528602,12749,2010-10-22,22769,24.95
C528602,12749,2010-10-22,22763,19.9
C528602,12749,2010-10-22,22968,9.95
C528602,12749,2010-10-22,22699,2.95
C528602,12749,2010-10-22,75049L,1.25
C528602,12749,2010-10-22,84978,5.0
C528602,12749,2010-10-22,22626,8.5
C528602,12749,2010-10-22,22697,5.9
C528602,12749,2010-10-22,22451,6.7
C528602,12749,2010-10-22,22450,3.35
C528602,12749,2010-10-22,21258,12.75
C528756,13564,2010-10-24,35811A,4.2
C528756,13564,2010-10-24,22467,2.55
C528756,13564,2010-10-24,82494L,2.95
C528756,13564,2010-10-24,85170D,2.1
C528756,13564,2010-10-24,22666,2.95
C528867,14618,2010-10-25,21667,16.95
C528877,13267,2010-10-25,79323P,13.5
C528877,13267,2010-10-25,79323W,13.5
C528878,15039,2010-10-25,20713,1.95
C528879,14534,2010-10-25,11001,1.69
C528879,14534,2010-10-25,22386,1.95
C528885,17646,2010-10-25,22843,6.75
C528885,17646,2010-10-25,22842,6.75
C528900,15786,2010-10-25,21535,2.55
C528902,13093,2010-10-25,21733,2.95
C528902,13093,2010-10-25,20914,2.95
C528902,13093,2010-10-25,21929,1.95
C528904,13502,2010-10-25,22667,5.9
C528911,15747,2010-10-25,22385,1.95
C528914,16996,2010-10-25,22364,2.95
C528914,16996,2010-10-25,22360,2.95
C528914,16996,2010-10-25,22327,11.8
C528914,16996,2010-10-25,22383,1.65
C528914,16996,2010-10-25,22767,9.95
C528914,16996,2010-10-25,71053,7.5
C528914,16996,2010-10-25,82494L,2.95
C528925,12523,2010-10-25,22890,9.95
C528929,16748,2010-10-25,22818,5.04
C528930,14551,2010-10-25,22652,16.5
C528931,12437,2010-10-25,22222,4.95
C528932,17732,2010-10-25,20713,1.95
C528932,17732,2010-10-25,22636,8.5
C528933,13836,2010-10-25,21258,12.75
C528933,13836,2010-10-25,22637,5.1
C528982,16576,2010-10-26,37370,2.5
C528984,18247,2010-10-26,22423,12.75
C528984,18247,2010-10-26,71477,3.25
C528984,18247,2010-10-26,22061,29.85
C528986,15626,2010-10-26,22652,3.3
C528988,13055,2010-10-26,21463,5.95
C529056,14546,2010-10-26,21319,1.65
C529056,14546,2010-10-26,85123A,2.95
C529056,14546,2010-10-26,22502,4.95
C529056,14546,2010-10-26,85040A,1.65
C529056,14546,2010-10-26,21333,2.95
C529056,14546,2010-10-26,21009,2.5
C529145,15874,2010-10-26,85047,19.05
C529155,14551,2010-10-26,22617,4.95
C529171,13050,2010-10-26,22666,8.85
C529172,12982,2010-10-26,22646,1.45
C529172,12982,2010-10-26,71477,3.25
C529172,12982,2010-10-26,22138,9.9
C529172,12982,2010-10-26,22617,9.9
C529172,12982,2010-10-26,22197,0.85
C529172,12982,2010-10-26,22890,9.95
C529174,13295,2010-10-26,21704,0.85
C529174,13295,2010-10-26,22891,4.25
C529176,15940,2010-10-26,35400,31.8
C529177,14301,2010-10-26,37450,2.95
C529177,14301,2010-10-26,22649,4.95
C529177,14301,2010-10-26,21232,5.0
C529182,15377,2010-10-26,35400,31.8
C529183,15777,2010-10-26,22139,4.95
C529184,16950,2010-10-26,22154,20.58
C529185,17597,2010-10-26,22127,1.25
C529185,17597,2010-10-26,22139,14.85
C529185,17597,2010-10-26,22099,3.75
C529185,17597,2010-10-26,22760,12.75
C529187,13552,2010-10-26,21907,4.2
C529188,13107,2010-10-26,22943,4.95
C529189,14216,2010-10-26,22301,5.1
C529189,14216,2010-10-26,22300,2.55
C529294,12471,2010-10-27,22467,2.1
C529312,12647,2010-10-27,84279P,13.56
C529343,17322,2010-10-27,72807B,4.25
C529359,12474,2010-10-28,47594A,3.9
C529506,15198,2010-10-28,22654,11.9
C529538,14530,2010-10-28,72807B,8.5
C529561,17034,2010-10-28,22798,2.95
C529561,17034,2010-10-28,22575,1.95
C529561,17034,2010-10-28,22791,13.75
C529562,14515,2010-10-28,20778,3.3
C529562,14515,2010-10-28,20777,3.3
C529564,16422,2010-10-28,22333,556.8
C529565,12790,2010-10-28,22320,5.95
C529565,12790,2010-10-28,22572,2.55
C529571,18223,2010-10-28,22941,8.5
C529571,18223,2010-10-28,22892,5.0
C529571,18223,2010-10-28,22890,34.0
C529578,13510,2010-10-28,22386,1.95
C529711,16652,2010-10-29,22843,5.95
C529711,16652,2010-10-29,22838,25.5
C529711,16652,2010-10-29,22839,12.75
C529822,15351,2010-10-31,21034,0.95
C529822,15351,2010-10-31,22575,3.9
C529908,16928,2010-10-31,21291,27.2
C529992,16984,2010-10-31,21655,3.38
C530017,17975,2010-11-01,82483,5.95
C530058,15039,2010-11-01,22171,8.5
C530063,12931,2010-11-01,20975,30.8
C530069,12494,2010-11-01,22070,3.75
C530069,12494,2010-11-01,22071,3.75
C530169,16823,2010-11-02,22428,6.95
C530170,13126,2010-11-02,22061,9.95
C530174,13362,2010-11-02,22361,5.9
C530175,17044,2010-11-02,21146,3.9
C530175,17044,2010-11-02,84352,16.95
C530175,17044,2010-11-02,21143,7.8
C530179,13648,2010-11-02,22891,8.5
C530179,13648,2010-11-02,21648,6.25
C530181,15337,2010-11-02,85066,12.75
C530181,15337,2010-11-02,22766,11.8
C530181,15337,2010-11-02,84978,3.75
C530185,17389,2010-11-02,21735,1620.6
C530187,12986,2010-11-02,22193,25.5
C530283,13767,2010-11-02,21706,4.95
C530283,13767,2010-11-02,21314,6.3
C530284,14897,2010-11-02,22180,39.8
C530285,15382,2010-11-02,22624,8.5
C530286,13824,2010-11-02,22468,6.75
C530286,13824,2010-11-02,22617,9.9
C530286,13824,2010-11-02,22138,19.8
C530287,16019,2010-11-02,22423,21.9
C530290,14593,2010-11-02,22427,5.95
C530290,14593,2010-11-02,22278,4.95
C530289,12797,2010-11-02,15056BL,5.95
C530292,17083,2010-11-02,21245,6.76
C530291,14593,2010-11-02,22278,4.95
C530293,13769,2010-11-02,84945,0.85
C530293,13769,2010-11-02,85174,4.95
C530294,13093,2010-11-02,22795,6.75
C530362,14065,2010-11-02,22464,1.65
C530398,17858,2010-11-02,84967B,60.0
C530399,17170,2010-11-02,22618,59.7
C530438,15078,2010-11-03,22667,2.95
C530438,15078,2010-11-03,22411,1.95
C530516,14769,2010-11-03,22169,8.5
C530519,15694,2010-11-03,35004B,23.4
C530521,13554,2010-11-03,22139,4.95
C530521,13554,2010-11-03,22891,4.25
C530523,13831,2010-11-03,85103,5.95
C530523,13831,2010-11-03,84839,5.55
C530528,18172,2010-11-03,82483,4.95
C530532,13554,2010-11-03,84843,5.95
C530539,16034,2010-11-03,22158,2.95
C530547,12417,2010-11-03,22409,10.0
C530549,13317,2010-11-03,22666,2.95
C530551,17511,2010-11-03,22386,1.65
C530551,17511,2010-11-03,22632,1.85
C530551,17511,2010-11-03,21929,1.65
C530551,17511,2010-11-03,22702,1.85
C530551,17511,2010-11-03,22665,5.9
C530551,17511,2010-11-03,22411,1.65
C530555,13018,2010-11-03,22801,7.5
C530555,13018,2010-11-03,22778,7.9
C530573,16422,2010-11-03,85049A,15.0
C530573,16422,2010-11-03,22333,556.8
C530573,16422,2010-11-03,21491,23.4
C530573,16422,2010-11-03,22812,23.4
C530618,16350,2010-11-03,82484,6.45
C530638,16147,2010-11-03,20725,1.65
C530664,16732,2010-11-04,22656,295.0
C530667,15738,2010-11-04,21080,4.25
C530668,12474,2010-11-04,21976,1.1
C530673,14276,2010-11-04,20725,6.6
C530673,14276,2010-11-04,20728,8.25
C530673,14276,2010-11-04,84970S,1.7
C530678,13461,2010-11-04,21259,5.95
C530678,13461,2010-11-04,21258,12.75
C530682,16670,2010-11-04,21527,7.95
C530700,13362,2010-11-04,85066,12.75
C530701,13981,2010-11-04,84279P,3.75
C530702,18215,2010-11-04,22191,8.5
C530703,17063,2010-11-04,21931,1.65
C530705,15329,2010-11-04,22423,12.75
C530706,14390,2010-11-04,21463,5.95
C530706,14390,2010-11-04,21464,4.25
C530707,18225,2010-11-04,22180,19.9
C530711,15093,2010-11-04,21658,3.95
C530711,15093,2010-11-04,22245,0.85
C530712,14496,2010-11-04,22801,7.5
C530713,14400,2010-11-04,22357,4.25
C530713,14400,2010-11-04,84945,4.32
C530713,14400,2010-11-04,22358,5.9
C530736,13692,2010-11-04,22625,76.5
C530737,16491,2010-11-04,21564,8.85
C530794,15580,2010-11-04,22483,2.95
C530798,12708,2010-11-04,22617,4.95
C530798,12708,2010-11-04,22556,1.65
C530798,12708,2010-11-04,22618,9.95
C530832,15158,2010-11-04,85172,3.36
C530839,14777,2010-11-04,22946,16.95
C530907,12917,2010-11-04,15056N,14.85
C530910,16732,2010-11-04,22359,17.7
C530931,12720,2010-11-04,22243,1.65
C530931,12720,2010-11-04,22168,8.5
C530931,12720,2010-11-04,22198,9.9
C530933,12393,2010-11-04,22320,5.95
C530933,12393,2010-11-04,20703,8.5
C530933,12393,2010-11-04,22325,4.95
C530933,12393,2010-11-04,20727,1.65
C530933,12393,2010-11-04,22382,1.65
C530934,14714,2010-11-04,22064,1.65
C530934,14714,2010-11-04,22668,2.95
C530935,14847,2010-11-04,22654,11.9
C530935,14847,2010-11-04,85048,7.95
C530935,14847,2010-11-04,22168,8.5
C530942,15294,2010-11-04,35400,8.95
C530942,15294,2010-11-04,20871,2.1
C530943,15620,2010-11-04,79403,0.85
C530943,15620,2010-11-04,85226A,1.1
C530943,15620,2010-11-04,84945,1.7
C530944,15602,2010-11-04,71477,16.5
C530944,15602,2010-11-04,22575,3.3
C530949,12445,2010-11-04,72807B,8.5
C530954,18168,2010-11-04,22067,1.65
C530954,18168,2010-11-04,21232,1.25
C530954,18168,2010-11-04,21531,2.55
C530979,17276,2010-11-05,21877,1.25
C530979,17276,2010-11-05,22946,50.85
C530993,13646,2010-11-05,21733,2.95
C530994,12476,2010-11-05,85199L,1.3
C530994,12476,2010-11-05,35400,8.95
C530994,12476,2010-11-05,22632,4.2
C530994,12476,2010-11-05,84945,0.85
C530994,12476,2010-11-05,22090,2.95
C530995,12476,2010-11-05,22764,43.9
C530996,12476,2010-11-05,21844,5.9
C531001,17404,2010-11-05,21906,67.5
C531045,14911,2010-11-05,22061,9.95
C531091,13113,2010-11-05,22469,1.45
C531091,13113,2010-11-05,85066,10.95
C531133,14911,2010-11-05,22423,43.8
C531134,16984,2010-11-05,82607E,1.25
C531134,16984,2010-11-05,22360,2.95
C531134,16984,2010-11-05,22297,1.25
C531134,16984,2010-11-05,22359,2.95
C531134,16984,2010-11-05,22363,2.95
C531179,15796,2010-11-05,22617,29.7
C531179,15796,2010-11-05,22138,29.7
C531191,15253,2010-11-05,20798,2.1
C531201,15253,2010-11-05,20798,2.1
C531211,15628,2010-11-05,22667,5.9
C531211,15628,2010-11-05,21777,7.95
C531242,16746,2010-11-07,22355,0.85
C531242,16746,2010-11-07,47591D,1.95
C531242,16746,2010-11-07,22627,8.5
C531339,16928,2010-11-07,21735,12.75
C531355,17107,2010-11-07,85099B,1.95
C531428,16732,2010-11-08,22727,3.75
C531429,16401,2010-11-08,20681,3.25
C531434,17084,2010-11-08,20686,3.25
C531443,14236,2010-11-08,35400,8.95
C531446,12651,2010-11-08,85232B,9.9
C531446,12651,2010-11-08,22467,2.55
C531448,17735,2010-11-08,22949,5.8
C531449,14209,2010-11-08,22767,29.85
C531451,13466,2010-11-08,22776,9.95
C531451,13466,2010-11-08,22697,2.95
C531451,13466,2010-11-08,22784,38.25
C531455,12681,2010-11-08,22197,1.7
C531455,12681,2010-11-08,21843,32.85
C531456,13815,2010-11-08,22168,17.0
C531456,13815,2010-11-08,20972,7.5
C531465,12720,2010-11-08,22243,18.15
C531483,13004,2010-11-08,22149,4.2
C531483,13004,2010-11-08,85099B,3.9
C531483,13004,2010-11-08,22386,3.9
C531555,13660,2010-11-09,71038,10.9
C531563,14515,2010-11-09,21136,6.76
C531565,16684,2010-11-09,22423,87.6
C531565,16684,2010-11-09,21843,98.55
C531569,16684,2010-11-09,37444A,2.95
C531588,14482,2010-11-09,21098,38.16
C531743,16960,2010-11-09,22630,21.45
C531751,13266,2010-11-09,22629,1.95
C531765,15570,2010-11-09,22941,8.5
C531775,14062,2010-11-09,15056BL,11.9
C531790,12476,2010-11-09,22073,3.75
C531790,12476,2010-11-09,84949,1.65
C531790,12476,2010-11-09,22072,7.5
C531790,12476,2010-11-09,71053,3.75
C531790,12476,2010-11-09,85232B,4.95
C531813,14105,2010-11-09,22801,3.75
C531813,14105,2010-11-09,22800,3.75
C531813,14105,2010-11-09,22798,5.9
C531813,14105,2010-11-09,21452,5.9
C531821,14047,2010-11-09,22941,8.5
C531821,14047,2010-11-09,85048,7.95
C531823,13772,2010-11-09,84991,11.55
C531841,13089,2010-11-10,21844,14.75
C531845,16839,2010-11-10,22776,34.0
C531845,16839,2010-11-10,22423,21.9
C531858,17702,2010-11-10,22667,2.95
C531858,17702,2010-11-10,22556,1.65
C531859,13615,2010-11-10,22758,2.5
C531859,13615,2010-11-10,22752,8.5
C531859,13615,2010-11-10,22349,7.5
C531859,13615,2010-11-10,22319,1.3
C531859,13615,2010-11-10,21147,4.2
C531871,14105,2010-11-10,21452,2.95
C531873,17340,2010-11-10,21735,43.8
C531873,17340,2010-11-10,82482,2.55
C531873,17340,2010-11-10,84949,1.65
C531874,15906,2010-11-10,22838,14.95
C531874,15906,2010-11-10,22847,16.95
C532027,13735,2010-11-10,21216,4.95
C532031,15311,2010-11-10,22719,2.12
C532031,15311,2010-11-10,22355,1.44
C532041,12474,2010-11-10,22631,1.95
C532041,12474,2010-11-10,20682,6.5
C532086,14031,2010-11-10,35004B,5.85
C532098,15031,2010-11-10,22889,27.3
C532130,14911,2010-11-11,22618,49.75
C532138,13979,2010-11-11,81950B,0.85
C532174,13246,2010-11-11,22218,4.25
C532283,13246,2010-11-11,85099B,35.1
C532327,15016,2010-11-11,21314,2.1
C532329,14713,2010-11-11,22515,2.1
C532341,14680,2010-11-11,22198,8.25
C532362,13365,2010-11-11,22946,16.95
C532362,13365,2010-11-11,22634,9.95
C532368,12505,2010-11-11,22361,11.8
C532368,12505,2010-11-11,22362,5.9
C532368,12505,2010-11-11,22637,5.1
C532374,14194,2010-11-11,21846,17.5
C532374,14194,2010-11-11,22800,3.75
C532375,13049,2010-11-11,84978,3.75
C532375,13049,2010-11-11,21314,20.35
C532376,16677,2010-11-11,22359,5.9
C532376,16677,2010-11-11,22764,24.95
C532380,16782,2010-11-11,22158,5.9
C532381,13359,2010-11-11,22357,4.25
C532381,13359,2010-11-11,22666,2.95
C532383,12943,2010-11-11,22569,3.75
C532387,18075,2010-11-11,21410,4.25
C532387,18075,2010-11-11,85018D,7.65
C532388,17677,2010-11-11,85042,4.25
C532389,17476,2010-11-11,22168,8.5
C532390,12437,2010-11-11,22634,9.95
C532392,13453,2010-11-11,22236,12.75
C532393,17135,2010-11-11,22154,10.92
C532394,18141,2010-11-11,22799,8.5
C532395,15694,2010-11-11,22778,19.75
C532398,15724,2010-11-11,21558,2.55
C532398,15724,2010-11-11,21559,2.55
C532399,16503,2010-11-11,22580,5.95
C532400,16128,2010-11-11,21905,2.1
C532401,13329,2010-11-11,22947,12.75
C532403,15874,2010-11-11,21231,1.25
C532403,15874,2010-11-11,85040B,4.95
C532403,15874,2010-11-11,20931,7.5
C532403,15874,2010-11-11,82494L,2.95
C532403,15874,2010-11-11,72351A,2.1
C532403,15874,2010-11-11,72741,2.9
C532403,15874,2010-11-11,84709B,5.95
C532403,15874,2010-11-11,85025B,3.3
C532403,15874,2010-11-11,85063,16.95
C532403,15874,2010-11-11,82482,7.65
C532404,14426,2010-11-11,22073,3.75
C532406,13093,2010-11-11,20914,8.85
C532407,16546,2010-11-11,21111,2.95
C532409,13394,2010-11-11,85018D,30.6
C532409,13394,2010-11-11,22307,1.95
C532410,14732,2010-11-11,82483,5.95
C532410,14732,2010-11-11,22171,8.5
C532411,13453,2010-11-11,22061,9.95
C532413,17696,2010-11-11,21351,6.75
C532414,16143,2010-11-11,22423,12.75
C532415,16118,2010-11-11,20682,2.75
C532417,12924,2010-11-12,84944,42.5
C532552,17954,2010-11-12,84944,42.5
C532583,15311,2010-11-12,35004C,4.65
C532583,15311,2010-11-12,82482,2.1
C532583,15311,2010-11-12,20719,0.72
C532586,16471,2010-11-12,71101E,2.55
C532797,17802,2010-11-14,82486,7.95
C532797,17802,2010-11-14,82483,5.95
C532820,14382,2010-11-14,47567B,5.95
C532830,14911,2010-11-15,21429,3.3
C532848,16523,2010-11-15,37447,1.49
C532848,16523,2010-11-15,22061,9.95
C532852,16033,2010-11-15,22634,9.95
C532958,14606,2010-11-15,22178,2.5
C532967,17757,2010-11-15,21217,9.95
C532970,17231,2010-11-15,90185D,4.25
C532987,14911,2010-11-15,35471A,30.0
C533002,18260,2010-11-15,22943,4.95
C533002,18260,2010-11-15,85048,7.95
C533016,12709,2010-11-15,21741,2.55
C533016,12709,2010-11-15,21658,3.95
C533016,12709,2010-11-15,22243,1.65
C533016,12709,2010-11-15,22625,7.65
C533016,12709,2010-11-15,22409,1.25
C533016,12709,2010-11-15,21452,2.55
C533044,15311,2010-11-15,22198,2.9
C533068,16161,2010-11-15,20682,3.25
C533068,16161,2010-11-15,22580,5.95
C533068,16161,2010-11-15,22465,4.95
C533068,16161,2010-11-15,15060B,3.75
C533068,16161,2010-11-15,71053,3.75
C533068,16161,2010-11-15,22505,4.95
C533068,16161,2010-11-15,85040A,1.65
C533081,17994,2010-11-16,21832,1.65
C533099,13353,2010-11-16,22890,9.95
C533099,13353,2010-11-16,21843,10.95
C533099,13353,2010-11-16,22840,7.95
C533100,13534,2010-11-16,22843,6.75
C533100,13534,2010-11-16,85099B,1.95
C533107,12997,2010-11-16,21658,3.95
C533107,12997,2010-11-16,21231,1.25
C533111,13767,2010-11-16,84750B,3.9
C533111,13767,2010-11-16,22801,3.75
C533117,14299,2010-11-16,21843,39.8
C533117,14299,2010-11-16,22423,10.95
C533117,14299,2010-11-16,21843,9.95
C533122,17695,2010-11-16,85045,25.5
C533124,15281,2010-11-16,21352,6.75
C533124,15281,2010-11-16,21217,9.95
C533125,14609,2010-11-16,18007,120.0
C533126,17389,2010-11-16,22138,29.75
C533150,13763,2010-11-16,22890,9.95
C533153,16705,2010-11-16,84949,4.35
C533155,17017,2010-11-16,22198,4.35
C533155,17017,2010-11-16,22197,0.72
C533157,18075,2010-11-16,21324,2.95
C533157,18075,2010-11-16,22139,4.95
C533159,13468,2010-11-16,85042,4.95
C533159,13468,2010-11-16,22801,11.25
C533279,13564,2010-11-16,20727,1.65
C533303,12982,2010-11-16,71477,6.5
C533303,12982,2010-11-16,22890,9.95
C533304,12681,2010-11-16,22940,4.25
C533304,12681,2010-11-16,21905,2.1
C533305,16094,2010-11-16,21539,4.95
C533305,16094,2010-11-16,22130,0.85
C533306,16600,2010-11-16,21754,5.95
C533308,12951,2010-11-16,22909,0.85
C533308,12951,2010-11-16,22667,5.9
C533307,18277,2010-11-16,22149,4.2
C533307,18277,2010-11-16,22801,3.75
C533308,12951,2010-11-16,22149,2.1
C533309,16642,2010-11-16,85118,8.74
C533309,16642,2010-11-16,21808,8.75
C533310,17677,2010-11-16,21843,9.95
C533312,12471,2010-11-16,22423,21.9
C533319,16048,2010-11-16,22654,5.95
C533321,13065,2010-11-16,22943,4.95
C533322,15197,2010-11-16,22178,3.75
C533322,15197,2010-11-16,22423,12.75
C533323,15270,2010-11-16,22158,2.95
C533323,15270,2010-11-16,22186,8.85
C533323,15270,2010-11-16,21730,4.95
C533323,15270,2010-11-16,22152,1.68
C533329,14258,2010-11-16,71477,11.0
C533331,15842,2010-11-16,22941,8.5
C533331,15842,2010-11-16,85062,1.65
C533331,15842,2010-11-16,84949,9.9
C533332,14038,2010-11-16,21844,5.9
C533332,14038,2010-11-16,22776,9.95
C533334,12662,2010-11-16,22307,1.95
C533334,12662,2010-11-16,84569B,1.25
C533334,12662,2010-11-16,22326,2.95
C533347,15100,2010-11-17,21258,65.7
C533367,14049,2010-11-17,21892,1.25
C533367,14049,2010-11-17,21888,3.75
C533445,16770,2010-11-17,22575,1.95
C533445,16770,2010-11-17,22139,4.95
C533456,13506,2010-11-17,72793,5.95
C533464,12838,2010-11-17,22617,9.9
C533470,15402,2010-11-17,21630,8.95
C533470,15402,2010-11-17,79321,4.95
C533493,12766,2010-11-17,22667,2.95
C533493,12766,2010-11-17,22618,9.95
C533494,12766,2010-11-17,35400,8.95
C533497,17768,2010-11-17,21534,4.95
C533559,14796,2010-11-18,22064,1.65
C533567,16905,2010-11-18,35400,8.95
C533590,14776,2010-11-18,21790,0.85
C533590,14776,2010-11-18,21829,0.21
C533662,17377,2010-11-18,21621,127.5
C533696,12807,2010-11-18,84970S,20.4
C533724,12471,2010-11-18,21232,2.5
C533724,12471,2010-11-18,22423,21.9
C533724,12471,2010-11-18,21231,1.25
C533724,12471,2010-11-18,22908,0.85
C533778,14911,2010-11-18,22768,9.95
C533778,14911,2010-11-18,22618,29.85
C533802,13078,2010-11-18,22461,54.75
C533807,14496,2010-11-19,84949,4.95
C533808,13317,2010-11-19,22065,5.8
C533808,13317,2010-11-19,22767,9.95
C533810,18226,2010-11-19,22139,4.95
C533810,18226,2010-11-19,21232,1.25
C533811,15750,2010-11-19,85123A,2.95
C533811,15750,2010-11-19,22968,9.95
C533812,15468,2010-11-19,72807C,8.5
C533812,15468,2010-11-19,22460,2.5
C533812,15468,2010-11-19,22798,2.95
C533813,16602,2010-11-19,71477,3.25
C533813,16602,2010-11-19,22465,1.65
C533813,16602,2010-11-19,22784,4.95
C533814,17714,2010-11-19,85047,5.55
C533817,18276,2010-11-19,21464,4.25
C533817,18276,2010-11-19,22779,4.25
C533834,16161,2010-11-19,47591D,1.95
C533840,15311,2010-11-19,21407,4.25
C533840,15311,2010-11-19,21870,1.25
C533927,12471,2010-11-19,22968,19.9
C533958,16602,2010-11-19,22844,8.5
C533970,15311,2010-11-19,21931,1.65
C533970,15311,2010-11-19,40001,1.92
C533970,15311,2010-11-19,85123A,2.55
C533970,15311,2010-11-19,22719,7.42
C533970,15311,2010-11-19,85042,4.25
C533994,17495,2010-11-19,22236,12.75
C533994,17495,2010-11-19,22909,0.85
C533994,17495,2010-11-19,22841,7.95
C533994,17495,2010-11-19,21320,10.2
C533995,13510,2010-11-19,22180,9.95
C533998,15602,2010-11-19,22156,2.55
C534000,16218,2010-11-19,21232,2.5
C534000,16218,2010-11-19,22644,2.9
C534000,16218,2010-11-19,22419,0.84
C534000,16218,2010-11-19,22646,1.45
C534000,16218,2010-11-19,22668,2.95
C534000,16218,2010-11-19,22420,0.42
C534000,16218,2010-11-19,21231,1.25
C534004,15138,2010-11-19,85118,7.98
C534004,15138,2010-11-19,22841,7.95
C534014,12749,2010-11-19,35400,8.95
C534014,12749,2010-11-19,22465,1.65
C534014,12749,2010-11-19,22427,5.95
C534014,12749,2010-11-19,22849,16.95
C534014,12749,2010-11-19,22847,16.95
C534014,12749,2010-11-19,84879,1.69
C534022,13213,2010-11-19,84949,1.65
C534022,13213,2010-11-19,71477,6.5
C534023,18223,2010-11-19,22892,3.75
C534023,18223,2010-11-19,85099B,1.95
C534023,18223,2010-11-19,22198,1.65
C534023,18223,2010-11-19,21232,3.75
C534025,14676,2010-11-19,21356,1.25
C534026,14907,2010-11-19,21876,16.25
C534026,14907,2010-11-19,21868,5.0
C534026,14907,2010-11-19,71477,2.75
C534027,16571,2010-11-19,22646,1.45
C534027,16571,2010-11-19,85227,0.85
C534031,13961,2010-11-19,72741,1.45
C534042,17659,2010-11-19,22654,5.95
C534043,13198,2010-11-19,84949,3.3
C534045,17411,2010-11-19,22798,2.95
C534063,16768,2010-11-21,22654,5.95
C534090,13668,2010-11-21,22155,1.68
C534090,13668,2010-11-21,22156,9.35
C534159,14912,2010-11-21,22198,19.8
C534241,17251,2010-11-22,22623,4.95
C534263,15347,2010-11-22,22138,14.85
C534408,13668,2010-11-22,84946,2.5
C534442,17894,2010-11-22,22567,15.0
C534498,17811,2010-11-23,22494,1.25
C534647,16019,2010-11-23,22781,6.75
C534647,16019,2010-11-23,22719,1.06
C534677,13089,2010-11-23,84949,69.6
C534695,14911,2010-11-23,22770,29.9
C534698,16242,2010-11-23,22119,6.95
C534698,16242,2010-11-23,21790,0.85
C534698,16242,2010-11-23,35400,8.95
C534729,17865,2010-11-23,22423,65.7
C534729,17865,2010-11-23,22890,9.95
C534731,16350,2010-11-23,35400,8.95
C534732,15100,2010-11-23,21258,43.8
C534733,16590,2010-11-23,22186,2.95
C534733,16590,2010-11-23,22086,2.95
C534733,16590,2010-11-23,84754,2.5
C534757,16133,2010-11-24,22580,4.95
C534778,13756,2010-11-24,85048,15.9
C534782,14911,2010-11-24,22801,7.5
C534781,16016,2010-11-24,21385,1.7
C534781,16016,2010-11-24,71477,3.25
C534784,17096,2010-11-24,82484,6.45
C534784,17096,2010-11-24,22169,17.0
C534785,13767,2010-11-24,20751,2.1
C534789,16554,2010-11-24,22322,0.85
C534789,16554,2010-11-24,85034A,12.75
C534789,16554,2010-11-24,21533,4.95
C534789,16554,2010-11-24,22798,5.9
C534790,17706,2010-11-24,21876,1.0
C534790,17706,2010-11-24,21539,3.96
C534790,17706,2010-11-24,22892,1.0
C534791,17677,2010-11-24,85047,5.55
C534792,13643,2010-11-24,22841,7.95
C534795,13019,2010-11-24,22891,4.25
C534798,16903,2010-11-24,21452,2.95
C534798,16903,2010-11-24,35400,8.95
C534803,17019,2010-11-24,85123A,59.0
C534815,18109,2010-11-24,22665,2.95
C534819,12747,2010-11-24,82494L,5.9
C534823,15182,2010-11-24,21430,3.75
C534825,13319,2010-11-24,22801,3.75
C534827,14911,2010-11-24,22770,14.95
C534826,14869,2010-11-24,22464,1.65
C534826,14869,2010-11-24,22073,3.75
C534826,14869,2010-11-24,22670,3.75
C534826,14869,2010-11-24,22768,9.95
C534826,14869,2010-11-24,22674,1.25
C534826,14869,2010-11-24,84946,1.25
C534826,14869,2010-11-24,22154,0.84
C534828,18280,2010-11-24,22423,12.75
C534828,18280,2010-11-24,22318,2.95
C534833,16121,2010-11-24,22796,19.9
C534845,14646,2010-11-24,22423,65.7
C534845,14646,2010-11-24,21265,35.1
C534845,14646,2010-11-24,22662,82.5
C534845,14646,2010-11-24,22656,300.0
C534845,14646,2010-11-24,22899,1.85
C534845,14646,2010-11-24,85123A,81.6
C534845,14646,2010-11-24,22898,1.65
C534845,14646,2010-11-24,20750,50.8
C534849,18172,2010-11-24,22149,4.2
C534850,14911,2010-11-24,21527,7.95
C534852,13870,2010-11-24,22301,2.55
C534868,14175,2010-11-24,22617,9.9
C534868,14175,2010-11-24,22138,4.95
C534868,14175,2010-11-24,22890,9.95
C534868,14175,2010-11-24,22197,0.85
C534880,13900,2010-11-24,37370,2.5
C534881,17340,2010-11-24,21735,25.5
C534927,17696,2010-11-24,22649,4.95
C534938,13329,2010-11-24,21843,10.95
C534938,13329,2010-11-24,22659,1.95
C534962,17998,2010-11-24,21826,37.5
C535002,16791,2010-11-24,84536A,2.52
C535002,16791,2010-11-24,20967,45.0
C535006,13611,2010-11-24,22766,2.95
C535006,13611,2010-11-24,22865,2.1
C535011,15434,2010-11-24,21463,5.95
C535087,15730,2010-11-25,22699,5.9
C535093,15291,2010-11-25,82486,6.95
C535098,14655,2010-11-25,22197,0.85
C535120,13113,2010-11-25,85066,21.9
C535120,13113,2010-11-25,22061,29.85
C535120,13113,2010-11-25,37447,1.49
C535120,13113,2010-11-25,22501,34.0
C535223,15044,2010-11-25,82483,5.95
C535256,14415,2010-11-25,21314,2.1
C535256,14415,2010-11-25,22073,3.75
C535256,14415,2010-11-25,21844,2.95
C535256,14415,2010-11-25,84789,3.75
C535256,14415,2010-11-25,82582,2.1
C535276,15021,2010-11-25,82483,35.7
C535279,17063,2010-11-25,21931,1.95
C535281,13090,2010-11-25,22618,101.88
C535284,12408,2010-11-25,22661,1.7
C535327,16292,2010-11-25,72760B,9.95
C535333,16961,2010-11-25,84949,1.65
C535337,12980,2010-11-25,84078A,34.95
C535337,12980,2010-11-25,35004C,9.3
C535340,18260,2010-11-25,85048,7.95
C535357,17930,2010-11-25,22197,10.8
C535357,17930,2010-11-25,22198,11.6
C535360,13823,2010-11-25,21333,2.95
C535362,13078,2010-11-25,22654,11.9
C535362,13078,2010-11-25,22461,21.9
C535363,13317,2010-11-25,21843,10.95
C535363,13317,2010-11-25,21232,5.0
C535364,17071,2010-11-25,22890,9.95
C535373,18097,2010-11-25,21231,1.25
C535410,17377,2010-11-26,22618,9.95
C535410,17377,2010-11-26,21257,7.95
C535428,13202,2010-11-26,35400,8.95
C535460,12474,2010-11-26,22617,9.9
C535489,17841,2010-11-26,22125,59.4
C535631,13213,2010-11-26,84949,6.6
C535649,13118,2010-11-28,22371,8.5
C535755,14508,2010-11-28,22961,18.85
C535778,16033,2010-11-28,22726,45.0
C535793,17322,2010-11-28,22665,5.9
C535804,17987,2010-11-28,22806,11.8
C535947,13113,2010-11-29,22243,1.65
C535947,13113,2010-11-29,22501,17.0
C535947,13113,2010-11-29,22059,1.49
C535955,17345,2010-11-29,22663,44.85
C535955,17345,2010-11-29,22156,0.85
C536015,15005,2010-11-29,22197,0.85
C536023,15555,2010-11-29,21918,0.42
C536023,15555,2010-11-29,20977,1.25
C536023,15555,2010-11-29,21067,0.38
C536023,15555,2010-11-29,22383,1.65
C536023,15555,2010-11-29,22138,4.95
C536023,15555,2010-11-29,71477,3.25
C536062,13102,2010-11-30,22941,130.05
C536065,17420,2010-11-30,22943,4.95
C536077,12951,2010-11-30,84945,2.55
C536078,17612,2010-11-30,84949,1.65
C536078,17612,2010-11-30,22300,2.55
C536079,17420,2010-11-30,22943,4.95
C536080,13626,2010-11-30,84949,1.65
C536150,12476,2010-11-30,22719,1.25
C536160,15596,2010-11-30,22195,1.65
C536164,15369,2010-11-30,21190,39.15
C536164,15369,2010-11-30,21068,21.2
C536164,15369,2010-11-30,21069,19.08
C536164,15369,2010-11-30,21070,23.32
C536164,15369,2010-11-30,22131,11.55
C536164,15369,2010-11-30,22195,21.75
C536164,15369,2010-11-30,22196,7.92
C536164,15369,2010-11-30,48194,76.2
C536164,15369,2010-11-30,48138,101.6
C536164,15369,2010-11-30,15056BL,321.75
C536164,15369,2010-11-30,15056N,321.75
C536164,15369,2010-11-30,21916,54.18
C536164,15369,2010-11-30,85104,14.75
C536164,15369,2010-11-30,22585,124.02
C536164,15369,2010-11-30,22198,31.35
C536164,15369,2010-11-30,22197,13.6
C536164,15369,2010-11-30,22084,76.5
C536164,15369,2010-11-30,21212,13.86
C536164,15369,2010-11-30,15056P,297.0
C536164,15369,2010-11-30,21200,40.6
C536164,15369,2010-11-30,22219,59.04
C536164,15369,2010-11-30,22088,45.9
C536164,15369,2010-11-30,21188,86.7
C536164,15369,2010-11-30,72351B,185.9
C536164,15369,2010-11-30,72351A,35.53
C536164,15369,2010-11-30,75013B,2.7
C536164,15369,2010-11-30,84989A,1.65
C536164,15369,2010-11-30,22582,71.4
C536164,15369,2010-11-30,22583,163.2
C536164,15369,2010-11-30,22584,54.6
C536164,15369,2010-11-30,22087,188.5
C536164,15369,2010-11-30,84988,72.42
C536164,15369,2010-11-30,21215,17.64
C536164,15369,2010-11-30,21210,13.75
C536164,15369,2010-11-30,84991,14.28
C536164,15369,2010-11-30,84987,23.75
C536164,15369,2010-11-30,84992,15.54
C536164,15369,2010-11-30,21974,43.4
C536164,15369,2010-11-30,22089,156.2
C536164,15369,2010-11-30,21977,21.6
C536192,13319,2010-11-30,21843,10.95
C536192,13319,2010-11-30,21658,11.85
C536195,14756,2010-11-30,22781,7.65
C536195,14756,2010-11-30,21735,12.75
C536201,15785,2010-11-30,22197,2.16
C536202,14233,2010-11-30,20725,3.3
C536203,17069,2010-11-30,37370,5.0
C536215,13750,2010-11-30,21137,23.73
C536221,16228,2010-11-30,35004C,4.65
C536222,13534,2010-11-30,21231,5.0
C536222,13534,2010-11-30,21232,5.0
C536222,13534,2010-11-30,22645,5.8
C536222,13534,2010-11-30,22646,7.25
C536222,13534,2010-11-30,85099B,1.95
C536224,13952,2010-11-30,22649,4.95
C536224,13952,2010-11-30,22236,12.75
C536225,15497,2010-11-30,72807C,11.43
C536227,16612,2010-11-30,85099B,1.95
C536228,17342,2010-11-30,22169,30.6
C536229,13495,2010-11-30,84949,4.95
C536229,13495,2010-11-30,21730,9.9
C536229,13495,2010-11-30,22340,1.65
C536231,14849,2010-11-30,72760B,9.95
C536234,17422,2010-11-30,84665,11.9
C536234,17422,2010-11-30,22487,9.95
C536234,17422,2010-11-30,21259,5.95
C536234,17422,2010-11-30,22760,12.75
C536236,17017,2010-11-30,22198,1.45
C536236,17017,2010-11-30,22630,1.65
C536236,17017,2010-11-30,22973,2.9
C536237,16293,2010-11-30,84946,2.5
C536237,16293,2010-11-30,22791,2.5
C536242,12705,2010-11-30,22358,5.9
C536242,12705,2010-11-30,21875,2.5
C536242,12705,2010-11-30,79191B,1.7
C536242,12705,2010-11-30,22202,11.25
C536242,12705,2010-11-30,21653,2.1
C536244,13534,2010-11-30,85099B,1.95
C536244,13534,2010-11-30,22843,6.75
C536250,14907,2010-11-30,71477,2.75
C536252,13329,2010-11-30,21843,39.8
C536253,17677,2010-11-30,85047,5.55
C536256,16355,2010-11-30,21114,6.25
C536256,16355,2010-11-30,22867,60.9
C536258,14507,2010-11-30,21755,59.5
C536265,17378,2010-11-30,21843,10.95
C536349,18245,2010-11-30,84946,3.75
C536383,15311,2010-12-01,35004C,4.65
C536506,17897,2010-12-01,22960,25.5
C536543,17841,2010-12-01,22355,1.7
C536548,12472,2010-12-01,20957,1.45
C536548,12472,2010-12-01,21218,11.25
C536548,12472,2010-12-01,22631,1.95
C536548,12472,2010-12-01,22077,9.9
C536548,12472,2010-12-01,22245,1.7
C536548,12472,2010-12-01,22333,1.65
C536548,12472,2010-12-01,22580,23.8
C536548,12472,2010-12-01,22654,5.95
C536548,12472,2010-12-01,22892,8.75
C536548,12472,2010-12-01,20914,2.95
C536548,12472,2010-12-01,22242,8.25
C536548,12472,2010-12-01,22244,7.8
C536548,12472,2010-12-01,22767,19.9
C536606,14092,2010-12-02,20914,5.9
C536625,14766,2010-12-02,22839,29.9
C536642,14390,2010-12-02,21463,5.95
C536734,16042,2010-12-02,85048,7.95
C536737,15922,2010-12-02,22798,5.9
C536757,15838,2010-12-02,84347,280.8
C536758,13767,2010-12-02,21314,2.1
C536760,17547,2010-12-02,22175,2.95
C536760,17547,2010-12-02,22273,8.85
C536807,15834,2010-12-02,22778,3.95
C536812,16546,2010-12-02,22578,30.6
C536812,16546,2010-12-02,22588,403.2
C536815,14443,2010-12-02,85175,0.42
C536815,14443,2010-12-02,22178,1.25
C536817,14156,2010-12-02,22187,4.25
C536817,14156,2010-12-02,71477,3.25
C536818,16995,2010-12-02,84947,1.25
C536822,14625,2010-12-02,21430,3.75
C536825,15384,2010-12-02,22617,4.95
C536825,15384,2010-12-02,22197,1.7
C536826,17924,2010-12-02,35004B,9.3
C536826,17924,2010-12-02,35004B,13.95
C536827,13408,2010-12-02,21527,20.85
C536828,14264,2010-12-02,22832,10.75
C536828,14264,2010-12-02,84946,3.75
C536829,13295,2010-12-02,71477,3.25
C536853,14679,2010-12-03,84678,2.55
C536854,15240,2010-12-03,21871,1.25
C536854,15240,2010-12-03,22158,2.95
C536854,15240,2010-12-03,22944,1.25
C536855,18225,2010-12-03,21527,31.8
C536978,17954,2010-12-03,22776,9.95
C537039,15708,2010-12-05,22854,4.95
C537039,15708,2010-12-05,20936,2.95
C537039,15708,2010-12-05,85175,0.42
C537043,15351,2010-12-05,22575,11.7
C537043,15351,2010-12-05,11001,1.69
C537132,15221,2010-12-05,22762,38.25
C537132,15221,2010-12-05,22761,43.9
C537132,15221,2010-12-05,71279,5.9
C537132,15221,2010-12-05,22184,8.5
C537132,15221,2010-12-05,22788,17.0
C537203,14606,2010-12-05,21424,2.95
C537320,14867,2010-12-06,35400,8.95
C537383,16550,2010-12-06,22197,0.85
C537383,16550,2010-12-06,22371,4.25
C537406,15502,2010-12-06,22926,23.8
C537406,15502,2010-12-06,22927,23.8
C537406,15502,2010-12-06,22847,59.8
C537406,15502,2010-12-06,22849,59.8
C537416,16138,2010-12-06,22840,7.95
C537417,13481,2010-12-06,22960,4.25
C537445,15021,2010-12-07,22418,9.35
C537530,13319,2010-12-07,21527,7.95
C537530,13319,2010-12-07,85047,12.7
C537530,13319,2010-12-07,22726,7.5
C537602,17511,2010-12-07,22198,1.45
C537602,17511,2010-12-07,84050,1.25
C537602,17511,2010-12-07,22423,21.9
C537602,17511,2010-12-07,21843,9.95
C537602,17511,2010-12-07,22169,7.65
C537602,17511,2010-12-07,22659,6.6
C537602,17511,2010-12-07,22197,0.72
C537602,17511,2010-12-07,22665,2.95
C537602,17511,2010-12-07,85123A,2.55
C537602,17511,2010-12-07,22654,4.95
C537602,17511,2010-12-07,22061,8.5
C537602,17511,2010-12-07,22065,1.25
C537602,17511,2010-12-07,21622,4.95
C537602,17511,2010-12-07,85099B,1.65
C537656,15100,2010-12-07,21258,131.4
C537677,14796,2010-12-08,21166,1.95
C537684,14901,2010-12-08,22730,3.75
C537746,15021,2010-12-08,22156,0.85
C537756,14952,2010-12-08,84949,13.2
C537756,14952,2010-12-08,21914,30.0
C537763,16713,2010-12-08,85068,7.95
C537788,15916,2010-12-08,90062,12.75
C537798,16553,2010-12-08,22357,4.25
C537797,13113,2010-12-08,22501,8.5
C537797,13113,2010-12-08,22423,21.9
C537797,13113,2010-12-08,22469,1.45
C537805,15311,2010-12-08,22197,0.72
C537805,15311,2010-12-08,22198,1.45
C537805,15311,2010-12-08,20798,6.6
C537805,15311,2010-12-08,22719,3.18
C537805,15311,2010-12-08,85047,5.55
C537805,15311,2010-12-08,40001,1.28
C537805,15311,2010-12-08,35004C,4.65
C537807,13495,2010-12-08,84949,8.25
C537807,13495,2010-12-08,21730,14.85
C537807,13495,2010-12-08,21143,1.95
C537812,14299,2010-12-08,21843,99.5
C537812,14299,2010-12-08,22423,109.5
C537821,18193,2010-12-08,85048,20.85
C537824,12870,2010-12-08,22784,4.95
C537824,12870,2010-12-08,22220,9.95
C537832,16858,2010-12-08,22073,7.5
C537832,16858,2010-12-08,21531,8.4
C537832,16858,2010-12-08,21527,13.9
C537834,13267,2010-12-08,22697,2.95
C537834,13267,2010-12-08,21314,2.1
C537834,13267,2010-12-08,22798,8.85
C537838,13115,2010-12-08,22299,5.0
C537853,13370,2010-12-08,22697,2.95
C537853,13370,2010-12-08,79000,0.85
C537853,13370,2010-12-08,22940,4.25
C537853,13370,2010-12-08,22960,8.5
C537856,14388,2010-12-08,37370,2.5
C537893,12721,2010-12-09,22450,3.35
C537893,12721,2010-12-09,22630,3.9
C538052,15181,2010-12-09,22138,4.95
C538062,17702,2010-12-09,22139,59.5
C538062,17702,2010-12-09,22329,6.6
C538062,17702,2010-12-09,21430,3.75
C538062,17702,2010-12-09,20973,1.3
C538066,15738,2010-12-09,22083,2.95
C538081,16898,2010-12-09,22630,64.35
C538082,13777,2010-12-09,21864,42.0
C538083,15750,2010-12-09,22633,8.4
C538083,15750,2010-12-09,85099B,5.85
C538085,16350,2010-12-09,82486,7.95
C538085,16350,2010-12-09,21314,2.1
C538085,16350,2010-12-09,82483,5.95
C538089,18230,2010-12-09,21906,6.75
C538091,16499,2010-12-09,35400,17.9
C538098,14441,2010-12-09,22168,8.5
C538099,15279,2010-12-09,72807C,4.25
C538099,15279,2010-12-09,22457,8.85
C538102,14047,2010-12-09,84792,9.3
C538105,16781,2010-12-09,79163,1.65
C538109,16042,2010-12-09,85048,7.95
C538109,16042,2010-12-09,22780,17.0
C538112,14898,2010-12-09,22072,3.75
C538112,14898,2010-12-09,21777,23.85
C538115,16817,2010-12-09,22178,1.25
C538115,16817,2010-12-09,22251,11.25
C538118,17700,2010-12-09,22910,2.95
C538118,17700,2010-12-09,22784,4.95
C538118,17700,2010-12-09,47594A,1.95
C538119,13136,2010-12-09,22633,2.1
C538119,13136,2010-12-09,22865,2.1
C538121,15535,2010-12-09,22461,12.75
C538122,14696,2010-12-09,22444,1.25
C538123,12605,2010-12-09,22331,1.65
C538123,12605,2010-12-09,22333,1.65
C538123,12605,2010-12-09,22956,4.2
C538124,15329,2010-12-09,22423,12.75
C538124,15329,2010-12-09,22699,2.95
C538164,14031,2010-12-09,35004B,1.95
C538314,15514,2010-12-10,22586,39.95
C538350,13798,2010-12-10,22064,5.8
C538350,13798,2010-12-10,35924,25.35
C538350,13798,2010-12-10,82551,1.25
C538350,13798,2010-12-10,37447,5.0
C538350,13798,2010-12-10,22067,1.45
C538350,13798,2010-12-10,82581,0.42
C538350,13798,2010-12-10,21169,2.9
C538350,13798,2010-12-10,21175,1.85
C538350,13798,2010-12-10,21166,3.38
C538350,13798,2010-12-10,82583,5.07
C538350,13798,2010-12-10,85150,2.1
C538350,13798,2010-12-10,21181,3.7
C538350,13798,2010-12-10,20711,3.3
C538350,13798,2010-12-10,20727,4.35
C538350,13798,2010-12-10,20725,4.35
C538350,13798,2010-12-10,37450,51.0
C538350,13798,2010-12-10,85099B,19.8
C538350,13798,2010-12-10,20718,3.18
C538350,13798,2010-12-10,85099C,1.65
C538350,13798,2010-12-10,85099F,3.3
C538350,13798,2010-12-10,22065,5.0
C538350,13798,2010-12-10,21936,7.65
C538350,13798,2010-12-10,21231,11.66
C538350,13798,2010-12-10,85123A,2.55
C538350,13798,2010-12-10,21928,3.3
C538350,13798,2010-12-10,21232,4.24
C538362,15179,2010-12-10,21212,16.5
C538372,16923,2010-12-12,84949,1.65
C538372,16923,2010-12-12,84946,2.5
C538377,15224,2010-12-12,22055,1.65
C538377,15224,2010-12-12,37449,9.95
C538463,17085,2010-12-12,22055,1.65
C538530,14796,2010-12-13,22630,64.35
C538531,13715,2010-12-13,21430,7.5
C538595,15555,2010-12-13,82482,5.1
C538628,17231,2010-12-13,21452,2.95
C538628,17231,2010-12-13,22461,12.75
C538642,12476,2010-12-13,21658,3.95
C538642,12476,2010-12-13,22636,8.5
C538643,12476,2010-12-13,22636,8.5
C538643,12476,2010-12-13,21658,3.95
C538647,15808,2010-12-13,22781,7.65
C538647,15808,2010-12-13,22467,2.55
C538650,15311,2010-12-13,22646,1.25
C538684,16161,2010-12-14,22946,16.95
C538690,13802,2010-12-14,21527,7.95
C538690,13802,2010-12-14,22423,109.5
C538691,14176,2010-12-14,22645,2.9
C538692,13599,2010-12-14,35001W,3.49
C538692,13599,2010-12-14,22801,3.75
C538693,16558,2010-12-14,79164,4.95
C538693,16558,2010-12-14,22960,8.5
C538693,16558,2010-12-14,22942,8.5
C538694,16143,2010-12-14,21531,5.1
C538695,14032,2010-12-14,22900,2.95
C538696,13050,2010-12-14,22768,8.5
C538698,13329,2010-12-14,22952,13.2
C538699,16422,2010-12-14,35400,31.8
C538701,16863,2010-12-14,22644,1.45
C538703,17519,2010-12-14,84949,4.95
C538704,14206,2010-12-14,22618,19.9
C538705,15093,2010-12-14,21658,3.95
C538711,15468,2010-12-14,22460,1.25
C538712,17677,2010-12-14,22941,8.5
C538713,16570,2010-12-14,22838,29.9
C538713,16570,2010-12-14,22179,6.75
C538723,12434,2010-12-14,22333,11.55
C538723,12434,2010-12-14,22094,6.25
C538726,13078,2010-12-14,35832,2.95
C538742,13599,2010-12-14,22386,3.9
C538745,16722,2010-12-14,22142,1.45
C538749,15713,2010-12-14,22776,9.95
C538768,14829,2010-12-14,84378,30.0
C538771,13078,2010-12-14,21463,4.95
C538794,14907,2010-12-14,21876,1.25
C538802,17017,2010-12-14,22960,17.0
C538802,17017,2010-12-14,22198,5.8
C538803,16262,2010-12-14,22508,7.5
C538803,16262,2010-12-14,72802B,4.25
C538804,13769,2010-12-14,84945,1.7
C538833,14680,2010-12-14,22383,1.45
C538833,14680,2010-12-14,22356,1.7
C538833,14680,2010-12-14,20728,1.65
C538833,14680,2010-12-14,21258,32.85
C538834,14415,2010-12-14,85123A,2.95
C538834,14415,2010-12-14,22618,9.95
C538874,12867,2010-12-14,21877,2.5
C538874,12867,2010-12-14,22244,1.95
C538874,12867,2010-12-14,22230,0.85
C538874,12867,2010-12-14,82494L,2.95
C538876,16499,2010-12-14,22272,2.95
C538891,16233,2010-12-14,21258,32.85
C538898,15078,2010-12-15,37503,10.75
C538997,14426,2010-12-15,21533,4.25
C538997,14426,2010-12-15,21527,6.95
C539031,12647,2010-12-15,21452,11.8
C539031,12647,2010-12-15,21731,1.65
C539031,12647,2010-12-15,22847,14.95
C539031,12647,2010-12-15,22203,3.75
C539031,12647,2010-12-15,22202,3.75
C539035,15535,2010-12-15,22461,12.75
C539054,17044,2010-12-15,84949,3.3
C539054,17044,2010-12-15,21730,14.85
C539054,17044,2010-12-15,84352,16.95
C539057,18230,2010-12-15,21906,74.25
C539059,14829,2010-12-15,22722,7.9
C539065,14898,2010-12-15,84880,47.6
C539066,17912,2010-12-15,47590A,5.45
C539067,15194,2010-12-15,22156,4.25
C539067,15194,2010-12-15,21262,16.95
C539069,12947,2010-12-15,22634,9.95
C539071,17820,2010-12-15,22279,1.25
C539071,17820,2010-12-15,22423,12.75
C539071,17820,2010-12-15,22697,2.95
C539090,16996,2010-12-16,22766,2.95
C539097,12621,2010-12-16,22972,11.55
C539100,16996,2010-12-16,22766,5.9
C539104,12494,2010-12-16,22662,4.95
C539110,16470,2010-12-16,22278,4.95
C539114,12494,2010-12-16,22667,8.85
C539191,17062,2010-12-16,21822,3.9
C539221,14911,2010-12-16,90185B,12.75
C539221,14911,2010-12-16,90185C,17.0
C539221,14911,2010-12-16,22592,3.75
C539224,17377,2010-12-16,22656,175.0
C539251,17213,2010-12-16,21485,9.9
C539253,17188,2010-12-16,22423,109.5
C539258,16233,2010-12-16,21258,21.9
C539260,15100,2010-12-16,21258,76.65
C539270,14777,2010-12-16,22666,2.95
C539270,14777,2010-12-16,85040A,11.55
C539273,13209,2010-12-16,22760,12.75
C539273,13209,2010-12-16,22791,1.25
C539274,13408,2010-12-16,22456,8.5
C539276,16503,2010-12-16,21559,2.55
C539276,16503,2010-12-16,85135C,7.95
C539277,15777,2010-12-16,22180,25.5
C539289,18065,2010-12-16,22960,12.75
C539291,18075,2010-12-16,22963,6.8
C539291,18075,2010-12-16,22178,3.75
C539301,13496,2010-12-16,22457,35.4
C539402,17315,2010-12-17,21527,6.95
C539402,17315,2010-12-17,21845,41.3
C539448,15157,2010-12-17,20802,15.12
C539467,15044,2010-12-19,22697,2.95
C539467,15044,2010-12-19,82483,5.95
C539467,15044,2010-12-19,22801,3.75
C539476,16686,2010-12-19,22138,4.95
C539486,18256,2010-12-20,22603,9.35
C539486,18256,2010-12-20,22336,14.95
C539499,15312,2010-12-20,21231,3.75
C539565,14113,2010-12-20,22649,17.0
C539565,14113,2010-12-20,84406B,8.25
C539566,16705,2010-12-20,79000,1.95
C539569,17204,2010-12-20,85048,41.7
C539569,17204,2010-12-20,21781,14.95
C539569,17204,2010-12-20,22923,11.05
C539573,14107,2010-12-20,22362,14.75
C539574,16713,2010-12-20,22766,2.95
C539575,13089,2010-12-20,84949,52.2
C539575,13089,2010-12-20,22360,28.05
C539575,13089,2010-12-20,21363,4.95
C539577,17924,2010-12-20,22941,8.5
C539596,13694,2010-12-20,20801,12.0
C539598,14299,2010-12-20,22423,131.4
C539598,14299,2010-12-20,21843,109.45
C539599,17951,2010-12-20,22810,17.7
C539600,13329,2010-12-20,22910,35.4
C539602,13369,2010-12-20,21231,5.0
C539602,13369,2010-12-20,22893,3.78
C539602,13369,2010-12-20,21733,8.85
C539603,14911,2010-12-20,22198,1.65
C539603,14911,2010-12-20,22197,1.7
C539603,14911,2010-12-20,22769,49.9
C539605,13050,2010-12-20,21314,6.3
C539605,13050,2010-12-20,21868,5.0
C539606,16145,2010-12-20,21314,3.7
C539606,16145,2010-12-20,20705,1.95
C539606,16145,2010-12-20,84625C,5.95
C539608,16873,2010-12-20,85066,12.75
C539608,16873,2010-12-20,22487,17.0
C539640,15311,2010-12-20,35004C,13.95
C539640,15311,2010-12-20,21668,1.06
C539640,15311,2010-12-20,22774,1.06
C539644,12471,2010-12-20,22923,1.7
C539644,12471,2010-12-20,21578,4.5
C539644,12471,2010-12-20,22472,4.95
C539644,12471,2010-12-20,21577,2.25
C539644,12471,2010-12-20,22555,6.6
C539644,12471,2010-12-20,22554,3.3
C539644,12471,2010-12-20,22820,1.3
C539644,12471,2010-12-20,22423,229.95
C539644,12471,2010-12-20,21232,5.0
C539644,12471,2010-12-20,20914,14.75
C539644,12471,2010-12-20,22908,0.85
C539644,12471,2010-12-20,21232,2.5
C539644,12471,2010-12-20,22646,11.6
C539644,12471,2010-12-20,22897,1.45
C539644,12471,2010-12-20,22968,9.95
C539655,13089,2010-12-20,84949,34.8
C539657,16134,2010-12-20,22667,2.95
C539657,16134,2010-12-20,21876,1.25
C539667,13148,2010-12-21,85131A,2.52
C539667,13148,2010-12-21,21533,4.95
C539667,13148,2010-12-21,21658,3.95
C539667,13148,2010-12-21,22784,4.95
C539707,18223,2010-12-21,22890,19.9
C539709,18176,2010-12-21,84978,1.25
C539709,18176,2010-12-21,21485,4.95
C539710,14769,2010-12-21,82483,5.95
C539710,14769,2010-12-21,21314,4.2
C539711,13319,2010-12-21,22720,4.95
C539719,14643,2010-12-21,82613D,8.4
C539719,14643,2010-12-21,82613C,8.4
C539719,14643,2010-12-21,82613B,8.4
C539726,17007,2010-12-21,22791,12.5
C539827,15044,2010-12-22,22745,2.1
C539830,14944,2010-12-22,22943,39.6
C539832,17239,2010-12-22,85123A,2.55
C539838,13458,2010-12-22,22198,16.5
C539857,15358,2010-12-22,47567B,4.65
C539866,12427,2010-12-23,22636,15.3
C539866,12427,2010-12-23,22634,34.0
C539866,12427,2010-12-23,22300,7.65
C539943,14032,2010-12-23,22892,1.25
C539943,14032,2010-12-23,22198,4.95
C539944,14560,2010-12-23,22776,9.95
C539945,17069,2010-12-23,84970S,0.85
C539945,17069,2010-12-23,71459,0.85
C539945,17069,2010-12-23,22667,2.95
C539945,17069,2010-12-23,22665,8.85
C539950,13534,2010-12-23,85099C,1.95
C539950,13534,2010-12-23,22720,9.9
C539956,12980,2010-12-23,35004C,69.75
C539983,15856,2010-12-23,82483,29.7
C540007,15379,2011-01-04,22274,17.7
C540109,17389,2011-01-04,85071A,442.5
C540129,12578,2011-01-05,22352,7.65
C540142,12782,2011-01-05,22667,5.9
C540142,12782,2011-01-05,22666,2.95
C540142,12782,2011-01-05,21430,3.75
C540152,12395,2011-01-05,22666,2.95
C540156,12683,2011-01-05,21843,10.95
C540158,12471,2011-01-05,22423,21.9
C540158,12471,2011-01-05,22649,9.9
C540158,12471,2011-01-05,22728,15.0
C540158,12471,2011-01-05,22923,4.25
C540158,12471,2011-01-05,22964,4.2
C540158,12471,2011-01-05,22962,14.45
C540158,12471,2011-01-05,22968,19.9
C540158,12471,2011-01-05,22961,2.9
C540165,18109,2011-01-05,84817,2.1
C540243,12585,2011-01-05,22778,3.95
C540243,12585,2011-01-05,22606,15.95
C540243,12585,2011-01-05,22777,17.0
C540243,12585,2011-01-05,84945,4.25
C540243,12585,2011-01-05,22316,1.25
C540243,12585,2011-01-05,22638,2.55
C540243,12585,2011-01-05,22091,8.75
C540243,12585,2011-01-05,22851,0.85
C540243,12585,2011-01-05,22558,1.49
C540244,17213,2011-01-05,71459,0.85
C540244,17213,2011-01-05,85123A,2.95
C540246,13081,2011-01-05,22834,1.85
C540246,13081,2011-01-05,22352,2.55
C540246,13081,2011-01-05,22198,1.65
C540246,13081,2011-01-05,84006,0.85
C540246,13081,2011-01-05,21232,1.25
C540246,13081,2011-01-05,85040A,1.65
C540246,13081,2011-01-05,22201,4.25
C540246,13081,2011-01-05,85042,9.9
C540246,13081,2011-01-05,79320,4.95
C540246,13081,2011-01-05,21733,2.55
C540246,13081,2011-01-05,35400,8.95
C540246,13081,2011-01-05,35598D,0.65
C540246,13081,2011-01-05,22632,1.85
C540246,13081,2011-01-05,22423,12.75
C540246,13081,2011-01-05,22942,8.5
C540250,17511,2011-01-05,22941,8.5
C540250,17511,2011-01-05,85099F,1.65
C540250,17511,2011-01-05,22942,8.5
C540250,17511,2011-01-05,22198,2.9
C540250,17511,2011-01-05,22411,1.65
C540250,17511,2011-01-05,22617,8.5
C540250,17511,2011-01-05,79321,4.25
C540250,17511,2011-01-05,21928,1.65
C540270,14680,2011-01-06,20725,1.45
C540270,14680,2011-01-06,22667,2.55
C540270,14680,2011-01-06,22197,2.55
C540270,14680,2011-01-06,21258,32.85
C540307,15823,2011-01-06,22113,45.0
C540307,15823,2011-01-06,21645,39.6
C540307,15823,2011-01-06,21644,30.0
C540307,15823,2011-01-06,85014A,35.7
C540307,15823,2011-01-06,22084,106.2
C540307,15823,2011-01-06,22083,106.2
C540307,15823,2011-01-06,22212,25.2
C540307,15823,2011-01-06,79323B,27.0
C540307,15823,2011-01-06,22094,15.0
C540307,15823,2011-01-06,21537,180.0
C540307,15823,2011-01-06,21533,29.7
C540307,15823,2011-01-06,22303,45.9
C540307,15823,2011-01-06,22093,15.0
C540307,15823,2011-01-06,22109,81.36
C540307,15823,2011-01-06,22107,30.0
C540346,12471,2011-01-06,22077,6.6
C540376,13488,2011-01-06,22623,4.95
C540377,16656,2011-01-06,21259,14.85
C540379,15101,2011-01-06,84279P,7.5
C540380,16094,2011-01-06,71053,18.75
C540380,16094,2011-01-06,84945,5.95
C540381,16705,2011-01-06,22962,0.72
C540382,12957,2011-01-06,21868,5.0
C540382,12957,2011-01-06,84949,1.65
C540384,14961,2011-01-06,22384,1.65
C540384,14961,2011-01-06,22198,8.25
C540384,14961,2011-01-06,22795,6.75
C540385,14426,2011-01-06,21843,10.95
C540386,12417,2011-01-06,22060,9.95
C540386,12417,2011-01-06,22666,2.95
C540386,12417,2011-01-06,22845,19.05
C540388,13115,2011-01-06,85048,7.95
C540389,14426,2011-01-06,20752,2.1
C540390,16191,2011-01-06,22701,5.9
C540390,16191,2011-01-06,22700,8.85
C540391,13047,2011-01-06,22274,2.95
C540392,12753,2011-01-06,21155,2.1
C540392,12753,2011-01-06,22244,1.95
C540392,12753,2011-01-06,22567,3.75
C540393,17428,2011-01-06,21843,10.95
C540393,17428,2011-01-06,22699,11.8
C540393,17428,2011-01-06,71477,3.25
C540393,17428,2011-01-06,85042,4.95
C540393,17428,2011-01-06,22457,2.95
C540394,17696,2011-01-06,22649,4.95
C540398,14047,2011-01-07,84792,9.3
C540400,16150,2011-01-07,22766,8.85
C540400,16150,2011-01-07,22469,1.65
C540400,16150,2011-01-07,21260,9.75
C540403,17230,2011-01-07,85123A,2.55
C540470,14505,2011-01-07,85159B,11.44
C540503,13668,2011-01-09,22184,8.5
C540503,13668,2011-01-09,22158,2.95
C540503,13668,2011-01-09,21586,2.55
C540535,15005,2011-01-09,85023B,2.55
C540535,15005,2011-01-09,20681,3.25
C540535,15005,2011-01-09,82494L,2.95
C540535,15005,2011-01-09,84997D,3.75
C540535,15005,2011-01-09,82483,5.95
C540535,15005,2011-01-09,20724,0.85
C540535,15005,2011-01-09,85023C,2.55
C540535,15005,2011-01-09,85025B,1.65
C540555,16279,2011-01-10,22617,4.95
C540555,16279,2011-01-10,21527,7.95
C540634,13672,2011-01-10,85232B,14.85
C540634,13672,2011-01-10,21655,20.28
C540634,13672,2011-01-10,79323P,27.0
C540643,12471,2011-01-10,22423,21.9
C540652,17406,2011-01-10,22655,265.5
C540780,14299,2011-01-11,22423,251.85
C540780,14299,2011-01-11,21843,43.8
C540780,14299,2011-01-11,84988,1.45
C540781,16875,2011-01-11,22963,6.8
C540781,16875,2011-01-11,22962,1.7
C540781,16875,2011-01-11,22776,9.95
C540781,16875,2011-01-11,22767,9.95
C540781,16875,2011-01-11,22720,4.95
C540781,16875,2011-01-11,22171,8.5
C540786,15194,2011-01-11,22720,4.95
C540786,15194,2011-01-11,22907,5.95
C540786,15194,2011-01-11,22156,2.55
C540786,15194,2011-01-11,22666,2.95
C540787,13408,2011-01-11,22364,30.6
C540787,13408,2011-01-11,22360,10.2
C540788,13576,2011-01-11,84813,3.95
C540790,16145,2011-01-11,85170D,1.7
C540791,13534,2011-01-11,22780,4.25
C540792,16203,2011-01-11,22725,3.75
C540793,14295,2011-01-11,22942,8.5
C540796,15107,2011-01-11,22168,8.5
C540837,14733,2011-01-11,82483,9.9
C540837,14733,2011-01-11,71477,11.0
C540837,14733,2011-01-11,84949,24.75
C540837,14733,2011-01-11,84978,2.12
C540837,14733,2011-01-11,22890,8.5
C540837,14733,2011-01-11,22776,17.0
C540837,14733,2011-01-11,21527,15.9
C540837,14733,2011-01-11,21844,2.95
C540837,14733,2011-01-11,21733,2.55
C540837,14733,2011-01-11,85123A,2.55
C540841,15602,2011-01-11,22217,50.0
C540845,16191,2011-01-11,22970,8.4
C540846,13162,2011-01-11,85034C,2.5
C540847,13458,2011-01-11,22197,1.7
C540847,13458,2011-01-11,22198,9.9
C540850,12665,2011-01-12,21231,1.25
C540853,12413,2011-01-12,22634,9.95
C540860,15953,2011-01-12,35400,8.95
C540937,14748,2011-01-12,22932,61.2
C540938,15061,2011-01-12,85178,40.8
C540942,13113,2011-01-12,85066,21.9
C540942,13113,2011-01-12,37448,1.49
C540942,13113,2011-01-12,22423,32.85
C540944,16554,2011-01-12,22822,5.95
C540948,13093,2011-01-12,20914,5.9
C540948,13093,2011-01-12,22665,2.95
C540948,13093,2011-01-12,22943,19.8
C540948,13093,2011-01-12,22941,17.0
C540949,13093,2011-01-12,22962,1.7
C540949,13093,2011-01-12,21209,1.7
C540950,18226,2011-01-12,22960,4.25
C541007,13078,2011-01-13,35004B,18.6
C541009,17581,2011-01-13,22943,4.95
C541009,17581,2011-01-13,22411,1.95
C541009,17581,2011-01-13,21735,12.75
C541009,17581,2011-01-13,22727,3.75
C541089,14229,2011-01-13,22456,4.95
C541090,17406,2011-01-13,22649,4.95
C541090,17406,2011-01-13,35471D,1.25
C541092,13473,2011-01-13,22700,5.1
C541117,15100,2011-01-13,21258,32.85
C541222,14299,2011-01-14,22423,98.55
C541229,16359,2011-01-14,22496,11.8
C541231,13455,2011-01-14,22059,1.49
C541231,13455,2011-01-14,22423,12.75
C541231,13455,2011-01-14,21539,4.95
C541231,13455,2011-01-14,72807A,4.25
C541231,13455,2011-01-14,22800,3.75
C541232,16235,2011-01-14,22722,3.95
C541232,16235,2011-01-14,22720,4.95
C541233,13107,2011-01-14,22439,2.6
C541233,13107,2011-01-14,21539,4.95
C541234,13862,2011-01-14,22441,2.1
C541234,13862,2011-01-14,22960,7.5
C541235,16670,2011-01-14,22358,5.9
C541237,13599,2011-01-14,22664,2.1
C541245,15535,2011-01-16,85036C,51.0
C541415,14292,2011-01-17,85123A,2.55
C541415,14292,2011-01-17,22464,1.65
C541415,14292,2011-01-17,21527,7.95
C541418,13883,2011-01-17,22809,30.6
C541498,13693,2011-01-18,22776,9.95
C541499,13693,2011-01-18,84819,4.25
C541499,13693,2011-01-18,22766,2.95
C541501,13458,2011-01-18,85118,8.75
C541502,18190,2011-01-18,22768,9.95
C541503,15291,2011-01-18,22170,6.75
C541573,15311,2011-01-19,22778,13.56
C541586,12383,2011-01-19,21218,11.25
C541589,15831,2011-01-19,79323W,54.0
C541656,17315,2011-01-20,22178,1.25
C541674,16892,2011-01-20,22606,15.95
C541688,12683,2011-01-20,22423,43.8
C541689,13090,2011-01-20,22618,144.33
C541691,13090,2011-01-20,22138,29.7
C541693,14309,2011-01-20,20941,2.5
C541693,14309,2011-01-20,22699,2.95
C541693,14309,2011-01-20,22697,8.85
C541693,14309,2011-01-20,22617,4.95
C541693,14309,2011-01-20,22636,8.5
C541693,14309,2011-01-20,84945,5.1
C541694,17364,2011-01-20,22437,8.5
C541701,14895,2011-01-21,22359,5.9
C541701,14895,2011-01-21,35400,31.8
C541701,14895,2011-01-21,21527,7.95
C541705,13854,2011-01-21,22487,34.0
C541707,18223,2011-01-21,22196,0.85
C541707,18223,2011-01-21,21231,4.24
C541707,18223,2011-01-21,22198,4.95
C541710,14320,2011-01-21,21470,15.0
C541710,14320,2011-01-21,21874,3.75
C541710,14320,2011-01-21,21733,5.9
C541710,14320,2011-01-21,85123A,8.85
C541710,14320,2011-01-21,22904,5.9
C541735,12626,2011-01-21,21080,4.25
C541735,12626,2011-01-21,22908,1.7
C541735,12626,2011-01-21,37495,7.5
C541735,12626,2011-01-21,22960,4.25
C541779,13102,2011-01-21,21481,5.9
C541786,14441,2011-01-21,22423,32.85
C541787,12829,2011-01-21,84816,39.95
C541817,13929,2011-01-21,21340,39.8
C541818,17389,2011-01-21,22207,3.75
C541821,15281,2011-01-21,22960,8.5
C541821,15281,2011-01-21,22973,1.65
C541821,15281,2011-01-21,84631,7.95
C541821,15281,2011-01-21,84818,7.65
C541822,15658,2011-01-21,22778,7.9
C541822,15658,2011-01-21,22697,2.95
C541822,15658,2011-01-21,22699,5.9
C541822,15658,2011-01-21,22926,5.95
C541823,17677,2011-01-21,21155,2.1
C541824,15939,2011-01-21,22456,12.75
C541825,12652,2011-01-21,21877,1.25
C541825,12652,2011-01-21,21875,1.25
C541825,12652,2011-01-21,20914,2.95
C541826,18260,2011-01-21,22149,2.1
C541826,18260,2011-01-21,71459,3.4
C541828,13769,2011-01-21,21903,2.1
C541828,13769,2011-01-21,84945,1.7
C541829,14175,2011-01-21,22060,19.9
C541831,18223,2011-01-21,22943,4.95
C541833,17644,2011-01-21,22634,9.95
C541834,17048,2011-01-21,85118,7.5
C541861,13742,2011-01-23,22796,19.9
C541863,13798,2011-01-23,37446,1.25
C541863,13798,2011-01-23,21231,9.54
C541863,13798,2011-01-23,22065,2.5
C541863,13798,2011-01-23,82583,8.45
C541863,13798,2011-01-23,37450,2.55
C541863,13798,2011-01-23,35924,3.38
C541863,13798,2011-01-23,37449,17.0
C541863,13798,2011-01-23,20727,1.45
C541863,13798,2011-01-23,21936,2.55
C541863,13798,2011-01-23,82551,2.5
C541863,13798,2011-01-23,21181,1.85
C541863,13798,2011-01-23,85099B,9.9
C541863,13798,2011-01-23,20725,1.45
C541863,13798,2011-01-23,21932,2.55
C541863,13798,2011-01-23,20711,6.6
C541863,13798,2011-01-23,21231,4.24
C541863,13798,2011-01-23,82583,1.69
C541868,14796,2011-01-24,22059,4.47
C541868,14796,2011-01-24,37448,5.96
C541959,14692,2011-01-24,21034,9.5
C541964,15291,2011-01-24,84849D,35.49
C542032,15311,2011-01-25,22778,23.73
C542060,14680,2011-01-25,21430,6.78
C542060,14680,2011-01-25,21258,32.85
C542060,14680,2011-01-25,21936,2.95
C542060,14680,2011-01-25,20728,4.95
C542060,14680,2011-01-25,20725,2.9
C542060,14680,2011-01-25,20726,3.3
C542060,14680,2011-01-25,22198,1.65
C542078,12854,2011-01-25,22189,3.95
C542082,15213,2011-01-25,20725,3.3
C542089,12681,2011-01-25,22301,7.65
C542089,12681,2011-01-25,22300,5.1
C542091,17091,2011-01-25,22442,7.95
C542091,17091,2011-01-25,22960,4.25
C542091,17091,2011-01-25,22485,12.75
C542092,14389,2011-01-25,20725,1.65
C542092,14389,2011-01-25,21931,1.95
C542092,14389,2011-01-25,20723,1.44
C542092,14389,2011-01-25,20727,1.65
C542092,14389,2011-01-25,22663,1.95
C542092,14389,2011-01-25,85099B,3.9
C542094,13310,2011-01-25,21537,8.5
C542095,17730,2011-01-25,21877,6.25
C542097,14215,2011-01-25,22701,11.8
C542101,12471,2011-01-25,22649,4.95
C542101,12471,2011-01-25,22423,21.9
C542101,12471,2011-01-25,22937,17.85
C542104,16191,2011-01-25,22865,1.85
C542104,16191,2011-01-25,22960,7.5
C542139,17094,2011-01-25,22442,31.8
C542150,14049,2011-01-26,22319,3.9
C542150,14049,2011-01-26,22492,0.65
C542150,14049,2011-01-26,21559,2.55
C542150,14049,2011-01-26,21703,0.42
C542244,13098,2011-01-26,22960,3.75
C542245,13098,2011-01-26,20726,1.65
C542245,13098,2011-01-26,22941,22.95
C542245,13098,2011-01-26,22943,8.5
C542245,13098,2011-01-26,22726,7.5
C542245,13098,2011-01-26,22383,1.65
C542245,13098,2011-01-26,22729,3.75
C542245,13098,2011-01-26,22380,2.1
C542245,13098,2011-01-26,22727,7.5
C542256,17722,2011-01-26,22095,1.06
C542256,17722,2011-01-26,21883,0.19
C542256,17722,2011-01-26,22471,1.95
C542259,16656,2011-01-26,22625,8.5
C542260,13890,2011-01-26,85150,5.1
C542261,17306,2011-01-26,22970,12.6
C542261,17306,2011-01-26,22971,4.2
C542263,14849,2011-01-26,22699,2.95
C542264,15215,2011-01-26,22423,21.9
C542264,15215,2011-01-26,48138,7.95
C542270,13050,2011-01-27,22960,4.25
C542271,12637,2011-01-27,84927E,4.2
C542271,12637,2011-01-27,84927D,4.2
C542271,12637,2011-01-27,21068,6.25
C542273,12578,2011-01-27,21936,5.9
C542273,12578,2011-01-27,22099,11.25
C542273,12578,2011-01-27,20980,11.25
C542273,12578,2011-01-27,22301,2.55
C542273,12578,2011-01-27,22300,2.55
C542346,12709,2011-01-27,22606,12.75
C542346,12709,2011-01-27,22596,0.72
C542346,12709,2011-01-27,21658,3.39
C542346,12709,2011-01-27,85232B,21.25
C542346,12709,2011-01-27,21896,3.7
C542346,12709,2011-01-27,22423,43.8
C542346,12709,2011-01-27,22591,2.55
C542346,12709,2011-01-27,22467,6.3
C542352,15596,2011-01-27,22666,2.95
C542366,13777,2011-01-27,35004C,46.5
C542366,13777,2011-01-27,72802A,3.81
C542366,13777,2011-01-27,15056N,4.25
C542366,13777,2011-01-27,15056P,4.65
C542366,13777,2011-01-27,22095,10.0
C542366,13777,2011-01-27,22041,14.7
C542366,13777,2011-01-27,21137,6.78
C542366,13777,2011-01-27,20934,9.9
C542366,13777,2011-01-27,85174,4.25
C542366,13777,2011-01-27,21232,10.6
C542383,14299,2011-01-27,22423,142.35
C542385,14290,2011-01-27,22457,2.95
C542385,14290,2011-01-27,22943,4.25
C542395,17389,2011-01-27,85126,6.75
C542400,15189,2011-01-27,22183,5.95
C542402,16124,2011-01-27,22847,16.95
C542402,16124,2011-01-27,84978,2.5
C542402,16124,2011-01-27,22848,16.95
C542402,16124,2011-01-27,22960,8.5
C542402,16124,2011-01-27,22849,16.95
C542403,13534,2011-01-27,22789,1.95
C542404,13534,2011-01-27,20711,1.95
C542404,13534,2011-01-27,22776,29.85
C542404,13534,2011-01-27,85099F,1.95
C542413,16923,2011-01-27,22141,12.6
C542413,16923,2011-01-27,22960,17.0
C542413,16923,2011-01-27,22142,14.5
C542413,16923,2011-01-27,22112,29.7
C542413,16923,2011-01-27,21876,1.25
C542413,16923,2011-01-27,21876,6.25
C542413,16923,2011-01-27,22699,5.9
C542413,16923,2011-01-27,22149,21.0
C542416,16133,2011-01-27,85059,3.75
C542416,16133,2011-01-27,85054,2.5
C542424,18075,2011-01-28,22456,4.95
C542424,18075,2011-01-28,85123A,8.85
C542424,18075,2011-01-28,22178,1.25
C542424,18075,2011-01-28,22156,4.25
C542424,18075,2011-01-28,21733,2.95
C542427,14180,2011-01-28,85159A,6.35
C542537,12501,2011-01-28,22558,2.98
C542537,12501,2011-01-28,21917,5.04
C542537,12501,2011-01-28,21918,5.04
C542537,12501,2011-01-28,22195,1.65
C542537,12501,2011-01-28,21216,14.85
C542537,12501,2011-01-28,21041,2.95
C542537,12501,2011-01-28,22892,3.75
C542537,12501,2011-01-28,22138,4.95
C542537,12501,2011-01-28,22654,5.95
C542537,12501,2011-01-28,22352,2.55
C542539,14229,2011-01-28,22423,76.65
C542588,12997,2011-01-28,21730,9.9
C542588,12997,2011-01-28,21658,3.95
C542588,12997,2011-01-28,21313,4.25
C542589,14709,2011-01-28,22456,9.9
C542604,13148,2011-01-30,21262,33.9
C542604,13148,2011-01-30,21351,33.75
C542604,13148,2011-01-30,21352,20.25
C542604,13148,2011-01-30,22796,29.85
C542604,13148,2011-01-30,22768,9.95
C542635,14688,2011-01-31,21977,0.55
C542635,14688,2011-01-31,21212,0.84
C542639,16570,2011-01-31,22941,8.5
C542640,16839,2011-01-31,22423,43.8
C542642,15827,2011-01-31,22720,4.95
C542644,15497,2011-01-31,84678,2.5
C542704,15189,2011-01-31,22178,44.52
C542714,12437,2011-01-31,21843,54.75
C542721,14502,2011-01-31,21430,3.75
C542730,13506,2011-01-31,21314,2.1
C542730,13506,2011-01-31,22798,2.95
C542730,13506,2011-01-31,22227,0.65
C542734,14442,2011-01-31,22169,17.0
C542734,14442,2011-01-31,22170,13.5
C542740,12853,2011-01-31,22652,1.65
C542740,12853,2011-01-31,22926,5.95
C542740,12853,2011-01-31,22934,8.85
C542742,15358,2011-01-31,84535B,61.1
C542744,16191,2011-01-31,22700,8.5
C542744,16191,2011-01-31,22701,1.7
C542781,12626,2011-02-01,22634,25.5
C542787,15864,2011-02-01,21318,3.3
C542787,15864,2011-02-01,85141,8.95
C542787,15864,2011-02-01,21319,1.65
C542792,14627,2011-02-01,22730,3.75
C542792,14627,2011-02-01,22505,4.95
C542792,14627,2011-02-01,21259,5.95
C542792,14627,2011-02-01,22891,4.25
C542792,14627,2011-02-01,85123A,2.95
C542793,14113,2011-02-01,22111,306.0
C542798,12477,2011-02-01,21531,2.55
C542798,12477,2011-02-01,21429,1.65
C542799,14606,2011-02-01,22156,0.72
C542866,15311,2011-02-01,85063,29.9
C542866,15311,2011-02-01,35004G,3.9
C542866,15311,2011-02-01,35004C,9.3
C542910,17511,2011-02-01,22423,21.9
C542910,17511,2011-02-01,22169,7.65
C542910,17511,2011-02-01,20727,2.9
C542910,17511,2011-02-01,22061,8.5
C542910,17511,2011-02-01,22659,1.65
C542910,17511,2011-02-01,21537,3.75
C542910,17511,2011-02-01,85123A,2.55
C542910,17511,2011-02-01,85099B,1.65
C542910,17511,2011-02-01,22671,1.45
C542910,17511,2011-02-01,20726,1.45
C542910,17511,2011-02-01,22360,7.65
C542912,13141,2011-02-01,22697,2.95
C542913,16779,2011-02-01,22197,1.7
C542913,16779,2011-02-01,21041,2.95
C542951,16985,2011-02-02,22856,2.5
C543004,13939,2011-02-02,22470,11.8
C543026,16717,2011-02-02,22198,3.3
C543026,16717,2011-02-02,21844,5.9
C543039,16992,2011-02-02,22768,9.95
C543039,16992,2011-02-02,84946,2.5
C543042,17337,2011-02-02,22087,35.4
C543050,12625,2011-02-03,22962,1.7
C543050,12625,2011-02-03,22637,5.1
C543050,12625,2011-02-03,22963,5.1
C543112,14133,2011-02-03,22960,12.75
C543195,13113,2011-02-04,22061,8.5
C543195,13113,2011-02-04,22423,10.95
C543239,14462,2011-02-04,84799,15.0
C543239,14462,2011-02-04,84800S,2.5
C543239,14462,2011-02-04,84800M,5.07
C543241,17315,2011-02-04,84766,1.95
C543347,12472,2011-02-07,20676,2.5
C543347,12472,2011-02-07,21244,3.38
C543347,12472,2011-02-07,21668,1.25
C543347,12472,2011-02-07,21672,2.5
C543347,12472,2011-02-07,21673,2.5
C543347,12472,2011-02-07,22077,8.25
C543347,12472,2011-02-07,22242,8.25
C543347,12472,2011-02-07,22245,2.55
C543347,12472,2011-02-07,22326,8.85
C543347,12472,2011-02-07,22328,5.9
C543347,12472,2011-02-07,22423,25.5
C543347,12472,2011-02-07,22467,15.3
C543347,12472,2011-02-07,22629,1.95
C543347,12472,2011-02-07,85049E,3.75
C543347,12472,2011-02-07,85049G,2.5
C543353,16033,2011-02-07,22384,1.65
C543353,16033,2011-02-07,22727,7.5
C543353,16033,2011-02-07,22771,1.25
C543353,16033,2011-02-07,22637,2.55
C543356,14443,2011-02-07,22791,2.5
C543356,14443,2011-02-07,21232,1.25
C543368,18245,2011-02-07,22942,25.5
C543368,18245,2011-02-07,22941,34.0
C543431,12474,2011-02-08,22212,2.1
C543431,12474,2011-02-08,21559,2.55
C543431,12474,2011-02-08,22090,2.95
C543431,12474,2011-02-08,22551,1.65
C543442,14911,2011-02-08,84625A,8.85
C543465,13873,2011-02-08,22778,7.9
C543469,12709,2011-02-08,85232B,4.25
C543469,12709,2011-02-08,22423,21.9
C543469,12709,2011-02-08,21896,1.85
C543469,12709,2011-02-08,22627,7.65
C543469,12709,2011-02-08,21658,6.78
C543469,12709,2011-02-08,22504,12.75
C543469,12709,2011-02-08,21452,5.1
C543469,12709,2011-02-08,22503,12.75
C543469,12709,2011-02-08,21258,10.95
C543475,14415,2011-02-08,84881,6.35
C543475,14415,2011-02-08,22637,2.55
C543475,14415,2011-02-08,22244,1.95
C543475,14415,2011-02-08,22465,1.65
C543551,16716,2011-02-10,22171,581.4
C543603,15570,2011-02-10,82483,6.95
C543603,15570,2011-02-10,35004C,5.45
C543603,15570,2011-02-10,22487,9.95
C543603,15570,2011-02-10,21877,2.5
C543605,13110,2011-02-10,82486,35.8
C543606,14665,2011-02-10,22963,0.85
C543608,17230,2011-02-10,82483,6.95
C543609,16705,2011-02-10,20914,2.55
C543609,16705,2011-02-10,22456,4.95
C543611,17850,2011-02-10,21169,2.9
C543611,17850,2011-02-10,71477,5.5
C543611,17850,2011-02-10,21874,1.06
C543611,17850,2011-02-10,21730,4.95
C543611,17850,2011-02-10,21730,4.25
C543611,17850,2011-02-10,82494L,5.1
C543611,17850,2011-02-10,21871,1.06
C543611,17850,2011-02-10,82483,4.95
C543620,14081,2011-02-10,21217,9.95
C543621,14475,2011-02-10,22767,9.95
C543621,14475,2011-02-10,22788,9.95
C543621,14475,2011-02-10,20725,1.65
C543627,15601,2011-02-10,21754,5.95
C543628,16558,2011-02-10,22960,4.25
C543633,17188,2011-02-10,22776,49.75
C543633,17188,2011-02-10,85059,18.75
C543633,17188,2011-02-10,22697,2.95
C543634,13599,2011-02-10,20803,13.44
C543636,13767,2011-02-10,22727,3.75
C543638,16403,2011-02-10,21232,3.75
C543638,16403,2011-02-10,22551,1.65
C543638,16403,2011-02-10,22629,1.95
C543638,16403,2011-02-10,22383,3.3
C543638,16403,2011-02-10,22646,5.8
C543640,12967,2011-02-10,22504,29.95
C543643,16161,2011-02-10,21564,2.95
C543643,16161,2011-02-10,20713,1.95
C543643,16161,2011-02-10,22382,1.65
C543643,16161,2011-02-10,21642,4.25
C543643,16161,2011-02-10,22866,2.1
C543644,17609,2011-02-10,84406B,8.3
C543661,12471,2011-02-11,22752,8.5
C543661,12471,2011-02-11,22720,14.85
C543661,12471,2011-02-11,22649,19.8
C543661,12471,2011-02-11,22423,76.65
C543661,12471,2011-02-11,21232,2.5
C543661,12471,2011-02-11,21231,2.5
C543662,14441,2011-02-11,22423,54.75
C543706,15044,2011-02-11,22423,12.75
C543729,15796,2011-02-11,22698,2.95
C543741,13021,2011-02-11,22179,6.75
C543742,14676,2011-02-11,20985,1.25
C543745,13672,2011-02-11,79323B,27.0
C543745,13672,2011-02-11,85232B,14.85
C543745,13672,2011-02-11,21655,20.28
C543750,18250,2011-02-11,22845,6.35
C543755,14304,2011-02-11,22158,23.6
C543756,13089,2011-02-11,84949,8.7
C543756,13089,2011-02-11,22360,28.05
C543756,13089,2011-02-11,22364,17.85
C543757,13115,2011-02-11,22068,1.65
C543760,15638,2011-02-11,37446,60.0
C543760,15638,2011-02-11,37449,34.0
C543761,12943,2011-02-11,22569,3.75
C543764,17035,2011-02-11,22767,9.95
C543766,13319,2011-02-11,22943,4.25
C543767,13767,2011-02-11,22726,3.75
C543767,13767,2011-02-11,22727,3.75
C543768,14497,2011-02-11,22794,7.95
C543768,14497,2011-02-11,37500,9.95
C543769,17213,2011-02-11,72807C,4.25
C543771,15658,2011-02-11,22423,12.75
C543771,15658,2011-02-11,22627,8.5
C543772,13534,2011-02-11,22355,0.85
C543773,12410,2011-02-11,21218,3.75
C543773,12410,2011-02-11,22626,8.5
C543775,13102,2011-02-11,21871,7.5
C543776,14133,2011-02-11,22962,2.55
C543778,18084,2011-02-11,22698,2.95
C543779,15240,2011-02-11,22083,11.8
C543779,15240,2011-02-11,21218,3.75
C543780,17334,2011-02-11,22712,0.42
C543784,13089,2011-02-11,22169,30.6
C543785,13098,2011-02-11,22846,29.9
C543786,13078,2011-02-11,22191,8.5
C543787,15061,2011-02-11,85178,40.8
C543790,17071,2011-02-11,21232,6.25
C543790,17071,2011-02-11,22467,2.55
C543791,15270,2011-02-11,21733,5.9
C543791,15270,2011-02-11,21735,21.9
C543791,15270,2011-02-11,75049L,11.05
C543791,15270,2011-02-11,85123A,2.55
C543792,13725,2011-02-11,22176,2.95
C543792,13725,2011-02-11,20749,7.95
C543792,13725,2011-02-11,22849,16.95
C543811,15640,2011-02-13,22423,12.75
C543811,15640,2011-02-13,22634,9.95
C543817,17841,2011-02-13,22558,2.98
C543819,16928,2011-02-13,22838,14.95
C543819,16928,2011-02-13,22839,29.9
C543830,12476,2011-02-14,22720,9.9
C543830,12476,2011-02-14,22847,16.95
C543830,12476,2011-02-14,22328,5.9
C543837,14431,2011-02-14,22699,5.9
C543837,14431,2011-02-14,22698,2.95
C543837,14431,2011-02-14,22760,12.75
C543837,14431,2011-02-14,22423,25.5
C543917,12951,2011-02-14,22941,8.5
C543918,12921,2011-02-14,71459,4.25
C543972,17924,2011-02-14,35004B,13.95
C543974,14606,2011-02-14,21326,2.6
C543980,14189,2011-02-14,22728,3.75
C544034,14701,2011-02-15,21743,14.75
C544034,14701,2011-02-15,21878,0.85
C544034,14701,2011-02-15,22197,0.85
C544038,14659,2011-02-15,22798,8.85
C544038,14659,2011-02-15,22784,19.8
C544038,14659,2011-02-15,22505,4.95
C544080,17819,2011-02-15,22423,43.8
C544099,15059,2011-02-16,21528,6.95
C544171,13001,2011-02-16,21363,9.9
C544174,13001,2011-02-16,21272,1.25
C544171,13001,2011-02-16,21156,9.75
C544300,18125,2011-02-17,85040B,1.65
C544318,12989,2011-02-17,22301,2.1
C544397,12462,2011-02-18,21730,4.95
C544397,12462,2011-02-18,37450,2.95
C544397,12462,2011-02-18,22063,2.95
C544397,12462,2011-02-18,37449,9.95
C544414,13408,2011-02-18,22960,7.5
C544415,16133,2011-02-18,22625,8.5
C544416,16713,2011-02-18,15056N,11.9
C544417,17512,2011-02-18,22456,4.95
C544420,16191,2011-02-18,71477,5.5
C544424,18093,2011-02-18,22970,12.6
C544424,18093,2011-02-18,22971,10.5
C544425,13078,2011-02-18,35004B,4.65
C544427,17612,2011-02-18,84663A,5.95
C544428,16306,2011-02-18,22637,5.1
C544433,15601,2011-02-18,21232,1.25
C544435,15122,2011-02-18,22962,3.4
C544435,15122,2011-02-18,22960,8.5
C544436,18172,2011-02-18,22865,4.2
C544436,18172,2011-02-18,22556,4.95
C544436,18172,2011-02-18,22632,2.1
C544442,15465,2011-02-20,22423,32.85
C544451,13097,2011-02-20,22472,4.95
C544458,14667,2011-02-20,85099B,1.95
C544458,14667,2011-02-20,22632,2.1
C544507,17865,2011-02-21,22423,76.65
C544553,14092,2011-02-21,22727,3.75
C544557,17422,2011-02-21,85150,2.55
C544557,17422,2011-02-21,84949,8.25
C544557,17422,2011-02-21,22914,9.9
C544557,17422,2011-02-21,22913,14.85
C544557,17422,2011-02-21,22912,19.8
C544558,16073,2011-02-21,22360,28.05
C544560,17677,2011-02-21,75049L,6.8
C544561,15687,2011-02-21,22220,9.95
C544594,15079,2011-02-21,47591D,1.95
C544608,15290,2011-02-22,22973,1.65
C544609,12494,2011-02-22,85170D,6.3
C544653,13113,2011-02-22,85064,4.65
C544655,13113,2011-02-22,22061,8.5
C544655,13113,2011-02-22,85066,21.9
C544655,13113,2011-02-22,37447,7.45
C544655,13113,2011-02-22,37448,2.98
C544655,13113,2011-02-22,22501,25.5
C544665,12852,2011-02-22,22698,5.9
C544665,12852,2011-02-22,22697,2.95
C544665,12852,2011-02-22,20914,2.95
C544669,18055,2011-02-22,22231,1.45
C544669,18055,2011-02-22,22423,12.75
C544674,13421,2011-02-22,22379,2.1
C544679,12616,2011-02-22,22628,14.85
C544679,12616,2011-02-22,20983,3.4
C544682,17511,2011-02-22,85099F,1.65
C544682,17511,2011-02-22,21754,5.45
C544682,17511,2011-02-22,21564,2.55
C544682,17511,2011-02-22,22659,3.3
C544696,14735,2011-02-23,22960,22.5
C544775,14211,2011-02-23,21326,2.6
C544780,16701,2011-02-23,21527,20.85
C544780,16701,2011-02-23,37370,5.3
C544827,17147,2011-02-24,22221,9.95
C544827,17147,2011-02-24,22215,8.5
C544828,17147,2011-02-24,84279B,3.75
C544828,17147,2011-02-24,22423,12.75
C544829,17314,2011-02-24,21314,2.1
C544829,17314,2011-02-24,20832,0.85
C544830,13118,2011-02-24,22057,4.47
C544830,13118,2011-02-24,22059,8.94
C544831,15146,2011-02-24,22248,3.4
C544831,15146,2011-02-24,22249,3.4
C544831,15146,2011-02-24,22974,3.3
C544831,15146,2011-02-24,22250,3.4
C544897,17867,2011-02-24,21633,12.75
C544901,15078,2011-02-24,22670,5.0
C544901,15078,2011-02-24,22358,11.8
C544901,15078,2011-02-24,22357,4.25
C544902,12362,2011-02-24,22629,1.95
C544902,12362,2011-02-24,22273,2.95
C545003,18231,2011-02-25,22149,2.1
C545068,14157,2011-02-27,84247K,32.45
C545421,13166,2011-03-02,22684,2.5
C545434,13410,2011-03-02,22148,5.85
C545436,13093,2011-03-02,20725,1.65
C545436,13093,2011-03-02,22383,1.65
C545436,13093,2011-03-02,22846,14.95
C545437,13093,2011-03-02,22423,10.95
C545438,14231,2011-03-02,22697,2.95
C545438,14231,2011-03-02,22698,2.95
C545440,16843,2011-03-02,22303,12.75
C545442,17063,2011-03-02,22776,9.95
C545443,17442,2011-03-02,22781,7.65
C545443,17442,2011-03-02,22720,4.95
C545444,13767,2011-03-02,22698,5.9
C545444,13767,2011-03-02,22729,3.75
C545444,13767,2011-03-02,22697,2.95
C545446,12753,2011-03-02,22957,30.6
C545446,12753,2011-03-02,22654,9.9
C545446,12753,2011-03-02,22661,0.72
C545446,12753,2011-03-02,20725,1.45
C545446,12753,2011-03-02,20724,0.72
C545449,16573,2011-03-02,22666,2.95
C545449,16573,2011-03-02,37446,4.35
C545449,16573,2011-03-02,22699,2.95
C545451,13477,2011-03-02,22442,7.95
C545452,16422,2011-03-02,47590B,9.3
C545453,14639,2011-03-02,22960,4.25
C545454,15189,2011-03-02,47566,4.95
C545454,15189,2011-03-02,22423,87.6
C545455,16473,2011-03-02,22791,1.25
C545456,17865,2011-03-02,21527,7.95
C545456,17865,2011-03-02,21231,2.5
C545457,17428,2011-03-02,22698,8.85
C545457,17428,2011-03-02,22780,8.5
C545457,17428,2011-03-02,22779,12.75
C545458,13018,2011-03-02,21539,4.95
C545504,13630,2011-03-03,22777,8.5
C545504,13630,2011-03-03,22224,5.9
C545507,12565,2011-03-03,22361,14.75
C545508,17017,2011-03-03,22911,2.95
C545508,17017,2011-03-03,22900,2.95
C545509,17017,2011-03-03,22197,4.25
C545510,15281,2011-03-03,21539,4.95
C545510,15281,2011-03-03,21533,4.95
C545510,15281,2011-03-03,21527,15.9
C545511,18198,2011-03-03,21987,0.65
C545513,15932,2011-03-03,22777,7.65
C545516,14276,2011-03-03,84978,1.25
C545516,14276,2011-03-03,71459,0.85
C545516,14276,2011-03-03,22967,2.95
C545516,14276,2011-03-03,22960,4.25
C545516,14276,2011-03-03,22957,2.95
C545516,14276,2011-03-03,20728,3.3
C545525,12415,2011-03-03,22969,107.5
C545525,12415,2011-03-03,22697,61.2
C545529,16191,2011-03-03,22464,1.65
C545531,17675,2011-03-03,22180,9.95
C545532,15257,2011-03-03,22827,85.0
C545537,16212,2011-03-03,21908,4.2
C545537,16212,2011-03-03,22456,4.95
C545569,14239,2011-03-03,22720,9.9
C545569,14239,2011-03-03,22423,38.25
C545569,14239,2011-03-03,22840,7.95
C545639,13113,2011-03-04,22423,10.95
C545650,15311,2011-03-04,40001,0.64
C545650,15311,2011-03-04,22778,20.34
C545671,15465,2011-03-06,22423,76.65
C545672,15304,2011-03-06,22784,4.95
C545673,14745,2011-03-06,22808,53.1
C545674,18223,2011-03-06,85099C,1.95
C545674,18223,2011-03-06,22666,2.95
C545674,18223,2011-03-06,22892,1.25
C545677,14543,2011-03-06,21781,89.25
C545677,14543,2011-03-06,22207,4.25
C545677,14543,2011-03-06,22625,15.3
C545677,14543,2011-03-06,22627,7.65
C545677,14543,2011-03-06,22624,30.6
C545677,14543,2011-03-06,21528,11.9
C545677,14543,2011-03-06,21534,4.95
C545677,14543,2011-03-06,21843,9.95
C545678,16678,2011-03-06,84978,1.25
C545678,16678,2011-03-06,22098,1.25
C545679,16923,2011-03-06,22494,1.25
C545689,16033,2011-03-06,84849D,1.69
C545720,15039,2011-03-07,15056N,5.95
C545723,17048,2011-03-07,22357,8.5
C545723,17048,2011-03-07,23182,0.83
C545723,17048,2011-03-07,22960,4.25
C545724,14051,2011-03-07,22697,5.9
C545724,14051,2011-03-07,22423,102.0
C545728,12484,2011-03-07,21232,2.5
C545728,12484,2011-03-07,22636,8.5
C545728,12484,2011-03-07,22423,25.5
C545769,14903,2011-03-07,21899,11.7
C545773,17139,2011-03-07,22429,4.25
C545773,17139,2011-03-07,21843,10.95
C545823,13884,2011-03-07,21314,6.3
C545825,12839,2011-03-07,22064,3.3
C545828,15189,2011-03-07,84978,1.25
C545828,15189,2011-03-07,22697,2.95
C545828,15189,2011-03-07,22423,65.7
C545831,15194,2011-03-07,22666,5.9
C545831,15194,2011-03-07,22156,4.25
C545833,16013,2011-03-07,85053,5.07
C545833,16013,2011-03-07,22158,12.75
C545833,16013,2011-03-07,22178,3.18
C545833,16013,2011-03-07,22507,4.25
C545834,13458,2011-03-07,21844,2.95
C545836,14606,2011-03-07,21067,1.25
C545839,15110,2011-03-07,22192,8.5
C545840,13089,2011-03-07,22423,54.75
C545841,17675,2011-03-07,22729,7.5
C545841,17675,2011-03-07,22728,3.75
C545841,17675,2011-03-07,22727,11.25
C545843,12921,2011-03-07,22456,4.95
C545844,16838,2011-03-07,22926,5.95
C545846,13081,2011-03-07,22236,12.75
C545847,15903,2011-03-07,23005,0.42
C545848,17672,2011-03-07,22776,25.5
C545849,16598,2011-03-07,72741,4.35
C545850,15811,2011-03-07,21528,20.85
C545852,14048,2011-03-07,22804,2.95
C545852,14048,2011-03-07,22464,8.25
C545866,17841,2011-03-07,21424,2.95
C545867,17841,2011-03-07,21424,2.95
C545885,15827,2011-03-07,22720,4.95
C545885,15827,2011-03-07,22667,2.95
C545903,13345,2011-03-08,21931,1.95
C545903,13345,2011-03-08,22634,9.95
C545997,12679,2011-03-08,21156,11.7
C545997,12679,2011-03-08,22634,9.95
C546080,15078,2011-03-09,22423,12.75
C546128,15622,2011-03-09,22726,3.75
C546128,15622,2011-03-09,22842,6.75
C546128,15622,2011-03-09,22840,7.95
C546131,16057,2011-03-09,21218,3.75
C546131,16057,2011-03-09,21531,2.55
C546131,16057,2011-03-09,21539,4.95
C546131,16057,2011-03-09,22841,7.95
C546131,16057,2011-03-09,22720,4.95
C546131,16057,2011-03-09,22072,3.75
C546167,15611,2011-03-10,21527,15.9
C546170,15034,2011-03-10,21713,9.25
C546173,14227,2011-03-10,22488,1.65
C546173,14227,2011-03-10,21231,1.25
C546174,13094,2011-03-10,22791,3.18
C546191,16422,2011-03-10,47566B,24.5
C546206,13014,2011-03-10,22064,1.65
C546206,13014,2011-03-10,21231,1.25
C546207,14211,2011-03-10,22302,2.55
C546207,14211,2011-03-10,22423,12.75
C546207,14211,2011-03-10,22381,4.2
C546208,12417,2011-03-10,21318,9.9
C546208,12417,2011-03-10,22168,8.5
C546209,15596,2011-03-10,85159B,8.8
C546210,14713,2011-03-10,22355,0.85
C546210,14713,2011-03-10,21272,1.25
C546211,15358,2011-03-10,22962,2.55
C546214,15724,2011-03-10,22499,5.95
C546238,13767,2011-03-10,22727,3.75
C546241,14903,2011-03-10,21899,11.7
C546256,15738,2011-03-10,20674,7.5
C546267,15093,2011-03-10,22046,3.78
C546270,17567,2011-03-10,22720,9.9
C546278,13476,2011-03-10,22841,7.95
C546302,14214,2011-03-10,85040A,1.65
C546302,14214,2011-03-10,21871,1.25
C546313,13094,2011-03-10,22791,3.18
C546320,12708,2011-03-11,22467,7.65
C546320,12708,2011-03-11,22243,6.6
C546323,13975,2011-03-11,22722,19.75
C546362,16419,2011-03-11,22423,12.75
C546395,14214,2011-03-11,21871,1.25
C546416,14800,2011-03-13,21642,4.25
C546416,14800,2011-03-13,22128,2.5
C546496,17646,2011-03-14,35810B,0.83
C546496,17646,2011-03-14,22928,5.95
C546496,17646,2011-03-14,22927,5.95
C546501,12584,2011-03-14,22720,9.9
C546507,12712,2011-03-14,22914,4.95
C546507,12712,2011-03-14,82494L,5.9
C546511,12921,2011-03-14,22801,3.75
C546517,15308,2011-03-14,82483,6.95
C546517,15308,2011-03-14,22406,1.25
C546519,14350,2011-03-14,84559B,3.4
C546519,14350,2011-03-14,85123A,2.95
C546529,15502,2011-03-14,22502,5.95
C546535,15502,2011-03-14,47566B,4.25
C546548,16518,2011-03-14,22147,1.45
C546548,16518,2011-03-14,22150,1.95
C546623,17954,2011-03-15,21556,2.55
C546641,13451,2011-03-15,22180,59.7
C546647,17419,2011-03-15,22832,10.75
C546664,16061,2011-03-15,22504,29.95
C546671,15215,2011-03-15,22423,10.95
C546730,18183,2011-03-16,22720,4.95
C546730,18183,2011-03-16,21937,5.9
C546740,16983,2011-03-16,21455,11.05
C546773,14505,2011-03-16,22941,17.0
C546777,17080,2011-03-16,84978,2.12
C546854,17511,2011-03-17,20726,1.45
C546854,17511,2011-03-17,21564,2.55
C546854,17511,2011-03-17,21232,10.6
C546854,17511,2011-03-17,22960,3.75
C546854,17511,2011-03-17,22196,2.88
C546854,17511,2011-03-17,22667,2.95
C546854,17511,2011-03-17,22468,5.95
C546864,13319,2011-03-17,21539,9.9
C546865,14226,2011-03-17,79000,0.65
C546865,14226,2011-03-17,22697,2.95
C546865,14226,2011-03-17,22699,5.9
C546865,14226,2011-03-17,22423,12.75
C546868,15671,2011-03-17,22168,8.5
C546880,13093,2011-03-17,22423,12.75
C546881,15159,2011-03-17,82483,17.85
C546885,15671,2011-03-17,22168,8.5
C546886,12520,2011-03-17,22423,25.5
C546887,14329,2011-03-17,22957,2.95
C546887,14329,2011-03-17,22907,0.85
C546887,14329,2011-03-17,21389,0.85
C546887,14329,2011-03-17,22212,2.1
C546889,13971,2011-03-17,22258,7.5
C546889,13971,2011-03-17,72140E,0.85
C546889,13971,2011-03-17,22722,3.95
C546893,14156,2011-03-17,22502,4.95
C546895,15358,2011-03-17,22777,8.5
C546897,18183,2011-03-17,21937,5.9
C546897,18183,2011-03-17,22720,4.95
C546901,14112,2011-03-17,22741,1.7
C546901,14112,2011-03-17,22776,9.95
C546901,14112,2011-03-17,21535,7.65
C546901,14112,2011-03-17,21844,2.95
C546901,14112,2011-03-17,22968,9.95
C546904,16150,2011-03-17,22822,5.95
C546904,16150,2011-03-17,22784,4.95
C546904,16150,2011-03-17,22766,11.8
C546904,16150,2011-03-17,20723,0.85
C546906,17675,2011-03-17,82484,6.75
C546930,14701,2011-03-18,21743,11.8
C546930,14701,2011-03-18,85131A,1.25
C546930,14701,2011-03-18,84575A,5.95
C546930,14701,2011-03-18,22268,0.85
C546931,12989,2011-03-18,22301,4.2
C546932,16297,2011-03-18,90201B,2.95
C547024,15065,2011-03-18,22962,1.7
C547024,15065,2011-03-18,22634,9.95
C547031,15465,2011-03-20,22423,87.6
C547043,16156,2011-03-20,22752,8.5
C547043,16156,2011-03-20,22720,4.95
C547043,16156,2011-03-20,22467,2.55
C547054,16444,2011-03-20,35400,8.95
C547104,16817,2011-03-21,85194L,6.8
C547187,12779,2011-03-21,22993,2.5
C547187,12779,2011-03-21,37450,2.95
C547187,12779,2011-03-21,37448,8.94
C547193,17811,2011-03-21,22428,6.95
C547208,15189,2011-03-21,84978,5.3
C547208,15189,2011-03-21,22423,109.5
C547228,16626,2011-03-21,21417,2.1
C547229,17213,2011-03-21,22801,3.75
C547229,17213,2011-03-21,22467,2.55
C547230,18189,2011-03-21,20914,5.9
C547231,15291,2011-03-21,22173,2.95
C547232,12994,2011-03-21,85178,1.25
C547232,12994,2011-03-21,85053,2.1
C547232,12994,2011-03-21,22429,4.25
C547232,12994,2011-03-21,22427,5.95
C547232,12994,2011-03-21,22425,9.9
C547234,12428,2011-03-21,21537,4.25
C547234,12428,2011-03-21,21527,7.95
C547235,15291,2011-03-21,82486,17.9
C547241,16817,2011-03-21,85194L,6.8
C547342,15044,2011-03-22,82484,7.9
C547368,16809,2011-03-22,21931,1.95
C547376,14227,2011-03-22,21535,2.55
C547410,18183,2011-03-23,21937,2.95
C547495,15021,2011-03-23,22384,3.3
C547581,12474,2011-03-24,22367,1.95
C547581,12474,2011-03-24,22554,1.65
C547581,12474,2011-03-24,21561,2.55
C547582,12474,2011-03-24,23194,6.75
C547582,12474,2011-03-24,23177,4.5
C547594,12693,2011-03-24,22978,15.0
C547661,13736,2011-03-24,21216,4.95
C547661,13736,2011-03-24,21874,1.25
C547675,17754,2011-03-24,22263,32.34
C547676,15189,2011-03-24,22423,21.9
C547710,14875,2011-03-24,21626,3.9
C547711,13534,2011-03-24,22692,7.95
C547763,14194,2011-03-25,22666,8.85
C547763,14194,2011-03-25,85150,2.55
C547763,14194,2011-03-25,23182,0.83
C547763,14194,2011-03-25,21259,5.95
C547797,17460,2011-03-25,37449,9.95
C547798,17204,2011-03-25,22957,35.4
C547798,17204,2011-03-25,22333,3.3
C547798,17204,2011-03-25,22967,35.4
C547802,12921,2011-03-25,71459,3.6
C547806,12528,2011-03-25,22720,4.95
C547806,12528,2011-03-25,21232,1.25
C547807,14194,2011-03-25,22962,1.7
C547807,14194,2011-03-25,85194S,2.6
C547808,13014,2011-03-25,37450,11.8
C547808,13014,2011-03-25,21257,7.95
C547836,15465,2011-03-27,22423,98.55
C547838,12916,2011-03-27,82483,13.9
C547847,14232,2011-03-27,20726,1.65
C547848,12921,2011-03-27,85099B,1.95
C547849,12471,2011-03-27,21232,3.75
C547853,15615,2011-03-27,21041,2.95
C547853,15615,2011-03-27,21929,5.85
C547853,15615,2011-03-27,20727,4.95
C547855,14194,2011-03-27,22843,6.75
C547856,16256,2011-03-27,47566,19.8
C547857,13050,2011-03-27,85062,4.95
C547859,13725,2011-03-27,85027L,9.75
C547858,14911,2011-03-27,22720,4.95
C547858,14911,2011-03-27,23178,2.89
C547889,14410,2011-03-28,85040B,1.65
C547889,14410,2011-03-28,22834,2.1
C547889,14410,2011-03-28,22866,2.1
C547889,14410,2011-03-28,20934,5.45
C547889,14410,2011-03-28,22442,7.95
C547889,14410,2011-03-28,21124,1.25
C547889,14410,2011-03-28,21122,1.25
C547889,14410,2011-03-28,21539,9.9
C547968,12471,2011-03-28,84228,0.42
C547968,12471,2011-03-28,22859,1.65
C547988,13477,2011-03-29,22467,5.1
C547992,18225,2011-03-29,22180,9.95
C548009,14245,2011-03-29,22720,9.9
C548015,13802,2011-03-29,82583,50.7
C548174,13662,2011-03-29,22725,3.75
C548187,17511,2011-03-29,22423,12.75
C548187,17511,2011-03-29,47590B,5.45
C548187,17511,2011-03-29,21232,1.25
C548193,14680,2011-03-29,21731,3.3
C548193,14680,2011-03-29,84997A,3.75
C548193,14680,2011-03-29,20725,4.35
C548193,14680,2011-03-29,22628,4.95
C548193,14680,2011-03-29,20728,1.65
C548193,14680,2011-03-29,22383,1.65
C548193,14680,2011-03-29,20726,3.3
C548307,17314,2011-03-30,21714,7.5
C548352,12921,2011-03-30,22179,6.75
C548355,12921,2011-03-30,22423,12.75
C548356,12472,2011-03-30,21383,1.3
C548356,12472,2011-03-30,22467,22.95
C548356,12472,2011-03-30,22326,2.95
C548356,12472,2011-03-30,22444,3.75
C548356,12472,2011-03-30,21731,3.3
C548356,12472,2011-03-30,21559,7.65
C548357,15785,2011-03-30,22423,10.95
C548360,13534,2011-03-30,21929,2.08
C548360,13534,2011-03-30,22356,0.85
C548374,13047,2011-03-30,84969,4.25
C548374,13047,2011-03-30,21658,7.9
C548374,13047,2011-03-30,22969,2.9
C548387,14794,2011-03-30,22849,33.9
C548391,13488,2011-03-30,22698,2.95
C548453,17428,2011-03-31,22892,7.5
C548463,13225,2011-03-31,82483,107.1
C548463,13225,2011-03-31,82483,273.7
C548464,13043,2011-03-31,22846,44.85
C548465,17526,2011-03-31,22776,195.5
C548467,16619,2011-03-31,22502,11.9
C548467,16619,2011-03-31,22617,9.9
C548469,14543,2011-03-31,22624,30.6
C548469,14543,2011-03-31,21528,11.9
C548469,14543,2011-03-31,21534,4.95
C548469,14543,2011-03-31,21781,89.25
C548469,14543,2011-03-31,21843,9.95
C548469,14543,2011-03-31,21258,51.0
C548469,14543,2011-03-31,22207,4.25
C548469,14543,2011-03-31,22625,15.3
C548469,14543,2011-03-31,22627,0.76
C548471,14267,2011-03-31,22776,9.95
C548485,14051,2011-03-31,22698,5.9
C548485,14051,2011-03-31,22699,2.95
C548487,14952,2011-03-31,22798,2.95
C548487,14952,2011-03-31,22667,2.95
C548487,14952,2011-03-31,22637,20.4
C548488,16638,2011-03-31,22891,4.25
C548495,17075,2011-03-31,71038,5.45
C548503,14410,2011-03-31,21539,4.95
C548503,14410,2011-03-31,22070,3.75
C548503,14410,2011-03-31,22649,9.9
C548508,14189,2011-03-31,23176,2.25
C548513,13777,2011-03-31,85123A,20.4
C548543,14525,2011-03-31,84949,3.3
C548564,12616,2011-04-01,20750,7.95
C548576,15696,2011-04-01,84969,4.25
C548577,13694,2011-04-01,21155,420.0
C548607,16700,2011-04-01,22637,2.55
C548626,15622,2011-04-01,22193,8.5
C548647,12888,2011-04-01,37449,29.85
C548667,12781,2011-04-01,22231,21.75
C548695,17243,2011-04-03,82483,6.95
C548695,17243,2011-04-03,82486,8.95
C548713,17337,2011-04-03,21877,1.25
C548713,17337,2011-04-03,22087,35.4
C548713,17337,2011-04-03,22181,2.55
C548721,12957,2011-04-04,21714,5.0
C548721,12957,2011-04-04,21713,4.2
C548722,13481,2011-04-04,22960,8.5
C548723,15874,2011-04-04,72741,4.35
C548723,15874,2011-04-04,20830,2.1
C548723,15874,2011-04-04,84755,0.65
C548723,15874,2011-04-04,82482,2.55
C548723,15874,2011-04-04,85063,16.95
C548727,17725,2011-04-04,85159A,3.9
C548727,17725,2011-04-04,22325,9.9
C548731,12755,2011-04-04,22328,1591.2
C548851,15311,2011-04-04,82483,5.95
C548851,15311,2011-04-04,21313,0.64
C548851,15311,2011-04-04,21314,18.5
C548891,13418,2011-04-04,22727,3.75
C548906,13636,2011-04-05,85131A,7.5
C548908,18108,2011-04-05,72807A,4.25
C548908,18108,2011-04-05,21314,2.1
C548941,15061,2011-04-05,85178,60.0
C548947,14546,2011-04-05,22180,9.95
C548947,14546,2011-04-05,22158,2.95
C548947,14546,2011-04-05,21143,1.95
C548947,14546,2011-04-05,21314,2.1
C548947,14546,2011-04-05,22152,0.42
C548976,17725,2011-04-05,85159B,13.65
C548976,17725,2011-04-05,85159A,13.65
C549013,15648,2011-04-05,22727,3.75
C549019,12474,2011-04-05,22236,12.75
C549019,12474,2011-04-05,22467,2.55
C549019,12474,2011-04-05,22258,1.25
C549019,12474,2011-04-05,22233,3.3
C549019,12474,2011-04-05,22230,1.7
C549039,17675,2011-04-05,22727,7.5
C549041,17644,2011-04-05,22558,1.65
C549049,17677,2011-04-06,22087,2.55
C549050,13767,2011-04-06,15056BL,11.9
C549050,13767,2011-04-06,21314,6.3
C549098,12481,2011-04-06,21399,5.46
C549162,17438,2011-04-06,22960,4.25
C549162,17438,2011-04-06,21844,5.9
C549184,12428,2011-04-07,37342,21.33
C549184,12428,2011-04-07,21394,0.78
C549252,16584,2011-04-07,22667,12.75
C549252,16584,2011-04-07,22666,7.65
C549252,16584,2011-04-07,22665,7.65
C549253,12408,2011-04-07,22727,3.75
C549253,12408,2011-04-07,22725,3.75
C549253,12408,2011-04-07,20712,2.08
C549253,12408,2011-04-07,22466,1.95
C549253,12408,2011-04-07,22328,2.95
C549254,13769,2011-04-07,82494L,2.95
C549265,16245,2011-04-07,22364,8.85
C549269,16701,2011-04-07,75049L,7.65
C549269,16701,2011-04-07,21539,21.25
C549288,14527,2011-04-07,22469,1.65
C549315,12949,2011-04-08,21876,3.75
C549315,12949,2011-04-08,21868,2.5
C549315,12949,2011-04-08,22697,2.95
C549430,13846,2011-04-08,84750A,5.85
C549430,13846,2011-04-08,22333,1.65
C549430,13846,2011-04-08,22634,9.95
C549437,13005,2011-04-08,22617,4.95
C549438,12471,2011-04-08,23183,3.75
C549438,12471,2011-04-08,23155,1.66
C549450,13089,2011-04-08,22637,10.2
C549530,13863,2011-04-08,22231,5.8
C549530,13863,2011-04-08,22998,0.42
C549533,12408,2011-04-08,22628,14.85
C549580,13501,2011-04-11,22968,29.85
C549582,12656,2011-04-11,22423,38.25
C549666,13113,2011-04-11,22501,34.0
C549666,13113,2011-04-11,22055,11.55
C549666,13113,2011-04-11,85064,4.65
C549666,13113,2011-04-11,84839,5.55
C549666,13113,2011-04-11,37447,1.49
C549666,13113,2011-04-11,22284,1.65
C549666,13113,2011-04-11,37448,1.49
C549666,13113,2011-04-11,22960,4.25
C549666,13113,2011-04-11,22423,10.95
C549666,13113,2011-04-11,37446,5.8
C549666,13113,2011-04-11,22059,1.49
C549666,13113,2011-04-11,22470,2.55
C549666,13113,2011-04-11,22469,1.65
C549666,13113,2011-04-11,21530,1.58
C549666,13113,2011-04-11,21166,2.08
C549666,13113,2011-04-11,22176,2.95
C549666,13113,2011-04-11,21471,3.75
C549666,13113,2011-04-11,21470,3.75
C549666,13113,2011-04-11,22063,2.95
C549685,13266,2011-04-11,85132A,1.95
C549688,15449,2011-04-11,20726,1.65
C549692,13668,2011-04-11,21671,1.06
C549692,13668,2011-04-11,21668,1.06
C549692,13668,2011-04-11,21669,1.06
C549692,13668,2011-04-11,85040B,3.3
C549692,13668,2011-04-11,85053,1.69
C549692,13668,2011-04-11,22352,2.55
C549731,13266,2011-04-11,21399,0.39
C549731,13266,2011-04-11,21746,2.5
C549783,16558,2011-04-12,84751B,0.79
C549783,16558,2011-04-12,84750B,0.39
C549783,16558,2011-04-12,22893,1.26
C549783,16558,2011-04-12,22649,4.95
C549783,16558,2011-04-12,22060,19.75
C549783,16558,2011-04-12,22960,4.25
C549788,13098,2011-04-12,22960,8.5
C549822,12854,2011-04-12,22423,12.75
C549822,12854,2011-04-12,84884A,3.95
C549822,12854,2011-04-12,22244,1.95
C549823,16875,2011-04-12,22139,4.95
C549824,15189,2011-04-12,21713,6.3
C549824,15189,2011-04-12,22672,3.3
C549824,15189,2011-04-12,22698,2.95
C549840,15189,2011-04-12,22697,5.9
C549897,15363,2011-04-12,85135B,7.95
C549898,13078,2011-04-12,22678,1.25
C549899,14961,2011-04-12,84949,11.55
C549900,17180,2011-04-12,37446,1.45
C549908,13324,2011-04-12,22423,32.85
C549912,15737,2011-04-13,22138,4.95
C549912,15737,2011-04-13,20725,1.65
C549913,14267,2011-04-13,22961,17.4
C549919,15201,2011-04-13,82580,0.55
C549919,15201,2011-04-13,22672,3.3
C549919,15201,2011-04-13,22675,3.75
C549919,15201,2011-04-13,22674,1.25
C549921,15109,2011-04-13,22423,12.75
C549921,15109,2011-04-13,22798,5.9
C549921,15109,2011-04-13,22637,2.55
C549955,12359,2011-04-13,22666,5.9
C549960,16652,2011-04-13,22423,25.5
C549962,16652,2011-04-13,22423,21.9
C549973,17873,2011-04-13,82600,44.4
C549986,18178,2011-04-13,22750,7.5
C549987,14367,2011-04-13,20829,2.1
C549987,14367,2011-04-13,84978,1.25
C550010,15299,2011-04-14,84950,2.2
C550010,15299,2011-04-14,84856S,3.81
C550013,12982,2011-04-14,85159B,1.95
C550013,12982,2011-04-14,22892,1.25
C550013,12982,2011-04-14,22757,1.25
C550013,12982,2011-04-14,22644,7.25
C550013,12982,2011-04-14,21877,1.25
C550013,12982,2011-04-14,21318,0.39
C550024,13089,2011-04-14,84949,20.3
C550024,13089,2011-04-14,22423,140.25
C550026,14339,2011-04-14,23076,5.0
C550027,14195,2011-04-14,75049L,49.3
C550029,13539,2011-04-14,90185C,25.5
C550099,16933,2011-04-14,20682,3.25
C550127,15212,2011-04-14,37449,9.95
C550127,15212,2011-04-14,37446,2.9
C550165,15358,2011-04-14,22962,0.85
C550168,14339,2011-04-14,23155,0.83
C550170,17017,2011-04-14,22960,12.75
C550171,12585,2011-04-14,20971,1.25
C550172,17440,2011-04-14,21736,1.17
C550174,16394,2011-04-14,22228,1.7
C550174,16394,2011-04-14,22229,1.7
C550174,16394,2011-04-14,22997,0.84
C550174,16394,2011-04-14,23004,2.52
C550174,16394,2011-04-14,23002,3.36
C550174,16394,2011-04-14,20983,1.7
C550176,14619,2011-04-14,22768,9.95
C550176,14619,2011-04-14,23155,4.98
C550177,13534,2011-04-14,20726,3.3
C550195,14796,2011-04-15,21231,1.25
C550195,14796,2011-04-15,37448,1.49
C550300,17243,2011-04-17,72803A,4.25
C550349,15973,2011-04-18,21735,10.95
C550353,17841,2011-04-18,51020B,0.29
C550353,17841,2011-04-18,51020A,0.58
C550353,17841,2011-04-18,22719,1.25
C550356,13458,2011-04-18,22907,6.8
C550356,13458,2011-04-18,20794,2.55
C550358,13113,2011-04-18,22501,34.0
C550442,16550,2011-04-18,44234,0.42
C550442,16550,2011-04-18,21622,4.95
C550442,16550,2011-04-18,22197,0.85
C550451,17204,2011-04-18,22825,13.5
C550451,17204,2011-04-18,22796,34.0
C550454,15615,2011-04-18,84946,7.5
C550455,13098,2011-04-18,22423,10.95
C550455,13098,2011-04-18,22383,1.65
C550455,13098,2011-04-18,22382,1.65
C550456,15749,2011-04-18,47566B,3315.0
C550463,13157,2011-04-18,22382,1.65
C550466,14032,2011-04-18,22064,3.3
C550472,18009,2011-04-18,22303,5.1
C550475,13798,2011-04-18,37446,2.5
C550475,13798,2011-04-18,22064,4.35
C550475,13798,2011-04-18,37450,5.1
C550475,13798,2011-04-18,82581,0.84
C550475,13798,2011-04-18,82583,3.7
C550475,13798,2011-04-18,20723,2.16
C550475,13798,2011-04-18,20724,0.72
C550475,13798,2011-04-18,21928,1.79
C550475,13798,2011-04-18,20718,1.06
C550475,13798,2011-04-18,21163,1.25
C550475,13798,2011-04-18,35924,10.14
C550475,13798,2011-04-18,21175,2.08
C550475,13798,2011-04-18,21166,1.85
C550475,13798,2011-04-18,21169,1.45
C550475,13798,2011-04-18,85152,3.7
C550475,13798,2011-04-18,21181,1.85
C550475,13798,2011-04-18,20711,3.58
C550475,13798,2011-04-18,85099B,7.16
C550475,13798,2011-04-18,21232,14.84
C550475,13798,2011-04-18,21231,5.3
C550475,13798,2011-04-18,37449,59.5
C550485,13317,2011-04-18,22059,13.41
C550485,13317,2011-04-18,21232,5.0
C550486,16735,2011-04-18,22488,3.3
C550494,15311,2011-04-18,22171,7.65
C550494,15311,2011-04-18,40001,1.28
C550494,15311,2011-04-18,20712,1.79
C550494,15311,2011-04-18,82001S,3.39
C550494,15311,2011-04-18,21314,1.85
C550494,15311,2011-04-18,20829,1.69
C550494,15311,2011-04-18,75049L,5.95
C550511,13798,2011-04-18,37449,51.0
C550530,13082,2011-04-19,22557,14.85
C550530,13082,2011-04-19,22555,3.3
C550533,17071,2011-04-19,47566B,9.9
C550537,15932,2011-04-19,21318,1.17
C550537,15932,2011-04-19,37342,3.95
C550538,17746,2011-04-19,37495,7.5
C550538,17746,2011-04-19,22060,3.95
C550611,12569,2011-04-19,22060,23.7
C550614,13735,2011-04-19,22968,8.5
C550614,13735,2011-04-19,22635,9.95
C550614,13735,2011-04-19,84849B,1.69
C550642,15027,2011-04-19,22605,12.75
C550646,16873,2011-04-19,22457,2.95
C550646,16873,2011-04-19,22845,6.35
C550646,16873,2011-04-19,82482,2.55
C550646,16873,2011-04-19,22962,2.55
C550647,13134,2011-04-19,47599B,4.2
C550648,13134,2011-04-19,22558,3.3
C550648,13134,2011-04-19,22697,2.95
C550650,18171,2011-04-19,22499,17.85
C550664,16923,2011-04-20,22699,2.95
C550668,12457,2011-04-20,22636,45.9
C550709,12997,2011-04-20,21231,3.75
C550709,12997,2011-04-20,22212,2.1
C550709,12997,2011-04-20,21232,1.25
C550751,15465,2011-04-20,22423,25.5
C550752,13089,2011-04-20,22801,3.75
C550770,17856,2011-04-20,84947,9.54
C550771,17856,2011-04-20,21320,14.7
C550780,17211,2011-04-20,84507C,2.55
C550808,14323,2011-04-20,22960,4.25
C550808,14323,2011-04-20,22699,2.95
C550808,14323,2011-04-20,22698,2.95
C550808,14323,2011-04-20,22697,2.95
C550809,14189,2011-04-20,22728,3.75
C550810,15135,2011-04-20,22654,11.9
C550812,15655,2011-04-20,22180,9.95
C550814,16611,2011-04-20,22191,8.5
C550959,15594,2011-04-21,22960,4.25
C550961,14428,2011-04-21,84978,4.24
C550962,14834,2011-04-21,21754,5.95
C550962,14834,2011-04-21,22191,8.5
C550966,17663,2011-04-21,22841,7.95
C551015,12753,2011-04-26,21218,32.5
C551015,12753,2011-04-26,22661,0.72
C551015,12753,2011-04-26,21774,1.25
C551015,12753,2011-04-26,21452,10.2
C551015,12753,2011-04-26,22364,22.95
C551015,12753,2011-04-26,22361,2.55
C551015,12753,2011-04-26,22637,6.3
C551015,12753,2011-04-26,23176,9.0
C551018,12705,2011-04-26,22328,2.95
C551018,12705,2011-04-26,22467,5.1
C551018,12705,2011-04-26,22355,0.85
C551018,12705,2011-04-26,21426,2.1
C551018,12705,2011-04-26,21424,2.95
C551018,12705,2011-04-26,21238,0.85
C551018,12705,2011-04-26,20719,0.85
C551018,12705,2011-04-26,20712,3.9
C551061,16356,2011-04-26,82551,1.45
C551140,17613,2011-04-26,48194,7.95
C551167,14211,2011-04-26,82483,6.95
C551175,14329,2011-04-26,22325,4.95
C551178,15805,2011-04-26,22666,11.8
C551178,15805,2011-04-26,21181,6.3
C551178,15805,2011-04-26,21539,4.95
C551195,13113,2011-04-27,22501,68.0
C551195,13113,2011-04-27,22423,21.9
C551196,17069,2011-04-27,84970S,0.85
C551196,17069,2011-04-27,71459,0.85
C551196,17069,2011-04-27,22667,2.95
C551196,17069,2011-04-27,22665,8.85
C551285,15005,2011-04-27,72351B,2.1
C551329,14626,2011-04-27,21714,2.5
C551330,17115,2011-04-27,22776,9.95
C551333,12681,2011-04-27,22320,11.9
C551335,14198,2011-04-27,22784,4.95
C551335,14198,2011-04-27,22914,4.95
C551336,13993,2011-04-27,22960,4.25
C551463,13534,2011-04-28,22411,2.08
C551463,13534,2011-04-28,23152,7.5
C551464,13085,2011-04-28,22271,17.7
C551464,13085,2011-04-28,22299,30.0
C551465,14640,2011-04-28,22697,2.95
C551465,14640,2011-04-28,21714,3.75
C551508,13102,2011-04-28,23194,13.5
C551509,15845,2011-04-28,22968,51.0
C551511,14311,2011-04-28,22697,2.95
C551511,14311,2011-04-28,21318,1.95
C551511,14311,2011-04-28,21205,12.75
C551513,16592,2011-04-28,22667,2.95
C551513,16592,2011-04-28,22191,8.5
C551513,16592,2011-04-28,21232,3.75
C551521,16401,2011-05-01,22198,3.3
C551522,14800,2011-05-01,22834,2.1
C551522,14800,2011-05-01,22662,1.65
C551557,13113,2011-05-03,22501,51.0
C551585,12483,2011-05-03,22779,8.5
C551587,13505,2011-05-03,22776,9.95
C551588,12708,2011-05-03,22963,1.7
C551588,12708,2011-05-03,22962,2.55
C551588,12708,2011-05-03,22326,8.85
C551602,17692,2011-05-03,22892,7.5
C551646,12888,2011-05-03,79160,10.5
C551648,14800,2011-05-03,22941,85.0
C551659,13668,2011-05-03,84970S,0.85
C551659,13668,2011-05-03,22645,1.25
C551659,13668,2011-05-03,21668,3.18
C551670,15898,2011-05-03,21314,4.2
C551674,16654,2011-05-03,22305,2.55
C551674,16654,2011-05-03,22071,3.75
C551683,13209,2011-05-03,22362,41.3
C551684,12947,2011-05-03,22456,4.95
C551712,13267,2011-05-03,22798,2.95
C551778,18220,2011-05-04,21231,2.5
C551778,18220,2011-05-04,21232,5.0
C551841,15311,2011-05-04,22719,4.24
C551861,12840,2011-05-04,22465,1.65
C551861,12840,2011-05-04,22960,4.25
C551863,16145,2011-05-04,84625C,0.85
C551863,16145,2011-05-04,21395,0.78
C551863,16145,2011-05-04,21394,0.78
C551864,12483,2011-05-04,22779,8.5
C551865,17644,2011-05-04,22558,1.65
C551865,17644,2011-05-04,21156,15.6
C551865,17644,2011-05-04,21039,15.3
C551867,16227,2011-05-04,22666,5.9
C551892,16265,2011-05-05,21459,13.65
C551947,15147,2011-05-05,22138,14.85
C551948,17511,2011-05-05,22169,7.65
C551948,17511,2011-05-05,22768,8.5
C551948,17511,2011-05-05,22659,1.65
C551948,17511,2011-05-05,21232,4.24
C551948,17511,2011-05-05,22722,3.45
C551948,17511,2011-05-05,21754,5.45
C551948,17511,2011-05-05,22270,3.39
C551948,17511,2011-05-05,22303,2.1
C551949,14149,2011-05-05,84931B,7.65
C551999,14911,2011-05-05,22767,9.95
C552014,15708,2011-05-05,22457,2.95
C552015,16722,2011-05-05,22332,1.65
C552016,15696,2011-05-05,22697,2.95
C552019,14227,2011-05-05,21749,2.1
C552019,14227,2011-05-05,84945,0.85
C552020,18183,2011-05-05,22189,3.95
C552020,18183,2011-05-05,22359,2.95
C552021,15125,2011-05-05,22963,36.72
C552022,12840,2011-05-05,22465,6.6
C552027,16705,2011-05-05,22801,3.39
C552029,15622,2011-05-05,20982,0.85
C552029,15622,2011-05-05,20983,0.85
C552029,15622,2011-05-05,21844,5.9
C552029,15622,2011-05-05,22681,1.25
C552029,15622,2011-05-05,22684,1.25
C552029,15622,2011-05-05,23132,5.75
C552029,15622,2011-05-05,22294,2.5
C552030,15189,2011-05-05,84978,8.75
C552031,13089,2011-05-05,22423,153.3
C552031,13089,2011-05-05,22364,25.5
C552031,13089,2011-05-05,22360,25.5
C552031,13089,2011-05-05,84949,8.25
C552043,12476,2011-05-06,22467,5.1
C552212,17422,2011-05-06,23126,4.95
C552212,17422,2011-05-06,23127,14.85
C552213,13499,2011-05-06,22251,5.0
C552213,13499,2011-05-06,21314,4.2
C552237,14056,2011-05-06,22550,3.75
C552237,14056,2011-05-06,22380,2.1
C552237,14056,2011-05-06,22441,2.1
C552241,14676,2011-05-06,22569,3.75
C552258,16923,2011-05-08,21166,2.08
C552300,14606,2011-05-08,84755,2.6
C552301,17323,2011-05-08,21424,2.95
C552301,17323,2011-05-08,21426,2.1
C552334,12853,2011-05-09,22925,5.95
C552406,12709,2011-05-09,21658,6.78
C552406,12709,2011-05-09,22467,6.3
C552406,12709,2011-05-09,22605,21.9
C552406,12709,2011-05-09,22625,7.65
C552462,16242,2011-05-09,22720,4.95
C552535,13269,2011-05-10,22501,9.95
C552535,13269,2011-05-10,21735,12.75
C552535,13269,2011-05-10,22502,5.95
C552568,12901,2011-05-10,84077,201.6
C552585,17841,2011-05-10,82483,6.95
C552698,13448,2011-05-10,22697,2.95
C552700,14587,2011-05-10,22650,2.9
C552701,16094,2011-05-10,71053,3.75
C552701,16094,2011-05-10,20750,7.95
C552704,13098,2011-05-10,22729,3.39
C552704,13098,2011-05-10,20914,5.1
C552704,13098,2011-05-10,20728,2.9
C552704,13098,2011-05-10,21733,2.55
C552704,13098,2011-05-10,22136,1.45
C552704,13098,2011-05-10,22423,10.95
C552705,15620,2011-05-10,22925,5.95
C552706,13014,2011-05-10,37446,1.45
C552706,13014,2011-05-10,21843,10.95
C552707,15696,2011-05-10,22501,9.95
C552709,12886,2011-05-10,23150,2.49
C552709,12886,2011-05-10,23146,9.87
C552709,12886,2011-05-10,22796,9.95
C552709,12886,2011-05-10,22494,5.0
C552718,14462,2011-05-11,84929,6.6
C552719,13098,2011-05-11,22838,25.5
C552720,18272,2011-05-11,22969,2.9
C552720,18272,2011-05-11,22204,3.75
C552720,18272,2011-05-11,84817,4.2
C552720,18272,2011-05-11,20932,2.95
C552722,12720,2011-05-11,22962,5.95
C552841,15827,2011-05-11,22840,7.95
C552856,14288,2011-05-11,22423,12.75
C552889,14606,2011-05-12,20725,1.65
C552919,13282,2011-05-12,21558,2.55
C552936,13113,2011-05-12,22501,51.0
C552944,17811,2011-05-12,21246,4.95
C553020,12921,2011-05-12,22801,7.5
C553023,13952,2011-05-12,22062,4.98
C553024,13136,2011-05-12,23190,1.65
C553025,13971,2011-05-12,22766,2.95
C553025,13971,2011-05-12,22722,7.9
C553025,13971,2011-05-12,22666,2.95
C553025,13971,2011-05-12,22547,0.84
C553026,15249,2011-05-12,37370,1.25
C553026,15249,2011-05-12,21868,1.25
C553026,15249,2011-05-12,22925,5.95
C553027,13741,2011-05-12,21314,2.1
C553028,15194,2011-05-12,22156,1.7
C553028,15194,2011-05-12,21314,4.2
C553030,18142,2011-05-12,22149,2.1
C553031,13908,2011-05-12,22301,2.55
C553031,13908,2011-05-12,22300,2.55
C553031,13908,2011-05-12,21240,2.55
C553032,13320,2011-05-12,22631,5.85
C553033,13883,2011-05-12,21216,4.95
C553150,17841,2011-05-13,23182,0.83
C553222,13662,2011-05-16,47566,4.95
C553222,13662,2011-05-16,23201,2.08
C553230,14201,2011-05-16,20821,29.7
C553397,17841,2011-05-16,22863,2.95
C553424,17811,2011-05-17,21238,0.85
C553478,17677,2011-05-17,23082,3.75
C553478,17677,2011-05-17,23172,1.65
C553479,13098,2011-05-17,23174,8.3
C553479,13098,2011-05-17,22699,2.95
C553486,17423,2011-05-17,71459,17.28
C553502,17677,2011-05-17,23082,18.75
C553508,14000,2011-05-17,84950,1.95
C553510,14342,2011-05-17,23112,19.95
C553512,15005,2011-05-17,22997,0.42
C553516,14911,2011-05-17,21658,3.95
C553517,14209,2011-05-17,21713,6.3
C553518,16642,2011-05-17,22487,8.5
C553519,18218,2011-05-17,22138,9.9
C553530,13777,2011-05-17,72802A,3.81
C553530,13777,2011-05-17,35004B,4.65
C553530,13777,2011-05-17,22646,6.2
C553533,17612,2011-05-17,21088,2.28
C553532,14911,2011-05-17,90076,2.55
C553532,14911,2011-05-17,23158,24.96
C553534,14849,2011-05-17,21467,3.75
C553536,14051,2011-05-17,23173,16.3
C553557,13266,2011-05-17,21746,1.25
C553557,13266,2011-05-17,85132A,1.95
C553561,15596,2011-05-17,21843,10.95
C553561,15596,2011-05-17,22502,5.95
C553562,13534,2011-05-17,23199,2.08
C553563,14342,2011-05-17,23112,39.9
C553568,13650,2011-05-18,82482,5.1
C553568,13650,2011-05-18,22423,21.9
C553656,17389,2011-05-18,22607,8.5
C553656,17389,2011-05-18,22606,12.75
C553667,14755,2011-05-18,22507,4.95
C553687,15311,2011-05-18,22778,6.78
C553687,15311,2011-05-18,22646,1.25
C553687,15311,2011-05-18,85099B,1.79
C553687,15311,2011-05-18,22241,1.06
C553687,15311,2011-05-18,75049L,2.55
C553748,16676,2011-05-19,21658,7.9
C553748,16676,2011-05-19,22191,8.5
C553763,15081,2011-05-19,23112,7.5
C553780,15730,2011-05-19,22725,7.5
C553780,15730,2011-05-19,21870,2.5
C553780,15730,2011-05-19,21871,2.5
C553840,12471,2011-05-19,22423,21.9
C553851,15811,2011-05-19,21535,5.1
C553851,15811,2011-05-19,21539,4.95
C553866,14620,2011-05-19,21845,12.64
C553866,14620,2011-05-19,37370,3.75
C553866,14620,2011-05-19,79337,2.28
C553866,14620,2011-05-19,62043B,0.83
C553877,13319,2011-05-19,22960,8.5
C553877,13319,2011-05-19,21533,4.95
C553903,17671,2011-05-19,22847,16.95
C553904,13081,2011-05-19,22897,15.95
C553904,13081,2011-05-19,23298,158.4
C553906,16554,2011-05-19,22464,1.65
C553906,16554,2011-05-19,22854,4.95
C553906,16554,2011-05-19,23056,12.5
C553906,16554,2011-05-19,22798,8.85
C553906,16554,2011-05-19,22776,9.95
C553906,16554,2011-05-19,82482,2.55
C553906,16554,2011-05-19,23132,11.5
C553906,16554,2011-05-19,22800,3.75
C553906,16554,2011-05-19,21313,1.7
C553910,18168,2011-05-19,21232,1.25
C553910,18168,2011-05-19,22064,1.65
C553914,18109,2011-05-19,22487,9.95
C553924,12476,2011-05-20,22849,14.95
C553924,12476,2011-05-20,22847,14.95
C553999,13408,2011-05-20,23169,8.3
C554001,16818,2011-05-20,22488,1.65
C554004,15367,2011-05-20,22138,9.9
C554011,13151,2011-05-20,21430,7.5
C554012,15125,2011-05-20,22139,9.9
C554012,15125,2011-05-20,22429,8.5
C554025,14565,2011-05-20,20795,10.5
C554029,12681,2011-05-20,22303,5.1
C554100,15555,2011-05-22,16235,0.21
C554100,15555,2011-05-22,22858,1.65
C554100,15555,2011-05-22,22859,1.65
C554100,15555,2011-05-22,22162,8.85
C554100,15555,2011-05-22,71477,3.25
C554100,15555,2011-05-22,84879,1.69
C554100,15555,2011-05-22,21802,0.42
C554100,15555,2011-05-22,15044D,2.95
C554100,15555,2011-05-22,82482,2.55
C554136,14239,2011-05-23,84978,1.25
C554150,14573,2011-05-23,21042,5.95
C554203,14573,2011-05-23,85132C,1.95
C554266,12474,2011-05-23,22244,9.75
C554266,12474,2011-05-23,22433,1.95
C554266,12474,2011-05-23,22431,1.95
C554266,12474,2011-05-23,23199,4.16
C554266,12474,2011-05-23,23126,4.95
C554273,13883,2011-05-23,22723,3.95
C554300,13455,2011-05-23,82486,8.95
C554330,12749,2011-05-23,22423,12.75
C554330,12749,2011-05-23,20914,2.95
C554330,12749,2011-05-23,21535,2.55
C554330,12749,2011-05-23,21735,12.75
C554330,12749,2011-05-23,22697,2.95
C554330,12749,2011-05-23,21843,10.95
C554330,12749,2011-05-23,23170,1.65
C554330,12749,2011-05-23,22072,11.25
C554330,12749,2011-05-23,22637,5.1
C554330,12749,2011-05-23,22767,9.95
C554330,12749,2011-05-23,23174,4.15
C554331,16523,2011-05-23,22847,29.9
C554332,14009,2011-05-23,23167,0.83
C554332,14009,2011-05-23,22967,8.85
C554333,13310,2011-05-23,85123A,8.85
C554333,13310,2011-05-23,84945,1.7
C554334,13089,2011-05-23,22427,17.85
C554335,15201,2011-05-23,23002,1.26
C554335,15201,2011-05-23,22994,0.42
C554335,15201,2011-05-23,21154,1.25
C554336,12474,2011-05-23,22433,1.95
C554336,12474,2011-05-23,22431,1.95
C554336,12474,2011-05-23,23199,4.16
C554336,12474,2011-05-23,23126,4.95
C554338,14038,2011-05-23,20914,5.9
C554339,15128,2011-05-23,22625,8.5
C554340,17017,2011-05-23,22960,11.25
C554341,15630,2011-05-23,22927,5.95
C554342,16912,2011-05-23,22728,3.75
C554343,14859,2011-05-23,84945,1.7
C554344,14032,2011-05-23,22421,0.84
C554344,14032,2011-05-23,22064,1.65
C554345,13767,2011-05-23,22729,3.75
C554345,13767,2011-05-23,22730,7.5
C554346,18260,2011-05-23,23173,9.95
C554346,18260,2011-05-23,23118,7.5
C554361,17811,2011-05-24,21246,4.95
C554374,15128,2011-05-24,22666,2.95
C554477,16086,2011-05-24,85099B,2.08
C554486,13168,2011-05-24,82483,6.95
C554493,16818,2011-05-24,84616,29.95
C554517,15434,2011-05-24,21232,5.0
C554518,16592,2011-05-24,23168,3.75
C554518,16592,2011-05-24,22464,4.95
C554519,13549,2011-05-24,85099B,2.08
C554522,18223,2011-05-24,22892,6.25
C554523,12863,2011-05-24,37449,17.0
C554525,15093,2011-05-24,21658,3.95
C554527,15251,2011-05-24,23167,14.49
C554527,15251,2011-05-24,23166,9.36
C554527,15251,2011-05-24,23165,26.1
C554529,14226,2011-05-24,23075,4.15
C554529,14226,2011-05-24,23174,4.15
C554530,15596,2011-05-24,22502,5.95
C554530,15596,2011-05-24,21843,10.95
C554531,12463,2011-05-24,72741,2.9
C554531,12463,2011-05-24,21494,2.5
C554532,14194,2011-05-24,23201,2.08
C554532,14194,2011-05-24,23205,0.85
C554532,14194,2011-05-24,23146,3.29
C554536,16705,2011-05-24,22467,2.1
C554537,16057,2011-05-24,22061,9.95
C554539,14911,2011-05-24,85159B,7.8
C554539,14911,2011-05-24,23111,12.5
C554540,15125,2011-05-24,23167,2.07
C554540,15125,2011-05-24,23165,1.45
C554540,15125,2011-05-24,23142,9.15
C554540,15125,2011-05-24,22847,29.9
C554541,13078,2011-05-24,22461,32.85
C554558,13268,2011-05-25,22892,1.25
C554558,13268,2011-05-25,21232,1.25
C554685,16161,2011-05-25,23111,12.5
C554685,16161,2011-05-25,20682,3.25
C554688,14442,2011-05-25,22637,2.55
C554688,14442,2011-05-25,23092,7.9
C554689,15027,2011-05-25,22644,1.45
C554690,16871,2011-05-25,22847,16.95
C554692,12935,2011-05-25,22960,4.25
C554691,12921,2011-05-25,22456,4.25
C554693,14292,2011-05-25,23203,20.8
C554715,13658,2011-05-26,22061,9.95
C554715,13658,2011-05-26,22423,38.25
C554715,13658,2011-05-26,21231,2.5
C554717,13089,2011-05-26,22423,98.55
C554717,13089,2011-05-26,84949,17.4
C554781,14245,2011-05-26,21929,1.95
C554793,12901,2011-05-26,84077,10.56
C554848,13659,2011-05-26,82484,7.95
C554848,13659,2011-05-26,21314,2.1
C554848,13659,2011-05-26,21642,10.2
C554848,13659,2011-05-26,85170B,2.1
C554849,17865,2011-05-26,22055,1.45
C554849,17865,2011-05-26,22423,32.85
C554849,17865,2011-05-26,21231,1.06
C554849,17865,2011-05-26,21232,2.12
C554851,16463,2011-05-27,22617,4.95
C554856,17166,2011-05-27,21528,6.95
C554856,17166,2011-05-27,21534,9.9
C554862,13468,2011-05-27,22784,8.5
C554863,15660,2011-05-27,22960,4.25
C554863,15660,2011-05-27,22460,1.25
C554864,15122,2011-05-27,22962,3.4
C554864,15122,2011-05-27,22960,4.25
C554867,13050,2011-05-27,21896,4.2
C554867,13050,2011-05-27,82484,7.95
C554867,13050,2011-05-27,21937,2.95
C554867,13050,2011-05-27,22666,2.95
C554870,15078,2011-05-27,21175,7.65
C554871,18225,2011-05-27,22960,8.5
C554871,18225,2011-05-27,21716,20.4
C554872,16341,2011-05-27,85099B,2.08
C554872,16341,2011-05-27,23155,1.66
C554872,16341,2011-05-27,20981,1.7
C554873,13988,2011-05-27,23099,6.65
C554874,15615,2011-05-27,22767,9.95
C554905,14191,2011-05-27,15044C,2.95
C554905,14191,2011-05-27,15044B,2.95
C554905,14191,2011-05-27,15044A,2.95
C554925,17272,2011-05-27,21890,3.25
C554925,17272,2011-05-27,22197,0.85
C554931,17841,2011-05-27,22682,1.25
C554973,14976,2011-05-27,23091,25.0
C554983,17152,2011-05-29,47590B,93.0
C554983,17152,2011-05-29,47590A,93.0
C555013,12601,2011-05-31,23112,7.5
C555014,13113,2011-05-31,15058B,23.85
C555014,13113,2011-05-31,15058A,6.75
C555014,13113,2011-05-31,22501,442.0
C555054,14903,2011-05-31,22784,4.95
C555054,14903,2011-05-31,84947,2.5
C555074,16837,2011-05-31,23175,3.25
C555197,17739,2011-06-01,84978,5.3
C555244,12779,2011-06-01,21929,4.16
C555244,12779,2011-06-01,22061,9.95
C555246,13662,2011-06-01,23108,6.25
C555248,17682,2011-06-01,23112,15.0
C555252,12987,2011-06-01,23110,5.75
C555252,12987,2011-06-01,22794,7.95
C555253,17820,2011-06-01,22699,2.95
C555253,17820,2011-06-01,23174,4.15
C555254,14740,2011-06-01,23175,3.25
C555254,14740,2011-06-01,23173,9.95
C555254,14740,2011-06-01,22698,5.9
C555254,14740,2011-06-01,22699,5.9
C555255,17621,2011-06-01,22423,43.8
C555256,15955,2011-06-01,22776,9.95
C555258,12947,2011-06-01,22839,14.95
C555261,16873,2011-06-01,22384,1.65
C555265,13599,2011-06-01,23084,2.08
C555267,16359,2011-06-01,84836,28.75
C555268,18257,2011-06-01,22980,8.25
C555268,18257,2011-06-01,23057,4.95
C555269,15140,2011-06-01,84970S,4.25
C555271,14338,2011-06-01,23172,3.3
C555271,14338,2011-06-01,23081,24.75
C555273,12708,2011-06-01,22326,8.85
C555273,12708,2011-06-01,22328,5.9
C555273,12708,2011-06-01,21531,2.55
C555273,12708,2011-06-01,21535,5.1
C555274,14911,2011-06-01,23112,7.5
C555288,12431,2011-06-02,84945,5.1
C555328,16449,2011-06-02,84755,1.3
C555328,16449,2011-06-02,22766,11.8
C555329,15622,2011-06-02,23110,5.75
C555337,16729,2011-06-02,84906,1.95
C555341,13004,2011-06-02,85141,15.8
C555345,13267,2011-06-02,22630,3.9
C555346,12710,2011-06-02,22634,9.95
C555346,12710,2011-06-02,22636,8.5
C555354,16566,2011-06-02,21326,0.65
C555358,13854,2011-06-02,22699,2.95
C555360,16133,2011-06-02,23168,6.25
C555361,13308,2011-06-02,71053,3.75
C555361,13308,2011-06-02,23165,1.65
C555361,13308,2011-06-02,23111,12.5
C555362,15785,2011-06-02,23155,0.83
C555364,14903,2011-06-02,21843,10.95
C555364,14903,2011-06-02,22784,4.95
C555364,14903,2011-06-02,84947,2.5
C555365,15791,2011-06-02,23066,8.25
C555366,12590,2011-06-02,22355,1.44
C555366,12590,2011-06-02,20723,1.44
C555384,13534,2011-06-02,23199,2.08
C555384,13534,2011-06-02,22411,2.08
C555384,13534,2011-06-02,22357,4.25
C555384,13534,2011-06-02,21929,2.08
C555384,13534,2011-06-02,21155,2.55
C555386,15194,2011-06-02,23175,3.25
C555409,13854,2011-06-03,22699,17.85
C555475,18232,2011-06-03,85040A,1.65
C555475,18232,2011-06-03,22149,2.1
C555475,18232,2011-06-03,21906,6.75
C555529,16923,2011-06-05,22698,70.8
C555532,15722,2011-06-05,21623,9.95
C555532,15722,2011-06-05,22470,5.9
C555532,15722,2011-06-05,21361,25.5
C555595,17652,2011-06-06,23168,1.25
C555595,17652,2011-06-06,22652,1.65
C555596,17644,2011-06-06,23147,2.9
C555598,15095,2011-06-06,22699,2.95
C555598,15095,2011-06-06,22698,2.95
C555600,12633,2011-06-06,23204,2.55
C555600,12633,2011-06-06,23200,20.8
C555605,15281,2011-06-06,22971,5.1
C555605,15281,2011-06-06,22784,4.95
C555639,13458,2011-06-06,22766,2.95
C555639,13458,2011-06-06,21754,5.95
C555639,13458,2011-06-06,22784,9.9
C555652,13094,2011-06-06,84946,6.36
C555729,13552,2011-06-06,22768,9.95
C555729,13552,2011-06-06,23092,7.9
C555729,13552,2011-06-06,23093,2.49
C555729,13552,2011-06-06,23118,7.5
C555729,13552,2011-06-06,23094,12.5
C555729,13552,2011-06-06,23110,5.75
C555730,14625,2011-06-06,22842,6.75
C555837,16092,2011-06-07,22891,8.5
C555864,15189,2011-06-07,23174,8.3
C555864,15189,2011-06-07,23084,10.4
C555864,15189,2011-06-07,23110,5.75
C555873,15498,2011-06-07,21735,12.75
C555873,15498,2011-06-07,22361,2.95
C555874,17162,2011-06-07,23080,8.25
C555877,16218,2011-06-07,82486,8.15
C555877,16218,2011-06-07,23147,2.9
C555877,16218,2011-06-07,22646,1.45
C555877,16218,2011-06-07,21232,2.5
C555877,16218,2011-06-07,23089,1.65
C555879,14292,2011-06-07,15056BL,4.95
C555880,15643,2011-06-07,23169,4.15
C555881,12473,2011-06-07,21918,1.26
C555881,12473,2011-06-07,20981,3.4
C555881,12473,2011-06-07,22556,1.65
C555881,12473,2011-06-07,22328,2.95
C555882,14625,2011-06-07,22842,6.75
C555883,13862,2011-06-07,23169,12.45
C555885,14842,2011-06-07,22978,3.75
C555885,14842,2011-06-07,22193,8.5
C555892,14227,2011-06-07,21749,2.1
C555908,15687,2011-06-07,23165,1.65
C556011,14475,2011-06-08,23155,4.98
C556057,14221,2011-06-08,22456,4.95
C556096,13599,2011-06-08,23084,2.08
C556101,15643,2011-06-08,23169,4.15
C556268,13317,2011-06-09,84978,1.25
C556268,13317,2011-06-09,22072,22.5
C556268,13317,2011-06-09,22699,2.95
C556268,13317,2011-06-09,20723,0.85
C556269,13456,2011-06-09,22636,8.5
C556270,14232,2011-06-09,21520,0.84
C556272,15159,2011-06-09,22766,8.85
C556273,13534,2011-06-09,23302,6.6
C556276,14696,2011-06-09,78033,5.95
C556276,14696,2011-06-09,79163,0.78
C556275,13115,2011-06-09,22333,9.9
C556277,12980,2011-06-09,84078A,69.9
C556277,12980,2011-06-09,82001S,3.39
C556278,13462,2011-06-09,23181,8.25
C556294,15108,2011-06-10,22960,8.5
C556295,13662,2011-06-10,23209,1.65
C556414,13985,2011-06-10,22327,5.9
C556436,16358,2011-06-10,21559,2.55
C556453,14525,2011-06-10,21622,29.7
C556457,15856,2011-06-10,21843,10.95
C556457,15856,2011-06-10,72760B,4.65
C556457,15856,2011-06-10,37449,33.75
C556458,15491,2011-06-10,21786,9.24
C556493,17802,2011-06-12,82483,6.95
C556493,17802,2011-06-12,21429,5.85
C556493,17802,2011-06-12,21900,0.65
C556493,17802,2011-06-12,21899,0.65
C556493,17802,2011-06-12,82486,8.95
C556493,17802,2011-06-12,22662,1.65
C556493,17802,2011-06-12,22171,8.5
C556532,13856,2011-06-13,23082,3.75
C556532,13856,2011-06-13,79000,2.6
C556535,17169,2011-06-13,23103,1.65
C556535,17169,2011-06-13,22464,1.65
C556535,17169,2011-06-13,82486,8.95
C556633,17696,2011-06-13,84971S,0.85
C556633,17696,2011-06-13,21216,9.9
C556634,17675,2011-06-13,22730,7.5
C556635,13505,2011-06-13,23089,3.3
C556635,13505,2011-06-13,22699,2.95
C556635,13505,2011-06-13,22697,2.95
C556635,13505,2011-06-13,22423,12.75
C556637,15382,2011-06-13,23168,6.25
C556637,15382,2011-06-13,22090,5.9
C556637,15382,2011-06-13,22088,2.95
C556639,13856,2011-06-13,23082,18.75
C556640,13148,2011-06-13,23148,0.83
C556640,13148,2011-06-13,23147,2.9
C556643,17841,2011-06-13,23146,6.58
C556643,17841,2011-06-13,22893,0.84
C556644,17115,2011-06-13,22699,2.95
C556644,17115,2011-06-13,22430,4.95
C556645,13771,2011-06-13,71477,2.75
C556646,18221,2011-06-13,23169,8.3
C556648,16038,2011-06-13,37495,7.5
C556648,16038,2011-06-13,22061,9.95
C556656,13148,2011-06-13,21314,4.2
C556656,13148,2011-06-13,84978,5.0
C556656,13148,2011-06-13,22457,2.95
C556656,13148,2011-06-13,22832,10.75
C556668,15827,2011-06-13,22963,5.1
C556668,15827,2011-06-13,22962,2.55
C556668,15827,2011-06-13,22720,4.95
C556669,16133,2011-06-13,22139,14.85
C556673,16949,2011-06-13,22656,125.0
C556676,13397,2011-06-13,23243,4.95
C556677,15643,2011-06-13,23169,8.3
C556729,13319,2011-06-14,23165,3.3
C556729,13319,2011-06-14,22423,12.75
C556729,13319,2011-06-14,23112,7.5
C556735,14527,2011-06-14,22169,17.0
C556787,16745,2011-06-14,20914,23.6
C556793,12818,2011-06-14,22697,2.95
C556793,12818,2011-06-14,22357,21.25
C556818,17284,2011-06-15,21042,5.95
C556880,18073,2011-06-15,23172,1.65
C556880,18073,2011-06-15,22697,2.95
C556880,18073,2011-06-15,84946,8.48
C556888,15005,2011-06-15,37450,2.95
C556888,15005,2011-06-15,82494L,2.95
C556888,15005,2011-06-15,82482,2.55
C556888,15005,2011-06-15,20723,0.85
C556896,12843,2011-06-15,21899,3.9
C556896,12843,2011-06-15,21901,5.85
C556896,12843,2011-06-15,21900,2.6
C556911,17511,2011-06-15,22423,10.95
C556911,17511,2011-06-15,23108,10.78
C556920,13047,2011-06-15,21658,3.95
C556920,13047,2011-06-15,23126,9.9
C556925,16013,2011-06-15,71477,1155.0
C556938,15625,2011-06-15,21868,1.25
C556957,12705,2011-06-16,22467,4.2
C556966,13523,2011-06-16,22072,7.5
C556966,13523,2011-06-16,23253,15.95
C556966,13523,2011-06-16,23169,8.3
C556966,13523,2011-06-16,22760,12.75
C557037,16814,2011-06-16,22192,8.5
C557043,14245,2011-06-16,23148,0.83
C557043,14245,2011-06-16,23146,3.29
C557047,13488,2011-06-16,22839,14.95
C557054,17828,2011-06-16,72807A,8.5
C557054,17828,2011-06-16,72807C,4.25
C557059,16672,2011-06-16,22781,6.75
C557061,14895,2011-06-16,22360,14.75
C557062,13213,2011-06-16,85177,0.85
C557062,13213,2011-06-16,84950,1.3
C557142,12678,2011-06-17,84378,15.0
C557142,12678,2011-06-17,22965,25.2
C557154,15296,2011-06-17,23245,9.9
C557165,15238,2011-06-17,85087,2.95
C557175,16170,2011-06-17,22962,2.55
C557175,16170,2011-06-17,23084,2.08
C557224,15311,2011-06-17,75049L,4.25
C557224,15311,2011-06-17,84978,2.12
C557224,15311,2011-06-17,85099B,8.95
C557224,15311,2011-06-17,22778,16.95
C557249,16817,2011-06-17,23300,9.9
C557269,13097,2011-06-19,22728,3.75
C557269,13097,2011-06-19,22781,15.3
C557269,13097,2011-06-19,22467,20.4
C557269,13097,2011-06-19,85159B,1.95
C557269,13097,2011-06-19,23181,8.25
C557282,13632,2011-06-19,21428,4.25
C557405,12708,2011-06-20,23240,12.45
C557405,12708,2011-06-20,23236,2.89
C557405,12708,2011-06-20,23245,4.95
C557405,12708,2011-06-20,23243,14.85
C557413,14701,2011-06-20,21626,1.95
C557463,14584,2011-06-20,22606,13.0
C557465,14796,2011-06-20,22057,4.47
C557467,17157,2011-06-20,23239,4.15
C557467,17157,2011-06-20,23237,8.3
C557475,13517,2011-06-20,84660A,3.75
C557478,13408,2011-06-20,22720,12.75
C557479,16700,2011-06-20,22720,8.5
C557487,14796,2011-06-20,21877,23.75
C557505,17490,2011-06-20,22960,18.75
C557512,15700,2011-06-20,22922,20.4
C557515,17463,2011-06-20,72802B,4.25
C557515,17463,2011-06-20,22470,5.9
C557515,17463,2011-06-20,23322,2.95
C557515,17463,2011-06-20,21429,1.95
C557516,17651,2011-06-20,22171,8.5
C557516,17651,2011-06-20,23146,6.58
C557519,16739,2011-06-20,22784,4.95
C557519,16739,2011-06-20,21535,2.55
C557519,16739,2011-06-20,21844,2.95
C557520,15291,2011-06-20,21668,3.75
C557520,15291,2011-06-20,22784,4.95
C557521,13694,2011-06-20,84422,18.72
C557522,17193,2011-06-20,23240,8.3
C557566,15998,2011-06-21,84945,0.85
C557566,15998,2011-06-21,22103,3.3
C557566,15998,2011-06-21,22465,1.65
C557624,16422,2011-06-21,17003,57.6
C557629,14776,2011-06-21,23242,12.48
C557637,13630,2011-06-21,22178,2.5
C557637,13630,2011-06-21,84946,1.25
C557637,13630,2011-06-21,22778,3.95
C557646,17306,2011-06-21,22988,13.78
C557647,17139,2011-06-21,23286,0.85
C557647,17139,2011-06-21,22423,12.75
C557648,17677,2011-06-21,22197,2.16
C557649,15498,2011-06-21,21735,12.75
C557650,15152,2011-06-21,22844,8.5
C557650,15152,2011-06-21,22839,29.9
C557651,17428,2011-06-21,23092,7.9
C557651,17428,2011-06-21,23175,5.5
C557651,17428,2011-06-21,23173,16.3
C557652,16145,2011-06-21,84944,16.5
C557653,14040,2011-06-21,22423,43.8
C557653,14040,2011-06-21,84946,5.0
C557653,14040,2011-06-21,85099F,2.08
C557653,14040,2011-06-21,20725,1.65
C557654,14243,2011-06-21,23243,4.95
C557654,14243,2011-06-21,23236,2.89
C557654,14243,2011-06-21,23240,8.3
C557655,15125,2011-06-21,21533,4.25
C557657,13763,2011-06-21,22776,17.0
C557658,13630,2011-06-21,84946,1.25
C557658,13630,2011-06-21,22778,3.95
C557658,13630,2011-06-21,22178,2.5
C557660,13999,2011-06-21,85053,8.4
C557665,13384,2011-06-21,22843,6.75
C557665,13384,2011-06-21,23237,4.15
C557709,15840,2011-06-22,22720,9.9
C557773,15059,2011-06-22,22854,4.95
C557779,13004,2011-06-22,23168,5.0
C557791,14099,2011-06-22,23181,8.25
C557842,14159,2011-06-23,20727,1.65
C557842,14159,2011-06-23,22664,2.1
C557842,14159,2011-06-23,37327,1.56
C557874,14911,2011-06-23,22961,1.45
C557876,18223,2011-06-23,22720,9.9
C557876,18223,2011-06-23,23245,4.95
C557879,14911,2011-06-23,22960,4.25
C557890,17204,2011-06-23,20914,8.85
C557941,12901,2011-06-23,22659,270.6
C557941,12901,2011-06-23,22900,371.2
C557943,14217,2011-06-23,23146,9.87
C557944,15669,2011-06-23,23169,4.15
C557944,15669,2011-06-23,22460,2.5
C557945,18223,2011-06-23,85099C,2.08
C557946,17340,2011-06-23,84949,14.85
C557946,17340,2011-06-23,22467,10.2
C557947,13089,2011-06-23,22423,43.8
C557965,13115,2011-06-24,20682,3.25
C557971,18118,2011-06-24,37449,9.95
C558029,12826,2011-06-24,22384,3.3
C558029,12826,2011-06-24,20726,1.65
C558029,12826,2011-06-24,20727,1.65
C558059,14194,2011-06-24,23243,4.95
C558059,14194,2011-06-24,82600,3.7
C558060,17809,2011-06-24,22988,1.06
C558061,12809,2011-06-24,23245,4.95
C558080,15104,2011-06-26,22840,7.95
C558081,18172,2011-06-26,22838,44.85
C558082,16239,2011-06-26,84945,1.7
C558088,14475,2011-06-26,22767,99.5
C558097,15532,2011-06-26,82483,13.9
C558106,13668,2011-06-26,21669,1.25
C558106,13668,2011-06-26,21181,2.1
C558106,13668,2011-06-26,22433,1.95
C558106,13668,2011-06-26,21467,3.75
C558110,17731,2011-06-26,22423,51.0
C558128,13742,2011-06-27,23270,8.7
C558129,12919,2011-06-27,21257,15.9
C558239,16966,2011-06-27,21890,3.25
C558252,18155,2011-06-27,22427,11.9
C558252,18155,2011-06-27,22156,3.4
C558252,18155,2011-06-27,22429,8.5
C558253,13611,2011-06-27,22741,0.85
C558253,13611,2011-06-27,22429,12.75
C558254,16670,2011-06-27,22784,4.95
C558255,12955,2011-06-27,22699,2.95
C558256,13552,2011-06-27,22381,4.2
C558256,13552,2011-06-27,21155,15.3
C558257,18198,2011-06-27,23029,4.95
C558257,18198,2011-06-27,23032,4.95
C558257,18198,2011-06-27,23031,6.6
C558257,18198,2011-06-27,23028,8.25
C558258,13014,2011-06-27,22055,3.3
C558258,13014,2011-06-27,22423,21.9
C558312,12955,2011-06-28,22699,2.95
C558313,13870,2011-06-28,23245,14.85
C558313,13870,2011-06-28,22629,1.95
C558326,13300,2011-06-28,22720,4.95
C558326,13300,2011-06-28,22551,1.65
C558354,14854,2011-06-28,23155,4.15
C558354,14854,2011-06-28,22493,1.65
C558354,14854,2011-06-28,22999,0.84
C558354,14854,2011-06-28,23191,3.3
C558357,15502,2011-06-28,22112,4.37
C558357,15502,2011-06-28,75049L,6.8
C558360,16701,2011-06-28,21530,9.48
C558360,16701,2011-06-28,79163,2.73
C558360,16701,2011-06-28,23168,1.25
C558361,15128,2011-06-28,82001S,3.75
C558361,15128,2011-06-28,23238,4.15
C558361,15128,2011-06-28,23168,3.75
C558361,15128,2011-06-28,21429,3.9
C558361,15128,2011-06-28,21232,1.25
C558405,13881,2011-06-29,22720,68.0
C558422,16779,2011-06-29,23300,1.65
C558422,16779,2011-06-29,71053,54.24
C558423,16966,2011-06-29,21890,2.75
C558434,15304,2011-06-29,23175,3.25
C558434,15304,2011-06-29,22699,5.9
C558438,15189,2011-06-29,84978,7.42
C558439,12584,2011-06-29,22804,5.9
C558444,15311,2011-06-29,22386,1.79
C558444,15311,2011-06-29,85099B,1.76
C558444,15311,2011-06-29,21929,1.79
C558444,15311,2011-06-29,21033,1.79
C558444,15311,2011-06-29,22778,3.39
C558444,15311,2011-06-29,23206,1.45
C558444,15311,2011-06-29,82483,5.95
C558444,15311,2011-06-29,21314,9.25
C558444,15311,2011-06-29,84978,1.06
C558444,15311,2011-06-29,21313,0.64
C558444,15311,2011-06-29,75049L,3.4
C558444,15311,2011-06-29,40001,1.28
C558463,13982,2011-06-29,84029E,3.95
C558463,13982,2011-06-29,21535,2.55
C558463,13982,2011-06-29,22464,1.65
C558465,13418,2011-06-29,22729,3.75
C558466,12951,2011-06-29,21110,13.5
C558468,17389,2011-06-29,22607,8.5
C558469,17757,2011-06-29,23243,19.8
C558471,12408,2011-06-29,22974,1.65
C558521,13113,2011-06-30,15058B,13.5
C558521,13113,2011-06-30,23298,8.3
C558522,15932,2011-06-30,22429,21.25
C558553,17949,2011-06-30,23170,835.2
C558559,17648,2011-06-30,20749,7.95
C558615,17719,2011-06-30,21845,3.16
C558698,16746,2011-07-01,20719,0.85
C558698,16746,2011-07-01,23205,0.85
C558698,16746,2011-07-01,20725,1.65
C558712,17338,2011-07-01,82482,5.1
C558712,17338,2011-07-01,21735,12.75
C558726,16422,2011-07-01,17003,57.6
C558727,12709,2011-07-01,22333,1.65
C558727,12709,2011-07-01,22423,10.95
C558727,12709,2011-07-01,21658,6.78
C558727,12709,2011-07-01,22605,10.95
C558727,12709,2011-07-01,20914,2.55
C558727,12709,2011-07-01,23168,1.25
C558733,16498,2011-07-01,22990,14.85
C558735,16700,2011-07-01,22424,12.75
C558736,18075,2011-07-01,21471,3.75
C558736,18075,2011-07-01,82484,7.95
C558736,18075,2011-07-01,23146,6.58
C558739,16570,2011-07-01,84970S,10.2
C558739,16570,2011-07-01,84755,13.0
C558745,14415,2011-07-01,20712,2.08
C558745,14415,2011-07-01,20723,7.65
C558745,14415,2011-07-01,22243,1.65
C558745,14415,2011-07-01,21314,2.1
C558745,14415,2011-07-01,21733,2.95
C558745,14415,2011-07-01,21844,2.95
C558745,14415,2011-07-01,23182,0.83
C558753,15033,2011-07-03,21359,3.95
C558764,15023,2011-07-03,23243,39.6
C558882,13767,2011-07-04,23089,8.25
C558882,13767,2011-07-04,21314,6.3
C558884,13763,2011-07-04,22890,8.5
C558898,14952,2011-07-04,22798,2.95
C558898,14952,2011-07-04,22667,2.95
C558898,14952,2011-07-04,22637,20.4
C558899,14338,2011-07-04,22927,5.95
C558901,18171,2011-07-04,22456,4.95
C558903,13115,2011-07-04,22492,0.65
C558905,13826,2011-07-04,72760B,9.95
C558969,16729,2011-07-05,22728,3.75
C558969,16729,2011-07-05,22727,3.75
C559003,13089,2011-07-05,22801,22.5
C559007,13534,2011-07-05,21928,22.88
C559012,17017,2011-07-05,23122,0.83
C559012,17017,2011-07-05,22971,7.65
C559022,13021,2011-07-05,22465,4.95
C559030,16571,2011-07-05,21794,7.9
C559030,16571,2011-07-05,21868,2.5
C559030,16571,2011-07-05,21915,1.25
C559030,16571,2011-07-05,22645,2.9
C559030,16571,2011-07-05,23240,8.3
C559030,16571,2011-07-05,84510A,1.25
C559030,16571,2011-07-05,84857C,1.95
C559030,16571,2011-07-05,22720,4.95
C559033,17389,2011-07-05,22760,10.95
C559079,17841,2011-07-06,46138B,2.55
C559079,17841,2011-07-06,84509A,3.75
C559105,16393,2011-07-06,20726,1.65
C559105,16393,2011-07-06,23202,2.08
C559136,17511,2011-07-06,21788,0.65
C559136,17511,2011-07-06,84970S,3.2
C559136,17511,2011-07-06,22383,1.45
C559136,17511,2011-07-06,23288,0.72
C559136,17511,2011-07-06,37340,0.39
C559136,17511,2011-07-06,23108,5.39
C559136,17511,2011-07-06,22197,1.44
C559136,17511,2011-07-06,22139,4.25
C559175,12507,2011-07-07,22960,46.75
C559189,12626,2011-07-07,22028,5.04
C559193,12379,2011-07-07,22659,1.95
C559252,12980,2011-07-07,84078A,139.8
C559253,12472,2011-07-07,21669,1.25
C559253,12472,2011-07-07,21671,2.5
C559253,12472,2011-07-07,22326,2.95
C559253,12472,2011-07-07,22333,1.65
C559253,12472,2011-07-07,22556,1.65
C559253,12472,2011-07-07,22467,5.1
C559253,12472,2011-07-07,23236,2.89
C559253,12472,2011-07-07,23237,4.15
C559253,12472,2011-07-07,22430,4.95
C559294,17861,2011-07-07,23242,41.6
C559303,13510,2011-07-07,22367,3.9
C559303,13510,2011-07-07,23168,2.5
C559344,17837,2011-07-07,22606,15.95
C559347,18072,2011-07-07,85032D,7.8
C559348,16550,2011-07-07,75049L,1.7
C559417,13115,2011-07-08,22617,4.95
C559461,14680,2011-07-08,22628,4.95
C559461,14680,2011-07-08,20726,4.95
C559461,14680,2011-07-08,20725,16.5
C559461,14680,2011-07-08,20727,1.65
C559461,14680,2011-07-08,85099B,4.16
C559461,14680,2011-07-08,22383,1.65
C559461,14680,2011-07-08,23201,2.08
C559461,14680,2011-07-08,21930,2.08
C559461,14680,2011-07-08,21427,2.1
C559461,14680,2011-07-08,22384,1.65
C559467,13078,2011-07-08,21464,4.25
C559468,14905,2011-07-08,75049L,16.25
C559470,15615,2011-07-08,22193,8.5
C559473,13769,2011-07-08,71477,2.75
C559474,13078,2011-07-08,22727,3.75
C559474,13078,2011-07-08,22726,3.75
C559486,13047,2011-07-08,85123A,2.95
C559486,13047,2011-07-08,23029,1.65
C559486,13047,2011-07-08,23111,12.5
C559486,13047,2011-07-08,22720,4.95
C559486,13047,2011-07-08,23118,7.5
C559486,13047,2011-07-08,22423,12.75
C559486,13047,2011-07-08,23028,1.65
C559486,13047,2011-07-08,23236,2.89
C559486,13047,2011-07-08,23245,9.9
C559495,14267,2011-07-08,23288,0.85
C559495,14267,2011-07-08,23245,4.95
C559498,15078,2011-07-08,21931,4.16
C559498,15078,2011-07-08,23245,9.9
C559500,14016,2011-07-08,21735,12.75
C559502,13338,2011-07-08,22362,11.8
C559502,13338,2011-07-08,21913,3.75
C559502,13338,2011-07-08,22427,11.9
C559502,13338,2011-07-08,22423,12.75
C559530,14808,2011-07-10,22655,125.0
C559534,16283,2011-07-10,47594B,3.9
C559608,14690,2011-07-11,84879,1.69
C559608,14690,2011-07-11,22581,1.7
C559608,14690,2011-07-11,22601,0.85
C559659,14796,2011-07-11,23243,4.95
C559659,14796,2011-07-11,21166,2.08
C559663,17706,2011-07-11,22072,7.5
C559663,17706,2011-07-11,22191,8.5
C559664,18142,2011-07-11,21703,0.42
C559664,18142,2011-07-11,22149,2.1
C559666,14389,2011-07-11,23207,1.65
C559666,14389,2011-07-11,22661,0.85
C559666,14389,2011-07-11,22383,3.3
C559667,13267,2011-07-11,23168,2.5
C559667,13267,2011-07-11,22699,5.9
C559670,16033,2011-07-11,22670,1.25
C559670,16033,2011-07-11,23031,3.3
C559705,15719,2011-07-12,20725,1.65
C559738,18193,2011-07-12,22607,9.95
C559739,16422,2011-07-12,17003,57.6
C559740,17381,2011-07-12,20985,3.18
C559741,13013,2011-07-12,72741,1.45
C559741,13013,2011-07-12,22978,3.75
C559743,13599,2011-07-12,22798,2.95
C559743,13599,2011-07-12,22098,4.68
C559744,15416,2011-07-12,22768,9.95
C559747,17069,2011-07-12,79030D,0.39
C559747,17069,2011-07-12,85159A,9.75
C559803,16701,2011-07-12,15036,59.76
C559808,13743,2011-07-12,21891,1.45
C559829,14483,2011-07-13,22371,7.9
C559939,14426,2011-07-14,84688,51.0
C559939,14426,2011-07-14,82484,81.0
C559939,14426,2011-07-14,22147,20.3
C559947,16701,2011-07-14,21868,38.16
C559952,17696,2011-07-14,23147,10.15
C559952,17696,2011-07-14,23146,9.87
C559952,17696,2011-07-14,21534,9.9
C559952,17696,2011-07-14,21258,13.9
C559952,17696,2011-07-14,37448,1.49
C559953,13815,2011-07-14,23169,12.45
C559983,14562,2011-07-14,22910,14.75
C559983,14562,2011-07-14,23082,45.0
C559983,14562,2011-07-14,23083,45.0
C560043,16656,2011-07-14,21704,1.44
C560044,14258,2011-07-14,22776,19.9
C560045,16779,2011-07-14,84692,0.42
C560045,16779,2011-07-14,71477,2.75
C560045,16779,2011-07-14,71053,6.78
C560046,17049,2011-07-14,23092,7.9
C560099,16779,2011-07-14,84692,2.1
C560123,16782,2011-07-15,21936,5.9
C560124,17440,2011-07-15,21326,3.9
C560124,17440,2011-07-15,84945,4.25
C560148,15769,2011-07-15,20713,179.0
C560189,17652,2011-07-15,23209,1.65
C560208,13013,2011-07-15,22978,18.75
C560221,13408,2011-07-15,22456,8.5
C560242,14659,2011-07-17,22501,9.95
C560243,14659,2011-07-17,22501,9.95
C560289,16398,2011-07-18,22766,8.85
C560289,16398,2011-07-18,22197,5.95
C560301,14159,2011-07-18,23198,1.45
C560317,15527,2011-07-18,22927,11.9
C560317,15527,2011-07-18,21730,4.95
C560331,17706,2011-07-18,22649,4.95
C560331,17706,2011-07-18,22891,4.25
C560365,14390,2011-07-18,23284,7.95
C560365,14390,2011-07-18,23080,8.25
C560390,12930,2011-07-18,22698,2.95
C560391,12930,2011-07-18,22698,2.95
C560395,15125,2011-07-18,22892,25.44
C560395,15125,2011-07-18,22846,29.9
C560474,12705,2011-07-19,21429,3.9
C560526,16401,2011-07-19,20725,3.3
C560526,16401,2011-07-19,22197,2.88
C560533,16488,2011-07-19,22493,3.3
C560533,16488,2011-07-19,23192,3.3
C560556,13089,2011-07-19,84949,8.25
C560556,13089,2011-07-19,23171,1.65
C560556,13089,2011-07-19,22360,5.9
C560556,13089,2011-07-19,22364,11.8
C560558,12921,2011-07-19,23170,3.3
C560559,16145,2011-07-19,20914,2.95
C560559,16145,2011-07-19,21314,2.55
C560559,16145,2011-07-19,21067,3.75
C560560,17738,2011-07-19,22699,2.95
C560560,17738,2011-07-19,22423,12.75
C560561,17651,2011-07-19,22171,8.5
C560561,17651,2011-07-19,23146,9.87
C560563,14911,2011-07-19,23173,9.95
C560563,14911,2011-07-19,23174,8.3
C560564,12468,2011-07-19,22326,2.95
C560564,12468,2011-07-19,22352,2.55
C560585,13941,2011-07-19,22179,124.95
C560588,13767,2011-07-19,23089,3.3
C560588,13767,2011-07-19,22699,2.95
C560589,15249,2011-07-19,20982,1.7
C560589,15249,2011-07-19,21868,13.75
C560589,15249,2011-07-19,23031,1.65
C560589,15249,2011-07-19,85132C,3.9
C560589,15249,2011-07-19,23029,1.65
C560608,16271,2011-07-20,15056P,5.95
C560643,17866,2011-07-20,22461,3.95
C560649,17581,2011-07-20,84857B,3.9
C560649,17581,2011-07-20,21845,3.16
C560649,17581,2011-07-20,21530,6.32
C560652,16393,2011-07-20,23206,1.65
C560652,16393,2011-07-20,23202,2.08
C560654,16255,2011-07-20,23147,1.45
C560654,16255,2011-07-20,23026,4.16
C560687,14606,2011-07-20,22156,22.95
C560699,13217,2011-07-20,15039,3.4
C560733,15298,2011-07-20,71477,990.0
C560735,16013,2011-07-20,71477,990.0
C560818,17811,2011-07-21,22197,0.72
C560832,13488,2011-07-21,23243,4.95
C560855,14410,2011-07-21,22262,3.4
C560855,14410,2011-07-21,22261,3.4
C560855,14410,2011-07-21,21877,6.25
C560855,14410,2011-07-21,21456,1.25
C560855,14410,2011-07-21,84452,3.4
C560855,14410,2011-07-21,47591D,1.95
C560855,14410,2011-07-21,85186C,8.4
C560855,14410,2011-07-21,22858,9.9
C560855,14410,2011-07-21,22860,14.85
C560855,14410,2011-07-21,21872,5.0
C560855,14410,2011-07-21,85188A,2.55
C560855,14410,2011-07-21,21873,5.0
C560855,14410,2011-07-21,21248,1.45
C560855,14410,2011-07-21,85173,12.75
C560855,14410,2011-07-21,23194,4.5
C560855,14410,2011-07-21,47504H,5.0
C560855,14410,2011-07-21,47574A,1.5
C560855,14410,2011-07-21,21209,0.78
C560855,14410,2011-07-21,21205,2.55
C560855,14410,2011-07-21,22968,9.95
C560855,14410,2011-07-21,21156,1.95
C560855,14410,2011-07-21,22899,2.1
C560855,14410,2011-07-21,23193,4.5
C560855,14410,2011-07-21,21875,1.25
C560866,14410,2011-07-21,35921,1.25
C560866,14410,2011-07-21,22325,4.95
C560866,14410,2011-07-21,47563A,5.0
C560866,14410,2011-07-21,22444,35.0
C560874,17677,2011-07-21,23194,6.75
C560874,17677,2011-07-21,23176,6.75
C560880,15152,2011-07-21,22977,1.25
C560880,15152,2011-07-21,22666,8.85
C560898,12722,2011-07-21,85066,12.75
C560902,17593,2011-07-21,37340,0.78
C560903,18198,2011-07-21,22178,79.5
C560905,13468,2011-07-21,23146,9.87
C560907,16875,2011-07-21,84997A,12.45
C560909,13590,2011-07-21,20725,1.65
C560909,13590,2011-07-21,84997C,4.15
C560910,14733,2011-07-21,21539,4.95
C560910,14733,2011-07-21,22461,19.75
C560932,15005,2011-07-22,85024C,1.65
C560932,15005,2011-07-22,85025C,1.65
C560987,16859,2011-07-22,72807C,4.25
C560990,14056,2011-07-22,22629,11.7
C561012,13098,2011-07-22,20725,1.65
C561012,13098,2011-07-22,23283,7.95
C561013,16705,2011-07-22,22456,4.25
C561013,16705,2011-07-22,22847,16.95
C561013,16705,2011-07-22,21535,2.55
C561016,14056,2011-07-22,22400,0.39
C561018,14916,2011-07-22,23167,2.49
C561018,14916,2011-07-22,23165,1.65
C561041,15708,2011-07-24,85062,1.65
C561041,15708,2011-07-24,21380,2.95
C561059,13802,2011-07-24,47599B,105.0
C561061,13097,2011-07-24,21906,6.75
C561104,12576,2011-07-25,22666,8.85
C561211,15544,2011-07-25,20728,1.65
C561210,17841,2011-07-25,23263,12.5
C561212,17175,2011-07-25,21735,12.75
C561229,17096,2011-07-26,22796,19.9
C561229,17096,2011-07-26,22784,4.95
C561230,14329,2011-07-26,23031,1.65
C561232,16133,2011-07-26,85053,8.4
C561232,16133,2011-07-26,22429,4.25
C561232,16133,2011-07-26,22699,2.95
C561233,17422,2011-07-26,21382,6.0
C561233,17422,2011-07-26,22231,0.59
C561233,17422,2011-07-26,21279,7.65
C561233,17422,2011-07-26,85211,1.58
C561233,17422,2011-07-26,22251,3.75
C561235,13767,2011-07-26,22727,3.75
C561235,13767,2011-07-26,21313,0.85
C561235,13767,2011-07-26,21314,2.1
C561237,13050,2011-07-26,23198,8.7
C561238,17675,2011-07-26,22382,1.65
C561238,17675,2011-07-26,23243,4.95
C561240,17677,2011-07-26,84949,1.65
C561328,12471,2011-07-26,22649,4.95
C561328,12471,2011-07-26,22423,32.85
C561358,12626,2011-07-26,22303,2.1
C561370,17693,2011-07-26,22139,4.95
C561380,17693,2011-07-26,22624,8.5
C561379,13668,2011-07-26,23061,3.75
C561469,15289,2011-07-27,21179,4.68
C561587,17649,2011-07-28,22843,6.75
C561588,15781,2011-07-28,15056N,11.9
C561589,16133,2011-07-28,22457,2.95
C561589,16133,2011-07-28,22960,4.25
C561589,16133,2011-07-28,23249,1.65
C561589,16133,2011-07-28,23251,3.75
C561590,18268,2011-07-28,84968A,25.5
C561596,16558,2011-07-28,22231,2.36
C561596,16558,2011-07-28,23245,14.85
C561596,16558,2011-07-28,22464,1.65
C561598,13109,2011-07-28,22139,4.95
C561604,18223,2011-07-28,22720,14.85
C561606,13420,2011-07-28,21314,2.1
C561608,15827,2011-07-28,23296,5.0
C561608,15827,2011-07-28,22720,4.95
C561612,17054,2011-07-28,21232,2.5
C561613,14194,2011-07-28,22892,1.25
C561613,14194,2011-07-28,21623,9.95
C561619,13408,2011-07-28,23170,3.3
C561620,15845,2011-07-28,22720,9.9
C561621,12722,2011-07-28,85066,12.75
C561621,12722,2011-07-28,22797,33.9
C561622,16572,2011-07-28,23243,9.9
C561623,17677,2011-07-28,23194,11.25
C561623,17677,2011-07-28,23176,11.25
C561681,15370,2011-07-28,84968A,25.5
C561682,13631,2011-07-28,21257,48.65
C561684,13136,2011-07-28,22423,12.75
C561684,13136,2011-07-28,22725,3.75
C561703,12709,2011-07-29,22504,59.9
C561703,12709,2011-07-29,21658,3.39
C561703,12709,2011-07-29,20685,6.75
C561793,14414,2011-07-29,22461,11.85
C561886,15532,2011-07-31,85061W,4.25
C562020,16774,2011-08-01,23029,6.6
C562022,17389,2011-08-01,22960,7.5
C562048,13534,2011-08-02,22384,1.65
C562048,13534,2011-08-02,23209,1.65
C562051,15602,2011-08-02,22423,12.75
C562097,15311,2011-08-02,37449,17.0
C562097,15311,2011-08-02,85099B,1.79
C562097,15311,2011-08-02,22197,0.72
C562097,15311,2011-08-02,75049L,2.55
C562097,15311,2011-08-02,23199,1.79
C562097,15311,2011-08-02,20712,1.79
C562097,15311,2011-08-02,20724,0.72
C562097,15311,2011-08-02,82483,5.95
C562097,15311,2011-08-02,22384,1.45
C562110,16316,2011-08-02,22655,125.0
C562111,15125,2011-08-02,23240,3.75
C562115,17696,2011-08-02,21429,9.75
C562116,15810,2011-08-02,21931,2.08
C562117,16628,2011-08-02,22356,0.85
C562117,16628,2011-08-02,20712,4.16
C562118,12457,2011-08-02,47594A,9.75
C562119,13505,2011-08-02,23029,6.6
C562119,13505,2011-08-02,23245,4.95
C562121,16523,2011-08-02,22847,14.95
C562121,16523,2011-08-02,22061,9.95
C562122,14857,2011-08-02,23182,7.47
C562124,13081,2011-08-02,22200,15.0
C562124,13081,2011-08-02,15058A,6.75
C562124,13081,2011-08-02,15034,1.61
C562124,13081,2011-08-02,15044C,5.1
C562124,13081,2011-08-02,85123A,7.65
C562124,13081,2011-08-02,23168,1.04
C562124,13081,2011-08-02,22698,2.55
C562126,15764,2011-08-02,23243,4.95
C562126,15764,2011-08-02,21533,9.9
C562139,12921,2011-08-03,84978,1.25
C562139,12921,2011-08-03,22456,9.9
C562139,12921,2011-08-03,21313,3.4
C562142,15189,2011-08-03,23163,14.56
C562147,16180,2011-08-03,22328,2.95
C562147,16180,2011-08-03,22697,2.95
C562147,16180,2011-08-03,21232,1.25
C562147,16180,2011-08-03,22699,2.95
C562147,16180,2011-08-03,22064,1.65
C562147,16180,2011-08-03,23206,1.65
C562147,16180,2011-08-03,22649,4.95
C562149,13534,2011-08-03,23205,0.85
C562149,13534,2011-08-03,23204,0.85
C562149,13534,2011-08-03,23203,2.08
C562149,13534,2011-08-03,21930,2.08
C562149,13534,2011-08-03,20711,2.08
C562151,17053,2011-08-03,22637,2.1
C562160,13106,2011-08-03,22456,17.0
C562185,12748,2011-08-03,22381,6.3
C562188,12748,2011-08-03,85099B,179.0
C562206,15625,2011-08-03,20725,3.3
C562267,14056,2011-08-03,84755,0.65
C562280,16133,2011-08-04,84926F,6.96
C562281,12476,2011-08-04,84663A,2.37
C562281,12476,2011-08-04,22798,8.85
C562281,12476,2011-08-04,84976,1.58
C562367,17811,2011-08-04,22203,3.75
C562423,12584,2011-08-04,22423,12.75
C562423,12584,2011-08-04,22720,9.9
C562425,12584,2011-08-04,23243,4.95
C562438,14621,2011-08-04,84755,0.65
C562438,14621,2011-08-04,23023,3.3
C562438,14621,2011-08-04,22698,5.9
C562438,14621,2011-08-04,22423,12.75
C562522,13813,2011-08-05,22169,8.5
C562522,13813,2011-08-05,22139,4.95
C562559,16743,2011-08-05,21231,16.25
C562561,16729,2011-08-05,22656,125.0
C562577,15518,2011-08-07,23207,1.65
C562582,15640,2011-08-07,20751,2.1
C562582,15640,2011-08-07,21843,10.95
C562582,15640,2011-08-07,21452,2.95
C562582,15640,2011-08-07,21671,10.0
C562582,15640,2011-08-07,23008,16.95
C562582,15640,2011-08-07,22634,9.95
C562582,15640,2011-08-07,15034,2.52
C562582,15640,2011-08-07,22241,1.25
C562613,15228,2011-08-08,23175,9.75
C562618,13186,2011-08-08,22637,2.55
C562618,13186,2011-08-08,82600,12.6
C562618,13186,2011-08-08,20914,5.9
C562620,13089,2011-08-08,22798,2.95
C562620,13089,2011-08-08,22801,3.75
C562623,16255,2011-08-08,22772,1.25
C562623,16255,2011-08-08,22771,3.75
C562648,14606,2011-08-08,22998,0.42
C562687,15157,2011-08-08,22233,0.59
C562687,15157,2011-08-08,21359,3.95
C562687,15157,2011-08-08,22287,4.68
C562687,15157,2011-08-08,22268,7.41
C562709,17511,2011-08-08,21042,4.65
C562709,17511,2011-08-08,22197,2.16
C562709,17511,2011-08-08,85123A,2.55
C562709,17511,2011-08-08,82484,6.75
C562709,17511,2011-08-08,22384,1.45
C562709,17511,2011-08-08,22061,8.5
C562709,17511,2011-08-08,21238,0.72
C562709,17511,2011-08-08,22659,1.65
C562709,17511,2011-08-08,21232,1.06
C562726,16401,2011-08-09,21559,5.1
C562728,12406,2011-08-09,22849,14.95
C562794,14112,2011-08-09,22456,4.95
C562795,13709,2011-08-09,22428,13.9
C562795,13709,2011-08-09,21877,1.25
C562795,13709,2011-08-09,22192,8.5
C562795,13709,2011-08-09,23235,2.89
C562797,16672,2011-08-09,22634,8.5
C562798,12929,2011-08-09,22605,12.75
C562799,16609,2011-08-09,84949,3.3
C562800,16401,2011-08-09,21559,5.1
C562801,15194,2011-08-09,23012,3.95
C562802,15201,2011-08-09,22990,9.9
C562802,15201,2011-08-09,22994,0.84
C562803,15628,2011-08-09,23187,2.9
C562803,15628,2011-08-09,21704,1.7
C562808,18282,2011-08-09,23187,1.45
C562848,15201,2011-08-10,22990,19.8
C562876,15110,2011-08-10,22360,2.95
C562889,18172,2011-08-10,22727,7.5
C562909,17602,2011-08-10,75049L,13.75
C562910,15671,2011-08-10,23187,4.64
C562911,13384,2011-08-10,22978,18.75
C562921,13767,2011-08-10,22726,3.75
C562921,13767,2011-08-10,22699,5.9
C562921,13767,2011-08-10,22423,25.5
C562921,13767,2011-08-10,22727,3.75
C562943,12693,2011-08-11,23316,9.95
C562952,12749,2011-08-11,22456,4.95
C562952,12749,2011-08-11,23111,12.5
C562952,12749,2011-08-11,23017,12.5
C562952,12749,2011-08-11,23015,8.25
C562952,12749,2011-08-11,23020,12.5
C562952,12749,2011-08-11,23169,4.15
C562952,12749,2011-08-11,23243,4.95
C562952,12749,2011-08-11,22981,7.25
C562952,12749,2011-08-11,22979,2.9
C562952,12749,2011-08-11,23165,3.3
C562952,12749,2011-08-11,22980,4.95
C562952,12749,2011-08-11,23167,1.66
C562952,12749,2011-08-11,23110,5.75
C562952,12749,2011-08-11,23245,4.95
C562952,12749,2011-08-11,23244,3.9
C562952,12749,2011-08-11,82486,8.95
C562952,12749,2011-08-11,23239,12.45
C562952,12749,2011-08-11,23235,5.78
C562952,12749,2011-08-11,23236,2.89
C562952,12749,2011-08-11,23166,1.25
C562953,16180,2011-08-11,22328,2.95
C562953,16180,2011-08-11,22697,2.95
C562953,16180,2011-08-11,21232,1.25
C562953,16180,2011-08-11,22064,1.65
C562953,16180,2011-08-11,23206,1.65
C562953,16180,2011-08-11,22699,2.95
C562953,16180,2011-08-11,22649,4.95
C562954,17429,2011-08-11,20914,2.95
C562954,17429,2011-08-11,84927F,1.95
C562954,17429,2011-08-11,22461,7.9
C562956,13186,2011-08-11,82600,12.6
C562956,13186,2011-08-11,22637,2.55
C562957,13319,2011-08-11,22540,0.42
C562957,13319,2011-08-11,22842,6.75
C562959,17389,2011-08-11,85066,10.8
C562959,17389,2011-08-11,22138,4.2
C562961,14305,2011-08-11,22766,20.65
C562961,14305,2011-08-11,22852,4.25
C562961,14305,2011-08-11,84947,6.25
C562962,17579,2011-08-11,23132,5.75
C562962,17579,2011-08-11,22173,2.95
C562969,12610,2011-08-11,22568,3.75
C563068,13722,2011-08-11,23108,6.25
C563107,12709,2011-08-12,21452,2.95
C563107,12709,2011-08-12,22960,3.75
C563107,12709,2011-08-12,23169,4.15
C563109,12656,2011-08-12,21936,11.8
C563109,12656,2011-08-12,20725,9.9
C563197,13047,2011-08-14,23160,3.75
C563207,17613,2011-08-14,84879,1.69
C563207,17613,2011-08-14,20781,5.49
C563207,17613,2011-08-14,21933,1.65
C563207,17613,2011-08-14,84279P,3.75
C563218,16401,2011-08-14,22383,1.65
C563219,17644,2011-08-14,22469,18.15
C563220,16150,2011-08-14,23243,9.9
C563220,16150,2011-08-14,22469,9.9
C563220,16150,2011-08-14,21289,5.0
C563221,17611,2011-08-14,22780,12.75
C563222,15660,2011-08-14,22460,3.75
C563223,16292,2011-08-14,37446,1.45
C563224,12409,2011-08-14,23298,4.95
C563226,13116,2011-08-14,23253,15.95
C563240,15048,2011-08-15,22616,3.48
C563249,16656,2011-08-15,21704,0.72
C563258,15311,2011-08-15,20728,1.45
C563258,15311,2011-08-15,22061,17.0
C563258,15311,2011-08-15,20727,1.45
C563363,15342,2011-08-15,23155,0.83
C563433,16033,2011-08-16,21874,1.25
C563483,14175,2011-08-16,21713,6.3
C563483,14175,2011-08-16,23108,6.25
C563483,14175,2011-08-16,22927,5.95
C563553,16755,2011-08-17,85123A,2.95
C563553,16755,2011-08-17,22197,0.85
C563554,16755,2011-08-17,22467,2.55
C563586,12697,2011-08-17,22077,9.9
C563587,18248,2011-08-17,21314,10.5
C563591,16145,2011-08-18,23296,5.0
C563594,18248,2011-08-18,21314,10.5
C563595,13769,2011-08-18,23091,6.25
C563595,13769,2011-08-18,71477,5.5
C563596,12749,2011-08-18,22776,19.9
C563598,14305,2011-08-18,22845,6.35
C563599,15152,2011-08-18,22842,6.75
C563599,15152,2011-08-18,84946,1.25
C563599,15152,2011-08-18,22425,4.95
C563600,14911,2011-08-18,21845,6.32
C563600,14911,2011-08-18,21584,1.65
C563600,14911,2011-08-18,22182,9.9
C563600,14911,2011-08-18,22301,2.55
C563600,14911,2011-08-18,22627,8.5
C563600,14911,2011-08-18,23243,4.95
C563600,14911,2011-08-18,22625,8.5
C563600,14911,2011-08-18,22608,1.33
C563600,14911,2011-08-18,21218,3.75
C563600,14911,2011-08-18,84818,14.22
C563600,14911,2011-08-18,84880,7.5
C563601,13047,2011-08-18,23160,3.75
C563602,14291,2011-08-18,22634,9.95
C563604,15251,2011-08-18,22847,14.95
C563603,17302,2011-08-18,22358,2.95
C563603,17302,2011-08-18,22236,12.75
C563605,14112,2011-08-18,22457,2.95
C563607,13078,2011-08-18,22729,7.5
C563608,17719,2011-08-18,21845,1.58
C563608,17719,2011-08-18,22624,8.5
C563609,18178,2011-08-18,22784,9.9
C563610,14937,2011-08-18,21216,4.25
C563611,17340,2011-08-18,84949,4.95
C563611,17340,2011-08-18,84755,0.65
C563612,17442,2011-08-18,22729,3.75
C563693,17243,2011-08-18,84050,1.65
C563693,17243,2011-08-18,23184,9.9
C563716,15706,2011-08-18,22470,2.95
C563751,12528,2011-08-19,21232,5.0
C563752,12362,2011-08-19,22891,4.25
C563752,12362,2011-08-19,22659,11.7
C563752,12362,2011-08-19,22630,1.95
C563773,13048,2011-08-19,22730,30.0
C563856,13090,2011-08-19,21789,16.15
C563856,13090,2011-08-19,21788,17.0
C563894,16330,2011-08-21,21042,5.95
C563918,14572,2011-08-21,23198,1.45
C563948,13089,2011-08-22,23032,9.9
C563948,13089,2011-08-22,23029,9.9
C563948,13089,2011-08-22,21670,7.5
C564063,16184,2011-08-22,71477,3.25
C564094,16550,2011-08-23,22328,5.9
C564104,12530,2011-08-23,23199,20.8
C564108,12428,2011-08-23,21216,4.95
C564131,14407,2011-08-23,22946,16.95
C564134,12456,2011-08-23,23198,10.15
C564134,12456,2011-08-23,23196,11.6
C564134,12456,2011-08-23,22551,1.65
C564134,12456,2011-08-23,22800,3.75
C564138,12753,2011-08-23,23229,3.39
C564138,12753,2011-08-23,23238,3.75
C564138,12753,2011-08-23,23244,3.3
C564138,12753,2011-08-23,23239,3.75
C564138,12753,2011-08-23,20979,20.0
C564138,12753,2011-08-23,22637,4.2
C564138,12753,2011-08-23,21218,9.75
C564138,12753,2011-08-23,22662,1.65
C564142,12477,2011-08-23,79191C,0.85
C564142,12477,2011-08-23,22244,1.95
C564142,12477,2011-08-23,21155,2.55
C564204,13576,2011-08-24,21137,3.39
C564206,14301,2011-08-24,37447,2.5
C564206,14301,2011-08-24,22067,4.35
C564206,14301,2011-08-24,37446,1.25
C564207,15270,2011-08-24,22156,5.04
C564207,15270,2011-08-24,22457,5.1
C564207,15270,2011-08-24,75049L,29.75
C564208,15469,2011-08-24,23129,4.15
C564208,15469,2011-08-24,22768,9.95
C564209,14189,2011-08-24,22996,0.42
C564209,14189,2011-08-24,22121,5.95
C564210,14194,2011-08-24,23203,2.08
C564211,17652,2011-08-24,23110,5.75
C564211,17652,2011-08-24,23112,7.5
C564212,13209,2011-08-24,22699,2.95
C564212,13209,2011-08-24,22992,1.95
C564212,13209,2011-08-24,22729,3.75
C564212,13209,2011-08-24,22728,3.75
C564212,13209,2011-08-24,22727,3.75
C564213,15301,2011-08-24,21845,1.58
C564213,15301,2011-08-24,23110,5.75
C564214,16996,2011-08-24,22457,2.95
C564215,16133,2011-08-24,22960,4.25
C564217,12994,2011-08-24,85053,6.3
C564217,12994,2011-08-24,22965,2.1
C564217,12994,2011-08-24,22429,12.75
C564217,12994,2011-08-24,23252,7.5
C564217,12994,2011-08-24,22979,1.45
C564217,12994,2011-08-24,22666,5.9
C564232,13517,2011-08-24,85159B,15.6
C564279,17706,2011-08-24,37501,13.9
C564281,14796,2011-08-24,37448,1.49
C564281,14796,2011-08-24,21232,1.25
C564281,14796,2011-08-24,84927A,0.39
C564281,14796,2011-08-24,23185,0.29
C564320,16536,2011-08-24,22767,9.95
C564362,13148,2011-08-24,23118,7.5
C564362,13148,2011-08-24,21528,6.95
C564368,16493,2011-08-25,21209,3.9
C564368,16493,2011-08-25,21194,3.9
C564368,16493,2011-08-25,21208,9.36
C564426,15804,2011-08-25,21875,1.25
C564426,15804,2011-08-25,84279P,3.75
C564427,17841,2011-08-25,22893,0.42
C564488,16859,2011-08-25,23087,18.75
C564488,16859,2011-08-25,23144,7.47
C564488,16859,2011-08-25,23145,9.5
C564488,16859,2011-08-25,84946,13.75
C564488,16859,2011-08-25,23090,7.47
C564488,16859,2011-08-25,84978,13.75
C564488,16859,2011-08-25,22460,13.75
C564488,16859,2011-08-25,84945,7.65
C564488,16859,2011-08-25,85231B,9.35
C564488,16859,2011-08-25,85231G,8.5
C564488,16859,2011-08-25,72807C,12.75
C564488,16859,2011-08-25,18097C,10.2
C564490,13266,2011-08-25,21395,0.78
C564490,13266,2011-08-25,85132C,1.95
C564493,13089,2011-08-25,22364,11.8
C564493,13089,2011-08-25,22360,8.85
C564493,13089,2011-08-25,84949,9.9
C564504,16722,2011-08-25,23209,16.5
C564545,14188,2011-08-25,23209,1.65
C564545,14188,2011-08-25,20724,0.85
C564592,13408,2011-08-26,23082,13.16
C564655,13159,2011-08-26,23075,58.1
C564711,16768,2011-08-28,21232,1.25
C564748,14911,2011-08-30,23155,4.98
C564748,14911,2011-08-30,22978,18.75
C564751,17828,2011-08-30,22768,9.95
C564751,17828,2011-08-30,22065,5.8
C564759,14911,2011-08-30,22843,6.75
C564759,14911,2011-08-30,21471,7.5
C564759,14911,2011-08-30,22960,4.25
C564813,17173,2011-08-30,85066,10.95
C564854,17865,2011-08-31,22699,2.95
C564854,17865,2011-08-31,22423,32.85
C564854,17865,2011-08-31,22698,2.95
C564900,12948,2011-08-31,20970,7.5
C564900,12948,2011-08-31,20969,3.75
C564903,16984,2011-08-31,22843,6.75
C564903,16984,2011-08-31,23148,0.83
C564903,16984,2011-08-31,22430,4.95
C564903,16984,2011-08-31,22683,2.5
C564903,16984,2011-08-31,22360,8.85
C564907,18225,2011-08-31,85066,12.75
C564907,18225,2011-08-31,23296,3.75
C564907,18225,2011-08-31,23168,1.25
C564907,18225,2011-08-31,22804,2.95
C564907,18225,2011-08-31,22720,4.95
C564907,18225,2011-08-31,22180,9.95
C564907,18225,2011-08-31,21429,1.95
C564908,17705,2011-08-31,22726,3.75
C564908,17705,2011-08-31,22729,3.75
C564908,17705,2011-08-31,22767,9.95
C564908,17705,2011-08-31,22768,9.95
C564911,16133,2011-08-31,23328,3.75
C564913,12560,2011-08-31,22637,4.2
C564913,12560,2011-08-31,22963,1.44
C564913,12560,2011-08-31,22960,4.25
C564913,12560,2011-08-31,84030E,8.5
C564913,12560,2011-08-31,22998,10.08
C564913,12560,2011-08-31,23174,4.15
C564940,12931,2011-08-31,22493,159.5
C564940,12931,2011-08-31,22561,365.4
C564940,12931,2011-08-31,20974,217.1
C564940,12931,2011-08-31,22991,660.0
C564940,12931,2011-08-31,23207,362.5
C564940,12931,2011-08-31,23201,250.6
C564940,12931,2011-08-31,23203,358.0
C564940,12931,2011-08-31,22992,660.0
C564942,18097,2011-08-31,21363,4.95
C564945,16652,2011-08-31,22560,1.06
C564946,13534,2011-08-31,85099C,2.08
C564946,13534,2011-08-31,23201,4.16
C564946,13534,2011-08-31,23199,6.24
C564948,14895,2011-08-31,21784,19.9
C564947,17747,2011-08-31,22106,6.75
C564948,14895,2011-08-31,22363,2.95
C564949,17706,2011-08-31,22103,15.84
C564952,14188,2011-08-31,23209,3.3
C564952,14188,2011-08-31,20724,0.85
C564955,15786,2011-08-31,22891,4.25
C564955,15786,2011-08-31,22328,5.9
C564955,15786,2011-08-31,22892,2.5
C564955,15786,2011-08-31,22326,2.95
C564955,15786,2011-08-31,21671,1.25
C564955,15786,2011-08-31,84945,10.2
C564955,15786,2011-08-31,21844,17.7
C564955,15786,2011-08-31,22637,2.55
C564956,16303,2011-08-31,23292,1.25
C564956,16303,2011-08-31,21452,5.9
C564956,16303,2011-08-31,22637,7.65
C564964,17315,2011-08-31,22698,5.9
C564964,17315,2011-08-31,22637,2.55
C564964,17315,2011-08-31,23301,1.65
C564971,13466,2011-08-31,22220,9.95
C564996,17677,2011-08-31,20726,1.65
C564997,15625,2011-08-31,21705,10.15
C565001,17675,2011-08-31,22767,39.8
C565016,15764,2011-08-31,22147,8.7
C565016,15764,2011-08-31,85053,2.1
C565016,15764,2011-08-31,23168,1.25
C565023,12901,2011-08-31,22988,25.44
C565025,13050,2011-08-31,22720,4.95
C565025,13050,2011-08-31,82494L,5.9
C565044,12931,2011-08-31,20829,190.97
C565044,12931,2011-08-31,11001,228.6
C565044,12931,2011-08-31,21731,182.7
C565044,12931,2011-08-31,21479,488.16
C565044,12931,2011-08-31,22493,232.0
C565044,12931,2011-08-31,23215,214.8
C565044,12931,2011-08-31,22191,2432.7
C565050,12381,2011-08-31,85159B,1.95
C565050,12381,2011-08-31,23198,14.5
C565050,12381,2011-08-31,23243,9.9
C565077,17451,2011-08-31,23196,4.35
C565077,17451,2011-08-31,22189,3.95
C565077,17451,2011-08-31,23239,4.15
C565215,16474,2011-09-01,21581,27.0
C565227,12708,2011-09-02,85053,2.1
C565237,14299,2011-09-02,85123A,23.6
C565237,14299,2011-09-02,22720,4.95
C565237,14299,2011-09-02,23245,9.9
C565237,14299,2011-09-02,23243,4.95
C565237,14299,2011-09-02,23244,5.85
C565284,12471,2011-09-02,22423,65.7
C565284,12471,2011-09-02,21232,1.25
C565284,12471,2011-09-02,23197,1.45
C565284,12471,2011-09-02,23236,2.89
C565284,12471,2011-09-02,23241,2.08
C565284,12471,2011-09-02,23245,9.9
C565284,12471,2011-09-02,23198,1.45
C565305,15311,2011-09-02,40001,5.76
C565305,15311,2011-09-02,75049L,1.7
C565323,14606,2011-09-02,21481,3.75
C565379,14415,2011-09-02,85099B,2.08
C565379,14415,2011-09-02,23184,4.95
C565402,16401,2011-09-02,22197,1.7
C565402,16401,2011-09-02,20725,3.3
C565422,17774,2011-09-04,22776,9.95
C565425,15561,2011-09-04,23127,9.9
C565428,12867,2011-09-04,22231,6.55
C565428,12867,2011-09-04,22230,0.78
C565428,12867,2011-09-04,84755,1.3
C565428,12867,2011-09-04,79190B,0.42
C565477,13630,2011-09-05,21012,6.3
C565597,12709,2011-09-05,22980,1.65
C565597,12709,2011-09-05,22666,2.95
C565597,12709,2011-09-05,22625,7.65
C565597,12709,2011-09-05,21658,6.78
C565615,12683,2011-09-05,23249,9.9
C565615,12683,2011-09-05,23236,2.89
C565615,12683,2011-09-05,22972,16.5
C565615,12683,2011-09-05,22976,1.25
C565615,12683,2011-09-05,21197,34.65
C565615,12683,2011-09-05,23325,11.55
C565615,12683,2011-09-05,22423,12.75
C565671,14796,2011-09-06,22059,1.49
C565762,14040,2011-09-06,20724,16.15
C565789,16735,2011-09-07,84949,8.25
C565799,13999,2011-09-07,22624,8.5
C565804,17491,2011-09-07,22846,16.95
C565843,14606,2011-09-07,21788,0.85
C565843,14606,2011-09-07,22151,0.42
C565848,14606,2011-09-07,22713,3.36
C565848,14606,2011-09-07,22988,1.25
C565848,14606,2011-09-07,47566,4.95
C565848,14606,2011-09-07,84029G,4.25
C565848,14606,2011-09-07,84029E,4.25
C565848,14606,2011-09-07,21479,4.25
C565848,14606,2011-09-07,85099B,8.32
C565848,14606,2011-09-07,21673,52.2
C565848,14606,2011-09-07,21671,21.75
C565848,14606,2011-09-07,21670,55.1
C565848,14606,2011-09-07,21669,17.4
C565848,14606,2011-09-07,22644,2.9
C565848,14606,2011-09-07,84991,2.75
C565848,14606,2011-09-07,22998,6.72
C565864,15752,2011-09-07,21833,8.45
C565962,14410,2011-09-08,23205,0.85
C565962,14410,2011-09-08,21927,3.75
C565962,14410,2011-09-08,23309,8.25
C565962,14410,2011-09-08,22972,1.65
C565962,14410,2011-09-08,23307,9.35
C565962,14410,2011-09-08,22367,3.9
C565962,14410,2011-09-08,22899,2.1
C565962,14410,2011-09-08,21156,1.95
C565962,14410,2011-09-08,22975,1.25
C566011,14688,2011-09-08,23080,8.25
C566012,17243,2011-09-08,23092,6.65
C566036,17811,2011-09-08,21469,3.75
C566071,17997,2011-09-08,23175,52.25
C566071,17997,2011-09-08,23245,14.85
C566071,17997,2011-09-08,23172,31.9
C566071,17997,2011-09-08,23171,30.45
C566071,17997,2011-09-08,23173,65.2
C566071,17997,2011-09-08,23174,74.7
C566084,12621,2011-09-09,23172,1.65
C566084,12621,2011-09-09,22698,8.85
C566084,12621,2011-09-09,23173,9.95
C566088,14911,2011-09-09,23245,4.95
C566088,14911,2011-09-09,20914,8.85
C566090,12477,2011-09-09,23155,4.98
C566090,12477,2011-09-09,21668,17.4
C566090,12477,2011-09-09,20685,70.8
C566161,17696,2011-09-09,21528,6.95
C566165,14911,2011-09-09,20914,11.8
C566166,14194,2011-09-09,21311,1.74
C566167,17865,2011-09-09,22423,38.25
C566167,17865,2011-09-09,22698,2.95
C566167,17865,2011-09-09,22699,2.95
C566174,16309,2011-09-09,22635,9.95
C566174,16309,2011-09-09,22634,9.95
C566176,16133,2011-09-09,23348,3.58
C566177,14108,2011-09-09,22349,3.75
C566180,16173,2011-09-09,21314,2.1
C566180,16173,2011-09-09,22800,3.75
C566180,16173,2011-09-09,22798,5.9
C566181,14243,2011-09-09,23252,7.5
C566181,14243,2011-09-09,82581,2.75
C566182,14210,2011-09-09,23245,4.95
C566183,14837,2011-09-09,20979,5.0
C566183,14837,2011-09-09,23301,3.3
C566185,18167,2011-09-09,22637,2.1
C566185,18167,2011-09-09,21844,2.55
C566185,18167,2011-09-09,21539,8.5
C566205,16362,2011-09-09,22356,3.4
C566205,16362,2011-09-09,22355,4.25
C566209,16362,2011-09-09,23356,23.8
C566209,16362,2011-09-09,23355,24.75
C566222,13458,2011-09-09,23118,7.5
C566223,16145,2011-09-09,84625C,11.05
C566280,12748,2011-09-11,71477,7.9
C566384,17811,2011-09-12,21588,2.55
C566423,16984,2011-09-12,21622,9.9
C566445,14286,2011-09-12,23193,13.5
C566445,14286,2011-09-12,22583,2.55
C566445,14286,2011-09-12,22208,1.65
C566457,17696,2011-09-12,21528,6.95
C566458,16191,2011-09-12,22720,4.95
C566459,13236,2011-09-12,21535,5.1
C566459,13236,2011-09-12,23093,4.98
C566459,13236,2011-09-12,23112,7.5
C566460,18223,2011-09-12,23189,2.89
C566460,18223,2011-09-12,21931,2.08
C566460,18223,2011-09-12,23240,12.45
C566460,18223,2011-09-12,85099B,2.08
C566460,18223,2011-09-12,23245,4.95
C566461,16713,2011-09-12,23177,4.5
C566462,14276,2011-09-12,23240,8.3
C566462,14276,2011-09-12,23051,8.25
C566462,14276,2011-09-12,20979,7.5
C566464,15764,2011-09-12,85053,2.1
C566464,15764,2011-09-12,23168,1.25
C566466,13850,2011-09-12,23178,8.67
C566467,14688,2011-09-12,20719,11.9
C566467,14688,2011-09-12,20723,17.0
C566467,14688,2011-09-12,20724,27.2
C566467,14688,2011-09-12,20725,14.85
C566467,14688,2011-09-12,20728,14.85
C566467,14688,2011-09-12,21931,22.88
C566467,14688,2011-09-12,22197,11.9
C566467,14688,2011-09-12,22355,11.9
C566467,14688,2011-09-12,22380,12.6
C566467,14688,2011-09-12,21212,9.35
C566467,14688,2011-09-12,22998,15.12
C566467,14688,2011-09-12,23199,29.12
C566467,14688,2011-09-12,23201,14.56
C566467,14688,2011-09-12,23204,16.15
C566467,14688,2011-09-12,23205,12.75
C566467,14688,2011-09-12,23298,39.6
C566467,14688,2011-09-12,84991,14.85
C566467,14688,2011-09-12,85099F,29.12
C566467,14688,2011-09-12,22384,23.1
C566468,13319,2011-09-12,23112,7.5
C566468,13319,2011-09-12,22840,6.95
C566468,13319,2011-09-12,22423,10.95
C566468,13319,2011-09-12,23209,1.65
C566468,13319,2011-09-12,22842,5.95
C566469,13709,2011-09-12,22488,1.65
C566470,13136,2011-09-12,23199,2.08
C566471,16670,2011-09-12,85123A,2.95
C566474,15136,2011-09-12,22960,4.25
C566490,16656,2011-09-13,22625,8.5
C566584,17779,2011-09-13,21156,3.9
C566611,15513,2011-09-13,22666,2.95
C566611,15513,2011-09-13,22456,4.25
C566626,15380,2011-09-14,22461,7.9
C566672,13145,2011-09-14,21873,3.75
C566671,17841,2011-09-14,22628,4.95
C566741,15618,2011-09-14,23404,4.95
C566741,15618,2011-09-14,23405,4.95
C566742,17422,2011-09-14,35648,0.83
C566742,17422,2011-09-14,22914,4.95
C566742,17422,2011-09-14,22913,4.95
C566742,17422,2011-09-14,22912,9.9
C566742,17422,2011-09-14,22147,1.45
C566745,16150,2011-09-14,22065,4.35
C566745,16150,2011-09-14,22720,4.95
C566745,16150,2011-09-14,21314,4.2
C566745,16150,2011-09-14,23424,4.95
C566745,16150,2011-09-14,23245,4.95
C566749,13999,2011-09-14,85053,8.4
C566749,13999,2011-09-14,22426,11.25
C566751,14911,2011-09-14,20914,2.95
C566751,14911,2011-09-14,22197,3.4
C566752,14397,2011-09-14,23130,4.15
C566753,14911,2011-09-14,22796,9.95
C566754,18158,2011-09-14,23273,1.65
C566758,14292,2011-09-14,22699,8.85
C566758,14292,2011-09-14,23174,4.15
C566777,14911,2011-09-15,22840,7.95
C566777,14911,2011-09-15,22842,6.75
C566779,13931,2011-09-15,23165,6.6
C566780,12997,2011-09-15,21232,2.5
C566780,12997,2011-09-15,21231,1.25
C566782,16048,2011-09-15,85163B,12.75
C566784,14915,2011-09-15,85048,48.65
C566785,17071,2011-09-15,23423,7.5
C566785,17071,2011-09-15,21232,2.5
C566785,17071,2011-09-15,22112,4.95
C566939,14111,2011-09-15,22784,4.25
C566940,14105,2011-09-15,20914,2.95
C566940,14105,2011-09-15,22698,2.95
C566941,13136,2011-09-15,23206,1.65
C566942,17139,2011-09-15,23209,1.65
C566942,17139,2011-09-15,22776,8.5
C566942,17139,2011-09-15,22423,10.95
C566943,16293,2011-09-15,22191,8.5
C566944,15449,2011-09-15,20725,1.65
C566945,13319,2011-09-15,22178,11.7
C566946,15122,2011-09-15,21314,2.1
C566947,13871,2011-09-15,21877,1.65
C566947,13871,2011-09-15,22798,11.8
C566948,13468,2011-09-15,22061,9.95
C566953,15804,2011-09-15,23433,9.13
C566955,13026,2011-09-15,84818,16.59
C566957,18172,2011-09-15,23203,2.08
C566956,14019,2011-09-15,22456,9.9
C566958,14420,2011-09-15,23188,1.65
C566960,12616,2011-09-15,22634,29.85
C566961,13319,2011-09-15,84879,1.69
C566961,13319,2011-09-15,23245,4.95
C566961,13319,2011-09-15,22841,7.95
C566965,12919,2011-09-15,21259,17.85
C566966,16362,2011-09-15,23395,3.75
C566970,13993,2011-09-16,22784,14.85
C566970,13993,2011-09-16,22960,8.5
C566978,14177,2011-09-16,21317,4.95
C566986,12476,2011-09-16,84663A,0.79
C566999,14842,2011-09-16,22720,9.9
C567147,12709,2011-09-16,23307,13.2
C567147,12709,2011-09-16,21658,3.39
C567147,12709,2011-09-16,22627,7.65
C567177,15533,2011-09-18,22938,46.8
C567187,12705,2011-09-19,22383,1.65
C567198,14159,2011-09-19,21530,0.79
C567198,14159,2011-09-19,23006,1.26
C567330,13552,2011-09-19,23111,25.0
C567330,13552,2011-09-19,84030E,4.25
C567331,16609,2011-09-19,23403,3.75
C567331,16609,2011-09-19,23110,5.75
C567332,13767,2011-09-19,22423,25.5
C567332,13767,2011-09-19,22726,3.75
C567332,13767,2011-09-19,21314,5.55
C567345,14911,2011-09-19,23174,4.15
C567347,15465,2011-09-19,22666,11.8
C567347,15465,2011-09-19,22423,76.65
C567348,15755,2011-09-19,85123A,2.95
C567348,15755,2011-09-19,23410,8.15
C567348,15755,2011-09-19,23380,4.68
C567348,15755,2011-09-19,22094,2.34
C567349,13375,2011-09-19,23110,5.75
C567350,17677,2011-09-19,23169,16.6
C567351,15251,2011-09-19,23319,10.4
C567351,15251,2011-09-19,23318,12.48
C567351,15251,2011-09-19,23324,42.55
C567351,15251,2011-09-19,23240,3.75
C567351,15251,2011-09-19,22941,15.3
C567355,15764,2011-09-19,22960,4.25
C567357,16211,2011-09-19,22960,4.25
C567358,16428,2011-09-19,22699,2.95
C567359,15201,2011-09-19,21154,1.25
C567359,15201,2011-09-19,23265,1.25
C567359,15201,2011-09-19,22994,0.42
C567359,15201,2011-09-19,21208,2.34
C567359,15201,2011-09-19,21209,0.78
C567359,15201,2011-09-19,21194,1.3
C567359,15201,2011-09-19,22954,1.25
C567360,13860,2011-09-19,22744,5.9
C567361,13599,2011-09-19,23318,7.47
C567365,15443,2011-09-19,48188,8.25
C567365,15443,2011-09-19,48138,8.25
C567365,15443,2011-09-19,22691,8.25
C567520,12989,2011-09-20,22301,2.1
C567521,12540,2011-09-20,22486,12.75
C567534,16341,2011-09-21,20725,3.3
C567534,16341,2011-09-21,22154,0.42
C567534,16341,2011-09-21,23344,2.08
C567534,16341,2011-09-21,22596,1.25
C567535,15253,2011-09-21,23166,1.25
C567535,15253,2011-09-21,23165,1.65
C567536,14284,2011-09-21,22158,8.85
C567536,14284,2011-09-21,85048,7.95
C567538,14198,2011-09-21,23404,19.8
C567540,12384,2011-09-21,23173,9.95
C567540,12384,2011-09-21,23295,1.66
C567540,12384,2011-09-21,84279P,7.5
C567541,15498,2011-09-21,20931,8.85
C567541,15498,2011-09-21,20932,26.55
C567544,15622,2011-09-21,23343,2.08
C567543,13418,2011-09-21,21311,6.09
C567543,13418,2011-09-21,23347,7.5
C567543,13418,2011-09-21,23346,7.5
C567543,13418,2011-09-21,23345,7.5
C567620,14306,2011-09-21,23170,1.65
C567620,14306,2011-09-21,23085,8.25
C567627,17511,2011-09-21,21238,0.85
C567627,17511,2011-09-21,21933,1.65
C567627,17511,2011-09-21,23081,8.25
C567627,17511,2011-09-21,22197,2.55
C567627,17511,2011-09-21,22768,9.95
C567627,17511,2011-09-21,21931,2.08
C567627,17511,2011-09-21,23182,0.83
C567627,17511,2011-09-21,22383,1.65
C567627,17511,2011-09-21,21232,1.25
C567641,12409,2011-09-21,23165,2.9
C567643,12409,2011-09-21,23298,4.15
C567677,12409,2011-09-21,23167,1.66
C567677,12409,2011-09-21,23166,2.08
C567681,15433,2011-09-21,22384,11.55
C567681,15433,2011-09-21,20726,3.3
C567681,15433,2011-09-21,23208,3.3
C567681,15433,2011-09-21,20728,9.9
C567681,15433,2011-09-21,20727,8.25
C567681,15433,2011-09-21,22613,8.5
C567681,15433,2011-09-21,22614,8.58
C567681,15433,2011-09-21,22367,13.65
C567681,15433,2011-09-21,21212,12.65
C567681,15433,2011-09-21,22417,12.1
C567681,15433,2011-09-21,84991,12.1
C567681,15433,2011-09-21,22382,11.55
C567682,17997,2011-09-21,23174,4.15
C567682,17997,2011-09-21,23172,39.6
C567682,17997,2011-09-21,23171,39.6
C567685,16394,2011-09-21,23004,63.84
C567685,16394,2011-09-21,23002,9.24
C567685,16394,2011-09-21,23006,1.26
C567685,16394,2011-09-21,22994,0.42
C567685,16394,2011-09-21,22997,0.84
C567685,16394,2011-09-21,23000,4.62
C567688,13282,2011-09-21,23284,40.5
C567689,17434,2011-09-21,85048,6.95
C567690,15810,2011-09-21,23208,13.2
C567690,15810,2011-09-21,22385,14.56
C567690,15810,2011-09-21,22380,4.2
C567690,15810,2011-09-21,22659,13.65
C567690,15810,2011-09-21,22631,19.5
C567690,15810,2011-09-21,23254,4.15
C567690,15810,2011-09-21,22356,7.65
C567690,15810,2011-09-21,23207,6.6
C567690,15810,2011-09-21,23199,18.72
C567690,15810,2011-09-21,20704,27.8
C567690,15810,2011-09-21,23630,2.99
C567690,15810,2011-09-21,20725,14.85
C567690,15810,2011-09-21,22382,18.15
C567690,15810,2011-09-21,23205,1.7
C567690,15810,2011-09-21,22383,8.25
C567690,15810,2011-09-21,20726,1.65
C567690,15810,2011-09-21,20728,9.9
C567690,15810,2011-09-21,22384,18.15
C567691,17567,2011-09-21,84029G,11.25
C567691,17567,2011-09-21,21485,9.9
C567691,17567,2011-09-21,21668,44.52
C567691,17567,2011-09-21,21669,49.3
C567691,17567,2011-09-21,22774,1.25
C567691,17567,2011-09-21,21671,123.25
C567691,17567,2011-09-21,22113,25.5
C567691,17567,2011-09-21,22197,5.1
C567691,17567,2011-09-21,22469,28.05
C567691,17567,2011-09-21,21673,5.8
C567691,17567,2011-09-21,22110,5.1
C567703,15810,2011-09-22,20724,3.4
C567703,15810,2011-09-22,22630,1.95
C567704,17716,2011-09-22,22349,45.0
C567708,15201,2011-09-22,22900,22.75
C567708,15201,2011-09-22,21212,17.05
C567708,15201,2011-09-22,21931,2.08
C567708,15201,2011-09-22,22544,18.06
C567708,15201,2011-09-22,23203,16.64
C567708,15201,2011-09-22,23298,19.8
C567708,15201,2011-09-22,85099B,16.64
C567708,15201,2011-09-22,85099F,6.24
C567708,15201,2011-09-22,22961,98.75
C567712,13282,2011-09-22,22725,41.25
C567714,16316,2011-09-22,21730,4.95
C567714,16316,2011-09-22,22962,5.1
C567715,16160,2011-09-22,84879,11.83
C567716,14543,2011-09-22,21843,79.6
C567716,14543,2011-09-22,22429,4.25
C567716,14543,2011-09-22,22625,8.5
C567716,14543,2011-09-22,22624,8.5
C567716,14543,2011-09-22,21216,4.95
C567716,14543,2011-09-22,72807A,4.25
C567716,14543,2011-09-22,22848,14.95
C567717,15601,2011-09-22,23110,11.5
C567884,13627,2011-09-22,22909,1.7
C567885,12879,2011-09-22,22698,2.95
C567885,12879,2011-09-22,22699,17.7
C567891,15296,2011-09-22,82483,6.95
C567902,15555,2011-09-22,21874,1.65
C567902,15555,2011-09-22,21794,3.95
C567902,15555,2011-09-22,22296,1.65
C567902,15555,2011-09-22,22995,0.42
C567902,15555,2011-09-22,22382,1.65
C567919,17037,2011-09-22,22974,1.65
C567919,17037,2011-09-22,23169,12.45
C567945,17340,2011-09-23,82483,11.9
C567946,12909,2011-09-23,37448,1.49
C567946,12909,2011-09-23,21844,5.9
C567947,17663,2011-09-23,23100,1.25
C567947,17663,2011-09-23,21201,2.55
C567947,17663,2011-09-23,23234,2.89
C567948,14769,2011-09-23,23406,12.5
C567949,13435,2011-09-23,23169,11.25
C567952,18226,2011-09-23,23404,19.8
C567953,18198,2011-09-23,22178,237.6
C567955,17428,2011-09-23,23173,57.05
C567955,17428,2011-09-23,22699,10.2
C567956,12895,2011-09-23,85034A,8.5
C567961,13430,2011-09-23,22652,3.3
C567961,13430,2011-09-23,22557,3.3
C567961,13430,2011-09-23,23240,8.3
C567963,14141,2011-09-23,23263,15.0
C567963,14141,2011-09-23,23243,4.95
C567963,14141,2011-09-23,21218,3.75
C567963,14141,2011-09-23,20707,1.25
C567964,12995,2011-09-23,22306,3.18
C567964,12995,2011-09-23,22307,7.42
C567965,14911,2011-09-23,23169,4.15
C567978,14546,2011-09-23,22178,1.95
C567978,14546,2011-09-23,71477,3.95
C567978,14546,2011-09-23,21452,2.95
C567978,14546,2011-09-23,22270,7.5
C567997,13097,2011-09-23,23181,8.25
C567997,13097,2011-09-23,71279,2.95
C568055,17929,2011-09-23,22634,8.5
C568157,14367,2011-09-25,23169,8.3
C568157,14367,2011-09-25,22383,1.65
C568184,15429,2011-09-25,84247E,32.45
C568232,14808,2011-09-26,22634,19.9
C568232,14808,2011-09-26,22492,0.65
C568232,14808,2011-09-26,23007,50.85
C568232,14808,2011-09-26,20719,5.1
C568232,14808,2011-09-26,20723,5.95
C568244,12583,2011-09-26,23169,4.15
C568244,12583,2011-09-26,22197,11.05
C568347,17997,2011-09-26,84660A,0.79
C568348,17997,2011-09-26,82582,18.9
C568377,14911,2011-09-27,23292,2.5
C568377,14911,2011-09-27,20724,0.85
C568385,15398,2011-09-27,22666,5.9
C568386,12720,2011-09-27,22667,8.85
C568386,12720,2011-09-27,21936,5.9
C568388,14808,2011-09-27,22492,22.75
C568395,17480,2011-09-27,22306,1.06
C568395,17480,2011-09-27,22960,4.25
C568412,14456,2011-09-27,11001,1.69
C568412,14456,2011-09-27,23148,0.83
C568416,14866,2011-09-27,23168,6.24
C568416,14866,2011-09-27,22193,7.65
C568418,15763,2011-09-27,22282,12.75
C568419,13694,2011-09-27,51014C,37.44
C568420,16573,2011-09-27,22720,4.95
C568421,16626,2011-09-27,23031,1.65
C568421,16626,2011-09-27,23032,11.55
C568445,16156,2011-09-27,22890,9.95
C568445,16156,2011-09-27,23377,3.12
C568445,16156,2011-09-27,23108,6.25
C568532,14356,2011-09-27,23172,1.65
C568557,12681,2011-09-27,22301,10.2
C568557,12681,2011-09-27,20682,3.25
C568559,14397,2011-09-27,20956,2.5
C568560,14299,2011-09-27,23113,4.95
C568562,17002,2011-09-27,22654,5.95
C568570,15358,2011-09-28,22558,3.3
C568571,17581,2011-09-28,84625C,3.4
C568571,17581,2011-09-28,84625A,14.45
C568572,15194,2011-09-28,23275,1.25
C568572,15194,2011-09-28,22156,6.8
C568572,15194,2011-09-28,22154,1.26
C568573,13115,2011-09-28,20725,1.65
C568575,13134,2011-09-28,85034A,8.5
C568575,13134,2011-09-28,85035A,4.25
C568575,13134,2011-09-28,72803A,4.25
C568579,14934,2011-09-28,21314,2.1
C568580,12566,2011-09-28,22628,4.95
C568581,15804,2011-09-28,22778,3.95
C568582,13014,2011-09-28,21232,3.75
C568582,13014,2011-09-28,37450,2.95
C568584,15706,2011-09-28,23071,12.5
C568587,18225,2011-09-28,85053,4.2
C568587,18225,2011-09-28,21535,7.65
C568596,16493,2011-09-28,21208,2.34
C568596,16493,2011-09-28,21209,1.17
C568596,16493,2011-09-28,21194,1.3
C568597,13089,2011-09-28,22798,20.65
C568598,15737,2011-09-28,23393,3.75
C568598,15737,2011-09-28,23431,1.66
C568598,15737,2011-09-28,84032B,5.9
C568600,18223,2011-09-28,21931,2.08
C568601,15696,2011-09-28,23404,4.95
C568649,16626,2011-09-28,23031,6.6
C568649,16626,2011-09-28,23032,11.55
C568677,12619,2011-09-28,23290,2.5
C568689,17841,2011-09-28,23031,8.25
C568714,16332,2011-09-28,22775,10.0
C568748,16389,2011-09-28,84949,19.8
C568830,13725,2011-09-29,20726,1.65
C568830,13725,2011-09-29,20725,1.65
C568830,13725,2011-09-29,21212,2.75
C568830,13725,2011-09-29,22382,13.2
C568830,13725,2011-09-29,22384,11.55
C568830,13725,2011-09-29,22730,3.75
C568830,13725,2011-09-29,23287,36.55
C568830,13725,2011-09-29,23286,34.0
C568830,13725,2011-09-29,20728,14.85
C568879,14680,2011-09-29,23256,255.0
C568879,14680,2011-09-29,22771,17.5
C568879,14680,2011-09-29,22772,2.5
C568879,14680,2011-09-29,22774,17.5
C568879,14680,2011-09-29,21936,56.05
C568879,14680,2011-09-29,22354,3.39
C568879,14680,2011-09-29,21668,8.7
C568879,14680,2011-09-29,47566B,136.95
C568879,14680,2011-09-29,21479,82.5
C568879,14680,2011-09-29,47566,12.45
C568879,14680,2011-09-29,22112,34.65
C568879,14680,2011-09-29,84032A,11.8
C568879,14680,2011-09-29,22775,25.0
C568879,14680,2011-09-29,20728,18.85
C568879,14680,2011-09-29,20725,72.5
C568879,14680,2011-09-29,23204,36.0
C568879,14680,2011-09-29,23208,76.85
C568879,14680,2011-09-29,23207,118.9
C568879,14680,2011-09-29,84992,30.24
C568879,14680,2011-09-29,84032B,11.8
C568879,14680,2011-09-29,21975,9.66
C568879,14680,2011-09-29,22355,2.88
C568879,14680,2011-09-29,20719,14.4
C568879,14680,2011-09-29,22356,9.36
C568879,14680,2011-09-29,23205,50.4
C568879,14680,2011-09-29,21212,30.24
C568884,14680,2011-09-29,23199,89.5
C568899,12619,2011-09-29,23292,1.25
C569034,16240,2011-09-30,22489,0.42
C569034,16240,2011-09-30,23110,5.75
C569038,12940,2011-09-30,23345,1.25
C569038,12940,2011-09-30,23174,8.3
C569038,12940,2011-09-30,22423,12.75
C569109,16523,2011-09-30,23032,4.95
C569112,17405,2011-09-30,85160B,0.78
C569112,17405,2011-09-30,22357,8.5
C569112,17405,2011-09-30,22362,8.85
C569112,17405,2011-09-30,20914,2.95
C569112,17405,2011-09-30,22720,4.95
C569112,17405,2011-09-30,23425,4.98
C569112,17405,2011-09-30,22364,2.95
C569114,14911,2011-09-30,23171,4.95
C569114,14911,2011-09-30,23172,3.3
C569114,14911,2011-09-30,23170,1.65
C569114,14911,2011-09-30,22698,2.95
C569114,14911,2011-09-30,22607,9.95
C569114,14911,2011-09-30,22699,5.9
C569114,14911,2011-09-30,22601,1.7
C569114,14911,2011-09-30,22494,8.75
C569114,14911,2011-09-30,22197,0.85
C569113,13426,2011-09-30,23045,83.0
C569117,17506,2011-09-30,23409,3.75
C569117,17506,2011-09-30,23408,4.16
C569119,14194,2011-09-30,22892,1.25
C569119,14194,2011-09-30,21915,1.25
C569119,14194,2011-09-30,84978,1.25
C569128,15034,2011-09-30,21733,2.95
C569128,15034,2011-09-30,22729,3.75
C569128,15034,2011-09-30,22727,3.75
C569128,15034,2011-09-30,22726,7.5
C569138,14911,2011-09-30,23118,7.5
C569251,12957,2011-10-03,85066,12.75
C569318,13505,2011-10-03,22628,4.95
C569318,13505,2011-10-03,22328,8.85
C569318,13505,2011-10-03,22326,2.95
C569370,12484,2011-10-03,22221,9.95
C569395,14188,2011-10-03,22945,5.1
C569421,15339,2011-10-04,22592,3.75
C569421,15339,2011-10-04,22423,12.75
C569485,12705,2011-10-04,23236,2.89
C569485,12705,2011-10-04,23241,4.16
C569526,15044,2011-10-04,22796,9.95
C569547,14834,2011-10-04,23112,7.5
C569548,18053,2011-10-04,85123A,2.95
C569553,16362,2011-10-04,23131,4.15
C569553,16362,2011-10-04,84947,3.75
C569554,16401,2011-10-04,22197,2.55
C569554,16401,2011-10-04,20727,3.3
C569636,12841,2011-10-05,22910,17.7
C569636,12841,2011-10-05,23307,12.1
C569636,12841,2011-10-05,22993,2.5
C569636,12841,2011-10-05,23298,4.95
C569636,12841,2011-10-05,23004,0.84
C569636,12841,2011-10-05,47566,54.45
C569636,12841,2011-10-05,22964,2.1
C569636,12841,2011-10-05,23002,2.1
C569636,12841,2011-10-05,22994,0.42
C569636,12841,2011-10-05,22997,0.84
C569636,12841,2011-10-05,22998,0.84
C569636,12841,2011-10-05,23295,0.83
C569655,14534,2011-10-05,22963,10.2
C569655,14534,2011-10-05,22992,5.85
C569655,14534,2011-10-05,22991,3.9
C569655,14534,2011-10-05,22382,11.55
C569655,14534,2011-10-05,22962,10.2
C569655,14534,2011-10-05,22993,3.75
C569655,14534,2011-10-05,23302,1.65
C569655,14534,2011-10-05,23188,1.65
C569655,14534,2011-10-05,22911,8.85
C569655,14534,2011-10-05,23309,0.55
C569655,14534,2011-10-05,22477,1.25
C569655,14534,2011-10-05,84380,1.45
C569655,14534,2011-10-05,20728,1.65
C569655,14534,2011-10-05,22971,10.2
C569663,17841,2011-10-05,21670,1.45
C569682,15351,2011-10-05,23397,9.95
C569682,15351,2011-10-05,11001,3.38
C569851,17511,2011-10-06,21537,3.75
C569851,17511,2011-10-06,22197,0.72
C569851,17511,2011-10-06,22384,1.45
C569851,17511,2011-10-06,20725,1.45
C569851,17511,2011-10-06,23209,1.45
C569851,17511,2011-10-06,22605,12.75
C569891,13924,2011-10-06,22294,10.0
C569891,13924,2011-10-06,21722,0.85
C569891,13924,2011-10-06,22588,2.89
C569891,13924,2011-10-06,22720,9.9
C569891,13924,2011-10-06,23165,3.3
C569891,13924,2011-10-06,23263,1.25
C569891,13924,2011-10-06,84609,17.0
C569902,13647,2011-10-06,23092,7.9
C569908,16782,2011-10-06,23322,5.9
C569909,17611,2011-10-06,22891,4.25
C569909,17611,2011-10-06,22169,8.5
C569911,16653,2011-10-06,84946,1.25
C569911,16653,2011-10-06,21534,4.95
C569911,16653,2011-10-06,22699,2.95
C569911,16653,2011-10-06,23245,9.9
C569911,16653,2011-10-06,23236,2.89
C569911,16653,2011-10-06,23079,8.95
C569913,14217,2011-10-06,22784,4.95
C569916,13777,2011-10-06,22646,10.0
C569922,16842,2011-10-06,22728,3.75
C569938,14211,2011-10-06,22726,3.75
C569939,14883,2011-10-06,22784,4.95
C569940,15611,2011-10-06,23084,7.16
C569944,17405,2011-10-06,22357,8.5
C569944,17405,2011-10-06,22362,8.85
C569944,17405,2011-10-06,22364,2.95
C569944,17405,2011-10-06,22720,4.95
C569944,17405,2011-10-06,23425,4.98
C569945,14141,2011-10-06,22720,9.9
C569945,14141,2011-10-06,21875,1.25
C569949,12584,2011-10-06,23243,9.9
C569949,12584,2011-10-06,22960,4.25
C569949,12584,2011-10-06,22845,6.35
C569949,12584,2011-10-06,22804,5.9
C569949,12584,2011-10-06,22720,4.95
C569950,13499,2011-10-06,22470,2.95
C569951,16394,2011-10-06,23000,0.84
C569951,16394,2011-10-06,23002,7.56
C569952,16160,2011-10-06,23203,4.16
C569953,15841,2011-10-06,21925,2.5
C569953,15841,2011-10-06,21926,2.5
C569954,14792,2011-10-06,47594A,1.95
C569954,14792,2011-10-06,22371,4.25
C569955,17644,2011-10-06,23322,5.9
C569956,14944,2011-10-06,82482,17.7
C569957,15745,2011-10-06,22666,8.85
C569959,13983,2011-10-06,22197,2.55
C569959,13983,2011-10-06,23328,3.75
C569959,13983,2011-10-06,23224,1.66
C569959,13983,2011-10-06,23123,2.49
C569959,13983,2011-10-06,23327,2.52
C569960,18172,2011-10-06,23203,2.08
C569960,18172,2011-10-06,22729,3.75
C569961,13704,2011-10-06,22960,12.75
C569963,13131,2011-10-06,22636,25.5
C569963,13131,2011-10-06,22634,8.5
C569964,16523,2011-10-06,23032,1.65
C569966,13279,2011-10-06,22698,2.95
C569966,13279,2011-10-06,22891,8.5
C569967,17490,2011-10-06,23250,7.28
C569967,17490,2011-10-06,22429,4.25
C569967,17490,2011-10-06,23249,11.6
C569969,17159,2011-10-06,23240,4.15
C569970,13055,2011-10-06,23240,8.3
C569970,13055,2011-10-06,23239,4.15
C569971,16875,2011-10-06,23247,8.67
C569971,16875,2011-10-06,23301,3.3
C569971,16875,2011-10-06,23000,0.84
C569973,12703,2011-10-06,22328,8.85
C569974,14092,2011-10-06,23241,4.16
C569975,14333,2011-10-06,23118,7.5
C569975,14333,2011-10-06,23071,37.5
C569975,14333,2011-10-06,23056,6.25
C569976,16747,2011-10-06,84949,4.95
C569976,16747,2011-10-06,22963,0.85
C569978,13988,2011-10-06,22867,25.2
C569980,13767,2011-10-06,23089,5.85
C569980,13767,2011-10-06,23342,8.5
C569981,12679,2011-10-06,22312,5.9
C569981,12679,2011-10-06,22314,5.9
C569989,16839,2011-10-06,22720,106.25
C569989,16839,2011-10-06,22666,58.65
C569989,16839,2011-10-06,22631,13.65
C569989,16839,2011-10-06,23306,8.7
C569989,16839,2011-10-06,22384,101.5
C569989,16839,2011-10-06,20725,13.2
C569989,16839,2011-10-06,23321,18.15
C569989,16839,2011-10-06,22629,69.3
C569989,16839,2011-10-06,47566,120.35
C569989,16839,2011-10-06,85099B,103.82
C569989,16839,2011-10-06,21481,66.3
C569989,16839,2011-10-06,23203,41.6
C569989,16839,2011-10-06,23343,14.56
C569989,16839,2011-10-06,22960,37.5
C569989,16839,2011-10-06,23243,74.7
C569989,16839,2011-10-06,23245,19.8
C569989,16839,2011-10-06,23293,4.98
C569989,16839,2011-10-06,22111,72.25
C569989,16839,2011-10-06,23298,19.8
C569991,14501,2011-10-06,21673,34.8
C569991,14501,2011-10-06,21672,26.1
C569994,15606,2011-10-06,22728,60.0
C569994,15606,2011-10-06,22727,75.0
C569994,15606,2011-10-06,22725,45.0
C569994,15606,2011-10-06,22730,41.25
C569994,15606,2011-10-06,22729,18.75
C569994,15606,2011-10-06,23321,18.15
C569994,15606,2011-10-06,23322,8.85
C569994,15606,2011-10-06,22960,37.5
C569994,15606,2011-10-06,22666,28.05
C569994,15606,2011-10-06,84031A,39.0
C569994,15606,2011-10-06,84031B,40.95
C569994,15606,2011-10-06,21479,61.02
C569994,15606,2011-10-06,22964,4.2
C569996,15322,2011-10-06,79066K,0.85
C569996,15322,2011-10-06,23221,8.3
C570004,13198,2011-10-07,22371,4.25
C570004,13198,2011-10-07,47594A,1.95
C570005,14462,2011-10-07,22722,3.95
C570006,14217,2011-10-07,22784,4.95
C570012,15344,2011-10-07,23403,3.75
C570012,15344,2011-10-07,22166,15.9
C570012,15344,2011-10-07,23431,1.66
C570012,15344,2011-10-07,23401,6.25
C570066,16523,2011-10-07,23032,3.3
C570099,13798,2011-10-07,20711,3.3
C570099,13798,2011-10-07,21231,3.18
C570099,13798,2011-10-07,21928,1.65
C570099,13798,2011-10-07,37446,5.0
C570099,13798,2011-10-07,85099C,1.65
C570099,13798,2011-10-07,21231,6.36
C570099,13798,2011-10-07,37450,5.1
C570099,13798,2011-10-07,20914,2.55
C570099,13798,2011-10-07,37449,8.5
C570099,13798,2011-10-07,21232,6.36
C570099,13798,2011-10-07,20724,3.6
C570099,13798,2011-10-07,85099B,6.6
C570099,13798,2011-10-07,85099F,3.3
C570099,13798,2011-10-07,82583,1.85
C570099,13798,2011-10-07,35924,20.28
C570099,13798,2011-10-07,22064,1.45
C570099,13798,2011-10-07,82583,7.4
C570099,13798,2011-10-07,20727,4.95
C570099,13798,2011-10-07,20723,0.72
C570099,13798,2011-10-07,21936,8.25
C570099,13798,2011-10-07,21932,3.3
C570099,13798,2011-10-07,22377,1.65
C570099,13798,2011-10-07,85099B,1.65
C570122,15874,2011-10-07,21422,1.7
C570122,15874,2011-10-07,82486,15.9
C570122,15874,2011-10-07,82483,9.9
C570122,15874,2011-10-07,22066,1.56
C570122,15874,2011-10-07,21232,3.75
C570122,15874,2011-10-07,22361,2.95
C570122,15874,2011-10-07,21231,1.25
C570122,15874,2011-10-07,21313,0.85
C570122,15874,2011-10-07,84946,1.25
C570122,15874,2011-10-07,84950,0.65
C570122,15874,2011-10-07,82482,5.9
C570122,15874,2011-10-07,82494L,2.95
C570194,16918,2011-10-07,23348,2.08
C570199,13090,2011-10-07,84949,6.6
C570199,13090,2011-10-07,22393,7.65
C570203,15311,2011-10-07,22411,7.16
C570203,15311,2011-10-07,20713,3.58
C570203,15311,2011-10-07,21929,1.79
C570203,15311,2011-10-07,85099B,1.79
C570203,15311,2011-10-07,85099C,3.58
C570203,15311,2011-10-07,21530,0.79
C570203,15311,2011-10-07,40001,1.92
C570203,15311,2011-10-07,22778,3.39
C570203,15311,2011-10-07,71477,6.58
C570203,15311,2011-10-07,22386,3.58
C570221,13113,2011-10-09,22694,18.9
C570221,13113,2011-10-09,47566,74.8
C570221,13113,2011-10-09,23298,183.26
C570221,13113,2011-10-09,21936,32.45
C570221,13113,2011-10-09,22355,7.65
C570221,13113,2011-10-09,22384,11.55
C570221,13113,2011-10-09,21977,2.2
C570221,13113,2011-10-09,21212,4.4
C570221,13113,2011-10-09,21976,2.75
C570221,13113,2011-10-09,22960,4.25
C570221,13113,2011-10-09,85099F,6.24
C570221,13113,2011-10-09,85099B,8.32
C570221,13113,2011-10-09,20725,1.65
C570221,13113,2011-10-09,22356,11.05
C570221,13113,2011-10-09,20723,15.3
C570221,13113,2011-10-09,23207,14.85
C570221,13113,2011-10-09,22059,1.49
C570221,13113,2011-10-09,22383,6.6
C570221,13113,2011-10-09,37448,4.47
C570221,13113,2011-10-09,15058A,7.95
C570221,13113,2011-10-09,22470,84.15
C570221,13113,2011-10-09,20724,4.25
C570221,13113,2011-10-09,22063,5.9
C570274,13113,2011-10-10,22469,47.85
C570274,13113,2011-10-10,22423,65.7
C570283,12708,2011-10-10,23355,4.95
C570283,12708,2011-10-10,85053,2.1
C570283,12708,2011-10-10,22962,2.55
C570331,14606,2011-10-10,51014C,0.39
C570450,13224,2011-10-10,75049L,5.1
C570460,17527,2011-10-10,23397,9.95
C570471,13408,2011-10-10,23169,11.25
C570476,17509,2011-10-10,23503,1.25
C570478,14644,2011-10-10,23175,6.5
C570477,14719,2011-10-10,22767,9.95
C570478,14644,2011-10-10,22423,32.85
C570480,17552,2011-10-10,22382,16.5
C570483,13078,2011-10-10,22728,7.5
C570484,14911,2011-10-10,22576,5.1
C570490,14356,2011-10-10,21671,1.45
C570490,14356,2011-10-10,22367,3.9
C570490,14356,2011-10-10,22776,9.95
C570515,12719,2011-10-11,72741,1.45
C570573,14997,2011-10-11,21306,5.22
C570655,15208,2011-10-11,20979,2.5
C570658,16120,2011-10-11,82616C,3.75
C570658,16120,2011-10-11,82616B,11.25
C570683,16161,2011-10-11,85174,4.95
C570683,16161,2011-10-11,85039C,1.65
C570683,16161,2011-10-11,23203,4.16
C570683,16161,2011-10-11,85014B,5.95
C570683,16161,2011-10-11,20725,1.65
C570683,16161,2011-10-11,22411,2.08
C570683,16161,2011-10-11,21718,1.25
C570684,14535,2011-10-11,23243,19.8
C570684,14535,2011-10-11,23273,1.65
C570684,14535,2011-10-11,23274,1.65
C570686,13418,2011-10-11,22962,1.7
C570687,14959,2011-10-11,84947,2.5
C570687,14959,2011-10-11,85048,7.95
C570692,13359,2011-10-11,23169,8.3
C570727,12471,2011-10-12,23198,1.45
C570828,14911,2011-10-12,90192,9.9
C570828,14911,2011-10-12,90108,10.5
C570828,14911,2011-10-12,90018C,4.25
C570828,14911,2011-10-12,90018A,4.25
C570835,12457,2011-10-12,23236,14.45
C570845,17017,2011-10-12,23328,3.39
C570845,17017,2011-10-12,23327,2.2
C570845,17017,2011-10-12,23024,4.98
C570845,17017,2011-10-12,23123,2.49
C570845,17017,2011-10-12,22197,2.16
C570889,13954,2011-10-13,22960,4.25
C570889,13954,2011-10-13,22847,16.95
C570889,13954,2011-10-13,23146,6.58
C570902,17724,2011-10-13,22361,2.95
C570902,17724,2011-10-13,21775,3.75
C570902,17724,2011-10-13,71279,2.95
C570902,17724,2011-10-13,22432,3.9
C570958,16873,2011-10-13,23203,4.16
C570958,16873,2011-10-13,22900,6.5
C570958,16873,2011-10-13,85176,0.85
C570962,17509,2011-10-13,23503,1.25
C570963,13816,2011-10-13,85183A,1.25
C570963,13816,2011-10-13,21531,2.55
C570963,13816,2011-10-13,23289,2.5
C570963,13816,2011-10-13,23280,1.66
C570996,14849,2011-10-13,22909,10.2
C571003,15801,2011-10-13,21015,1.16
C571003,15801,2011-10-13,23243,4.95
C571003,15801,2011-10-13,22061,9.95
C571003,15801,2011-10-13,71053,3.75
C571003,15801,2011-10-13,85159B,1.95
C571009,12612,2011-10-13,90201A,11.8
C571009,12612,2011-10-13,90160A,48.65
C571014,17509,2011-10-13,22654,11.9
C571023,15239,2011-10-13,84978,1.25
C571023,15239,2011-10-13,23118,7.5
C571023,15239,2011-10-13,23112,7.5
C571029,13035,2011-10-13,22149,4.2
C571029,13035,2011-10-13,22150,5.85
C571051,14626,2011-10-13,22423,12.75
C571059,17813,2011-10-13,23152,3.75
C571059,17813,2011-10-13,84879,11.83
C571066,12709,2011-10-13,22405,1.06
C571066,12709,2011-10-13,21238,0.85
C571066,12709,2011-10-13,21658,7.9
C571066,12709,2011-10-13,22960,3.75
C571264,17769,2011-10-16,22605,14.95
C571285,16533,2011-10-16,22915,15.12
C571285,16533,2011-10-16,22923,25.5
C571285,16533,2011-10-16,22924,25.5
C571316,15091,2011-10-17,23483,3.75
C571319,17164,2011-10-17,23145,0.95
C571320,13089,2011-10-17,22364,11.8
C571321,17096,2011-10-17,17129F,1.7
C571329,17706,2011-10-17,23413,49.8
C571329,17706,2011-10-17,22892,1.0
C571336,16652,2011-10-17,22070,3.75
C571346,16101,2011-10-17,23296,7.5
C571346,16101,2011-10-17,23295,4.98
C571346,16101,2011-10-17,23294,1.66
C571346,16101,2011-10-17,22969,1.45
C571473,12679,2011-10-17,21232,3.18
C571507,13919,2011-10-17,23511,10.4
C571507,13919,2011-10-17,22961,2.9
C571507,13919,2011-10-17,21731,4.95
C571507,13919,2011-10-17,22666,5.9
C571635,16393,2011-10-18,22659,1.95
C571635,16393,2011-10-18,22629,1.95
C571637,14688,2011-10-18,22381,1.85
C571637,14688,2011-10-18,23348,4.16
C571637,14688,2011-10-18,22379,72.15
C571678,12679,2011-10-18,21232,1.06
C571680,12679,2011-10-18,21232,1.06
C571699,15106,2011-10-18,85048,7.95
C571707,14056,2011-10-18,23197,1.45
C571707,14056,2011-10-18,23196,2.9
C571707,14056,2011-10-18,23198,1.45
C571707,14056,2011-10-18,22899,6.3
C571707,14056,2011-10-18,23250,1.25
C571707,14056,2011-10-18,10135,1.25
C571707,14056,2011-10-18,23193,4.5
C571707,14056,2011-10-18,22173,3.29
C571814,14477,2011-10-19,23200,1.79
C571838,17841,2011-10-19,23322,14.75
C571854,15826,2011-10-19,22784,4.95
C571855,17462,2011-10-19,22429,12.75
C571856,17063,2011-10-19,85123A,2.95
C571858,14257,2011-10-19,23149,12.45
C571859,15159,2011-10-19,85159B,1.95
C571859,15159,2011-10-19,85159A,1.95
C571860,14175,2011-10-19,22942,8.5
C571860,14175,2011-10-19,23164,4.95
C571860,14175,2011-10-19,23423,3.75
C571860,14175,2011-10-19,22625,8.5
C571860,14175,2011-10-19,21166,6.24
C571860,14175,2011-10-19,82583,2.1
C571860,14175,2011-10-19,21181,2.1
C571861,16670,2011-10-19,71477,3.95
C571862,13422,2011-10-19,23355,24.75
C571893,13314,2011-10-19,22666,5.9
C571897,16157,2011-10-19,23169,12.45
C571902,14488,2011-10-19,22941,8.5
C571902,14488,2011-10-19,22812,5.85
C571902,14488,2011-10-19,21889,2.5
C571925,13115,2011-10-19,23494,29.75
C571925,13115,2011-10-19,85185B,2.95
C571925,13115,2011-10-19,22139,4.95
C571927,13109,2011-10-19,21452,2.95
C571928,12720,2011-10-19,23494,29.75
C572022,16474,2011-10-20,22456,9.9
C572027,15754,2011-10-20,22147,2.9
C572059,17346,2011-10-20,21682,14.85
C572059,17346,2011-10-20,21344,29.85
C572102,13519,2011-10-20,22622,11.95
C572109,13350,2011-10-20,22171,8.5
C572109,13350,2011-10-20,23397,9.95
C572110,14910,2011-10-20,23295,1.66
C572111,13136,2011-10-20,22138,4.95
C572111,13136,2011-10-20,22186,5.85
C572111,13136,2011-10-20,23437,2.5
C572112,14113,2011-10-20,84406B,3.75
C572111,13136,2011-10-20,82483,6.95
C572113,15179,2011-10-20,84029E,4.25
C572114,17169,2011-10-20,23483,1.25
C572114,17169,2011-10-20,23332,3.3
C572114,17169,2011-10-20,23323,2.1
C572115,16394,2011-10-20,22997,9.24
C572115,16394,2011-10-20,22996,8.4
C572116,15620,2011-10-20,22460,1.25
C572116,15620,2011-10-20,71477,6.58
C572117,17603,2011-10-20,23395,3.75
C572118,18228,2011-10-20,23395,3.75
C572118,18228,2011-10-20,85048,6.95
C572119,15598,2011-10-20,84946,2.5
C572120,14911,2011-10-20,22412,4.2
C572120,14911,2011-10-20,21166,14.56
C572120,14911,2011-10-20,21907,2.1
C572120,14911,2011-10-20,21169,1.69
C572120,14911,2011-10-20,21175,2.55
C572120,14911,2011-10-20,22169,8.5
C572120,14911,2011-10-20,21430,3.75
C572120,14911,2011-10-20,22138,4.95
C572120,14911,2011-10-20,21181,12.6
C572226,15321,2011-10-21,23239,12.45
C572226,15321,2011-10-21,23237,8.3
C572226,15321,2011-10-21,85066,12.75
C572226,15321,2011-10-21,22847,33.9
C572226,15321,2011-10-21,23273,1.65
C572226,15321,2011-10-21,23274,1.65
C572226,15321,2011-10-21,23254,4.15
C572226,15321,2011-10-21,23256,8.3
C572226,15321,2011-10-21,22151,0.42
C572226,15321,2011-10-21,22152,1.26
C572228,15728,2011-10-21,22111,34.5
C572228,15728,2011-10-21,22112,72.25
C572228,15728,2011-10-21,22835,9.3
C572228,15728,2011-10-21,22113,18.75
C572275,12572,2011-10-23,22423,12.75
C572275,12572,2011-10-23,71279,2.95
C572410,16742,2011-10-24,23174,7.5
C572410,16742,2011-10-24,22699,428.4
C572410,16742,2011-10-24,23170,29.0
C572440,17811,2011-10-24,21238,1.7
C572440,17811,2011-10-24,21239,0.85
C572440,17811,2011-10-24,22961,14.5
C572449,14428,2011-10-24,20795,2.1
C572449,14428,2011-10-24,23398,0.85
C572449,14428,2011-10-24,23393,7.5
C572463,17652,2011-10-24,22427,11.9
C572463,17652,2011-10-24,85066,38.25
C572469,13534,2011-10-24,47567B,5.95
C572469,13534,2011-10-24,23199,2.08
C572469,13534,2011-10-24,22386,8.32
C572469,13534,2011-10-24,85099B,2.08
C572469,13534,2011-10-24,23200,2.08
C572471,17090,2011-10-24,22303,2.1
C572473,18188,2011-10-24,84347,2.55
C572478,13098,2011-10-24,84879,1.69
C572478,13098,2011-10-24,23012,3.95
C572479,12463,2011-10-24,37449,9.95
C572482,17314,2011-10-24,22154,1.26
C572482,17314,2011-10-24,22646,1.45
C572481,15632,2011-10-24,22557,6.6
C572481,15632,2011-10-24,22591,6.5
C572481,15632,2011-10-24,22730,3.75
C572481,15632,2011-10-24,84687,5.95
C572485,14952,2011-10-24,23016,19.95
C572485,14952,2011-10-24,23020,11.15
C572486,14156,2011-10-24,22197,27.2
C572488,12474,2011-10-24,22972,1.65
C572489,17119,2011-10-24,22465,8.25
C572489,17119,2011-10-24,23323,2.1
C572489,17119,2011-10-24,22470,2.95
C572491,13047,2011-10-24,23487,9.95
C572491,13047,2011-10-24,23245,4.95
C572491,13047,2011-10-24,23198,4.35
C572491,13047,2011-10-24,23031,1.65
C572492,12940,2011-10-24,22770,14.95
C572530,15782,2011-10-24,23485,20.8
C572531,13269,2011-10-24,23122,1.66
C572532,12380,2011-10-24,22960,4.25
C572538,14121,2011-10-24,22456,14.85
C572546,17481,2011-10-24,23108,6.25
C572554,17317,2011-10-24,21068,38.16
C572556,17317,2011-10-24,21098,38.16
C572722,16869,2011-10-25,23243,19.8
C572747,17423,2011-10-25,22731,17.5
C572750,14395,2011-10-25,21623,9.95
C572761,12584,2011-10-26,22666,2.95
C572761,12584,2011-10-26,22844,8.5
C572761,12584,2011-10-26,22845,6.35
C572761,12584,2011-10-26,22960,12.75
C572831,14895,2011-10-26,22571,10.2
C572855,15215,2011-10-26,23245,9.9
C572855,15215,2011-10-26,23397,9.95
C572855,15215,2011-10-26,23085,31.2
C572855,15215,2011-10-26,85048,23.85
C572855,15215,2011-10-26,23175,3.25
C572864,12856,2011-10-26,85066,12.75
C572916,16325,2011-10-26,22360,30.6
C572927,14233,2011-10-27,35970,15.21
C572968,14764,2011-10-27,21314,27.75
C572989,15786,2011-10-27,23458,14.95
C572989,15786,2011-10-27,23459,12.5
C572989,15786,2011-10-27,23274,1.65
C572989,15786,2011-10-27,22603,1.7
C572991,17672,2011-10-27,22423,12.75
C572991,17672,2011-10-27,22950,1.45
C572991,17672,2011-10-27,23166,1.25
C572995,13890,2011-10-27,23404,4.95
C573010,13735,2011-10-27,20979,13.75
C573010,13735,2011-10-27,21216,4.95
C573021,14911,2011-10-27,21843,76.65
C573021,14911,2011-10-27,22891,8.5
C573021,14911,2011-10-27,72807B,12.75
C573024,14474,2011-10-27,23407,9.95
C573030,15468,2011-10-27,23487,9.95
C573030,15468,2011-10-27,23300,1.65
C573030,15468,2011-10-27,23466,8.25
C573031,13004,2011-10-27,23508,0.84
C573034,14227,2011-10-27,22690,8.25
C573037,12471,2011-10-27,23198,18.85
C573037,12471,2011-10-27,22423,120.45
C573037,12471,2011-10-27,23238,8.3
C573037,12471,2011-10-27,23294,0.83
C573037,12471,2011-10-27,21232,2.5
C573037,12471,2011-10-27,23197,8.7
C573037,12471,2011-10-27,23368,1.95
C573037,12471,2011-10-27,23245,14.85
C573086,13991,2011-10-27,22649,4.95
C573086,13991,2011-10-27,22065,0.39
C573092,13791,2011-10-27,20728,162.4
C573092,13791,2011-10-27,23207,95.7
C573092,13791,2011-10-27,20727,55.1
C573092,13791,2011-10-27,20724,28.8
C573092,13791,2011-10-27,21928,71.6
C573092,13791,2011-10-27,22356,54.72
C573097,15038,2011-10-27,23251,22.5
C573098,15088,2011-10-27,85048,7.95
C573098,15088,2011-10-27,23092,7.9
C573098,15088,2011-10-27,23013,3.95
C573099,12921,2011-10-27,22654,11.9
C573147,15125,2011-10-27,23526,71.4
C573148,15469,2011-10-27,23462,19.95
C573187,12709,2011-10-28,22627,8.5
C573219,14415,2011-10-28,21931,2.08
C573219,14415,2011-10-28,22244,3.9
C573219,14415,2011-10-28,22470,2.95
C573219,14415,2011-10-28,21672,1.45
C573228,16764,2011-10-28,22367,1.95
C573228,16764,2011-10-28,23148,0.83
C573260,15287,2011-10-28,22650,1.45
C573283,18030,2011-10-28,22776,9.95
C573306,17837,2011-10-28,82483,6.95
C573321,14546,2011-10-30,48138,8.25
C573321,14546,2011-10-30,22178,1.95
C573321,14546,2011-10-30,23014,3.95
C573321,14546,2011-10-30,85040A,1.65
C573321,14546,2011-10-30,22553,1.65
C573502,14808,2011-10-31,22064,3.3
C573502,14808,2011-10-31,23389,8.3
C573502,14808,2011-10-31,23390,4.15
C573502,14808,2011-10-31,22550,26.25
C573502,14808,2011-10-31,23229,7.5
C573750,16150,2011-11-01,22109,7.5
C573750,16150,2011-11-01,85159B,3.9
C573750,16150,2011-11-01,23393,3.75
C573753,14329,2011-11-01,22197,0.85
C573755,13028,2011-11-01,85183A,1.25
C573755,13028,2011-11-01,35923,0.39
C573756,17865,2011-11-01,22072,3.75
C573756,17865,2011-11-01,21232,11.25
C573756,17865,2011-11-01,21232,7.5
C573756,17865,2011-11-01,22423,32.85
C573759,17193,2011-11-01,23293,6.64
C573759,17193,2011-11-01,22556,9.9
C573760,16648,2011-11-01,22553,16.5
C573760,16648,2011-11-01,22556,3.3
C573761,15489,2011-11-01,22363,8.85
C573761,15489,2011-11-01,22360,8.85
C573761,15489,2011-11-01,22361,8.85
C573761,15489,2011-11-01,22364,8.85
C573761,15489,2011-11-01,22362,8.85
C573764,13032,2011-11-01,23348,4.16
C573764,13032,2011-11-01,23301,3.3
C573764,13032,2011-11-01,23206,3.3
C573764,13032,2011-11-01,22646,2.9
C573765,18226,2011-11-01,23494,11.9
C573766,14189,2011-11-01,22924,0.85
C573771,16164,2011-11-01,23462,19.95
C573779,16360,2011-11-01,22409,1.25
C573779,16360,2011-11-01,23165,1.65
C573779,16360,2011-11-01,22621,1.65
C573779,16360,2011-11-01,23010,16.95
C573779,16360,2011-11-01,22928,5.95
C573864,15311,2011-11-01,23169,3.75
C573864,15311,2011-11-01,23168,2.08
C573864,15311,2011-11-01,22467,4.2
C573864,15311,2011-11-01,22411,1.79
C573864,15311,2011-11-01,22386,1.79
C573925,17109,2011-11-02,22098,2.73
C573925,17109,2011-11-02,22720,4.95
C573929,17811,2011-11-02,22197,0.85
C573929,17811,2011-11-02,21469,3.75
C573929,17811,2011-11-02,22515,4.2
C574010,17841,2011-11-02,21481,3.75
C574026,14606,2011-11-02,51014C,0.39
C574027,13394,2011-11-02,22662,13.2
C574027,13394,2011-11-02,84380,34.8
C574028,14493,2011-11-02,21705,1.65
C574030,13870,2011-11-02,23236,2.89
C574057,14102,2011-11-02,23028,1.65
C574061,12474,2011-11-02,22779,51.0
C574065,13271,2011-11-02,22945,20.4
C574078,14911,2011-11-02,72807C,4.25
C574095,12674,2011-11-03,22726,3.75
C574095,12674,2011-11-03,22614,0.39
C574095,12674,2011-11-03,22326,2.95
C574095,12674,2011-11-03,23237,4.15
C574095,12674,2011-11-03,23254,4.15
C574137,14505,2011-11-03,23075,41.5
C574259,15521,2011-11-03,23084,80.55
C574261,12683,2011-11-03,23236,11.56
C574261,12683,2011-11-03,21208,1.95
C574261,12683,2011-11-03,23169,8.3
C574261,12683,2011-11-03,23325,9.9
C574261,12683,2011-11-03,22352,2.55
C574268,14359,2011-11-03,23110,5.75
C574291,15290,2011-11-03,22633,2.1
C574291,15290,2011-11-03,22262,0.85
C574291,15290,2011-11-03,22138,4.95
C574318,16729,2011-11-03,21264,11.7
C574322,15482,2011-11-03,22423,262.8
C574339,14629,2011-11-04,23243,19.8
C574347,12500,2011-11-04,23395,11.25
C574347,12500,2011-11-04,23427,10.4
C574424,16014,2011-11-04,23322,2.95
C574424,16014,2011-11-04,22144,4.2
C574424,16014,2011-11-04,22141,2.1
C574443,13890,2011-11-04,23404,4.95
C574472,17690,2011-11-04,22791,1.25
C574472,17690,2011-11-04,84949,8.25
C574487,14112,2011-11-04,85099B,2.08
C574488,13050,2011-11-04,23470,6.25
C574492,16656,2011-11-04,22725,3.75
C574493,14842,2011-11-04,23375,0.82
C574493,14842,2011-11-04,23436,3.75
C574493,14842,2011-11-04,23235,2.89
C574493,14842,2011-11-04,23234,5.78
C574493,14842,2011-11-04,23113,4.95
C574493,14842,2011-11-04,23117,4.95
C574493,14842,2011-11-04,23103,4.95
C574493,14842,2011-11-04,23114,9.9
C574494,15468,2011-11-04,85048,7.95
C574496,14156,2011-11-04,22197,3.4
C574499,14412,2011-11-04,23404,4.95
C574500,15598,2011-11-04,84946,2.5
C574499,14412,2011-11-04,21218,3.75
C574503,16191,2011-11-04,22178,1.95
C574503,16191,2011-11-04,23567,1.25
C574504,17434,2011-11-04,21408,8.5
C574505,13534,2011-11-04,85099B,2.08
C574505,13534,2011-11-04,23200,2.08
C574505,13534,2011-11-04,23199,2.08
C574505,13534,2011-11-04,47567B,5.95
C574505,13534,2011-11-04,22386,8.32
C574507,15345,2011-11-04,22699,2.95
C574507,15345,2011-11-04,22697,2.95
C574510,15110,2011-11-04,22114,8.5
C574510,15110,2011-11-04,22360,2.95
C574508,16463,2011-11-04,20977,13.75
C574512,12577,2011-11-04,23085,62.4
C574515,15159,2011-11-04,22187,1.95
C574515,15159,2011-11-04,22186,1.95
C574515,15159,2011-11-04,22698,2.95
C574517,17109,2011-11-04,22098,2.73
C574517,17109,2011-11-04,22720,4.95
C574522,14292,2011-11-04,22197,1.7
C574524,17841,2011-11-04,84929,0.19
C574524,17841,2011-11-04,22947,15.9
C574525,17841,2011-11-04,84659A,2.55
C574526,14567,2011-11-04,22273,5.9
C574527,14156,2011-11-04,22112,96.96
C574548,18044,2011-11-04,22699,2.95
C574558,15187,2011-11-04,22946,76.5
C574584,15482,2011-11-04,22423,262.8
C574658,15426,2011-11-06,22384,1.65
C574658,15426,2011-11-06,20728,1.65
C574658,15426,2011-11-06,22662,1.65
C574658,15426,2011-11-06,22383,1.65
C574658,15426,2011-11-06,22534,0.84
C574658,15426,2011-11-06,22197,2.55
C574658,15426,2011-11-06,21155,2.55
C574712,14502,2011-11-06,22393,2.55
C574748,17107,2011-11-07,22382,145.0
C574753,13924,2011-11-07,23404,9.9
C574753,13924,2011-11-07,23227,3.75
C574753,13924,2011-11-07,22720,9.9
C574825,16678,2011-11-07,22960,4.25
C574828,16232,2011-11-07,21535,7.65
C574850,14702,2011-11-07,23240,41.5
C574872,13993,2011-11-07,23486,29.1
C574886,14606,2011-11-07,23169,3.75
C574894,12597,2011-11-07,23458,14.95
C574894,12597,2011-11-07,22071,11.25
C574894,12597,2011-11-07,23236,2.89
C574900,17014,2011-11-07,23131,20.75
C574912,13324,2011-11-07,23173,16.3
C574922,15502,2011-11-07,23297,6.6
C574922,15502,2011-11-07,23154,24.96
C574922,15502,2011-11-07,23158,24.96
C574922,15502,2011-11-07,23159,24.96
C574922,15502,2011-11-07,21167,10.5
C574922,15502,2011-11-07,23161,15.0
C574922,15502,2011-11-07,22635,569.5
C574922,15502,2011-11-07,22635,68.0
C574922,15502,2011-11-07,22844,17.0
C574922,15502,2011-11-07,22632,12.6
C574922,15502,2011-11-07,22633,12.6
C574922,15502,2011-11-07,22197,54.4
C574946,12656,2011-11-08,22960,8.5
C574954,18223,2011-11-08,23319,2.49
C574954,18223,2011-11-08,22720,14.85
C574954,18223,2011-11-08,23235,2.89
C574955,15066,2011-11-08,23080,8.25
C574955,15066,2011-11-08,22720,9.9
C574955,15066,2011-11-08,22960,8.5
C574955,15066,2011-11-08,23235,14.45
C574955,15066,2011-11-08,23110,11.5
C574955,15066,2011-11-08,22423,12.75
C574955,15066,2011-11-08,22666,2.95
C574955,15066,2011-11-08,23198,4.35
C574957,17924,2011-11-08,23084,10.4
C574999,17289,2011-11-08,23133,8.25
C575035,15005,2011-11-08,20728,1.65
C575035,15005,2011-11-08,22066,0.39
C575035,15005,2011-11-08,37447,1.49
C575035,15005,2011-11-08,22197,0.85
C575042,16764,2011-11-08,35970,1.69
C575042,16764,2011-11-08,22327,2.95
C575052,14232,2011-11-08,20727,1.65
C575055,14329,2011-11-08,23462,39.9
C575058,16013,2011-11-08,79321,4.95
C575058,16013,2011-11-08,22423,10.95
C575064,12472,2011-11-08,20712,4.16
C575064,12472,2011-11-08,23494,5.95
C575064,12472,2011-11-08,22467,20.4
C575064,12472,2011-11-08,22212,2.1
C575064,12472,2011-11-08,21669,1.45
C575064,12472,2011-11-08,20749,7.95
C575065,13924,2011-11-08,22720,9.9
C575065,13924,2011-11-08,23227,3.75
C575065,13924,2011-11-08,23404,9.9
C575079,14911,2011-11-08,22666,5.9
C575079,14911,2011-11-08,22452,2.95
C575081,12483,2011-11-08,23480,18.75
C575082,12613,2011-11-08,22492,7.8
C575082,12613,2011-11-08,22558,9.9
C575082,12613,2011-11-08,22326,8.85
C575081,12483,2011-11-08,22633,2.1
C575082,12613,2011-11-08,23245,9.9
C575082,12613,2011-11-08,23243,4.95
C575082,12613,2011-11-08,22720,4.95
C575082,12613,2011-11-08,22352,2.55
C575142,17183,2011-11-08,21591,37.5
C575150,12471,2011-11-08,23368,1.95
C575150,12471,2011-11-08,23291,1.25
C575150,12471,2011-11-08,23289,1.25
C575150,12471,2011-11-08,23245,24.9
C575150,12471,2011-11-08,23240,12.45
C575150,12471,2011-11-08,23198,13.05
C575155,13709,2011-11-08,90176D,7.5
C575155,13709,2011-11-08,22666,2.95
C575155,13709,2011-11-08,90176A,7.5
C575156,16602,2011-11-08,71477,15.8
C575156,16602,2011-11-08,71459,2.55
C575158,15251,2011-11-08,22191,8.5
C575159,15513,2011-11-08,23462,50.85
C575159,15513,2011-11-08,22665,7.65
C575160,14911,2011-11-08,23247,2.89
C575160,14911,2011-11-08,71477,7.9
C575160,14911,2011-11-08,23301,3.3
C575161,15271,2011-11-08,22960,21.25
C575171,18164,2011-11-08,23355,4.95
C575172,16790,2011-11-08,22960,12.75
C575173,15275,2011-11-08,23494,5.95
C575174,14156,2011-11-08,21313,4.25
C575223,12472,2011-11-09,22973,1.65
C575257,13623,2011-11-09,11001,1.69
C575385,15916,2011-11-09,23099,6.65
C575385,15916,2011-11-09,22784,4.95
C575531,12544,2011-11-10,22960,17.0
C575565,14401,2011-11-10,23110,11.5
C575572,17528,2011-11-10,22630,1.95
C575572,17528,2011-11-10,21754,6.25
C575572,17528,2011-11-10,23485,20.8
C575573,16705,2011-11-10,23252,3.75
C575573,16705,2011-11-10,21535,2.55
C575577,15597,2011-11-10,23322,8.85
C575578,15358,2011-11-10,22568,7.5
C575580,13599,2011-11-10,23487,9.95
C575585,15839,2011-11-10,21259,5.95
C575588,14064,2011-11-10,22178,9.9
C575590,15785,2011-11-10,23483,6.24
C575590,15785,2011-11-10,22197,7.2
C575608,16133,2011-11-10,23382,11.25
C575608,16133,2011-11-10,23240,8.3
C575608,16133,2011-11-10,22139,12.75
C575608,16133,2011-11-10,35970,16.39
C575608,16133,2011-11-10,23250,2.5
C575616,15805,2011-11-10,23469,8.3
C575616,15805,2011-11-10,23470,21.56
C575626,17651,2011-11-10,23581,2.08
C575626,17651,2011-11-10,22720,4.95
C575630,15830,2011-11-10,84029G,8.5
C575641,15814,2011-11-10,21877,26.1
C575648,16523,2011-11-10,23085,16.5
C575650,14194,2011-11-10,22726,3.75
C575651,17653,2011-11-10,23348,2.08
C575651,17653,2011-11-10,23329,4.95
C575651,17653,2011-11-10,21754,6.25
C575651,17653,2011-11-10,22617,4.95
C575651,17653,2011-11-10,22139,4.95
C575651,17653,2011-11-10,22624,8.5
C575653,13988,2011-11-10,85034A,3.75
C575653,13988,2011-11-10,22306,1.06
C575662,13767,2011-11-10,22727,3.75
C575662,13767,2011-11-10,22423,63.75
C575663,13769,2011-11-10,21136,1.69
C575664,12952,2011-11-10,22720,4.95
C575665,17442,2011-11-10,23113,4.95
C575666,18092,2011-11-10,75049L,2.5
C575667,14032,2011-11-10,22441,2.1
C575670,13081,2011-11-10,15044D,2.55
C575672,13098,2011-11-10,23565,5.0
C575672,13098,2011-11-10,23165,3.3
C575679,16863,2011-11-10,35971,20.0
C575746,13588,2011-11-11,21982,0.39
C575749,12856,2011-11-11,22276,2.55
C575749,12856,2011-11-11,23244,1.95
C575763,15034,2011-11-11,22726,3.75
C575839,12517,2011-11-11,22551,18.15
C575879,13588,2011-11-11,21892,1.25
C575921,12931,2011-11-11,20974,119.6
C575953,16015,2011-11-13,21813,4.95
C575963,16794,2011-11-13,22371,8.5
C575962,14547,2011-11-13,21166,20.8
C575980,12867,2011-11-13,22972,1.65
C575980,12867,2011-11-13,22974,1.65
C575980,12867,2011-11-13,20724,0.85
C576194,16790,2011-11-14,22960,12.75
C576197,13755,2011-11-14,21642,6.67
C576199,12610,2011-11-14,22186,1.95
C576199,12610,2011-11-14,22584,2.55
C576216,12584,2011-11-14,22804,8.85
C576216,12584,2011-11-14,85123A,8.85
C576216,12584,2011-11-14,22960,12.75
C576223,15993,2011-11-14,22941,8.5
C576223,15993,2011-11-14,23314,12.5
C576226,13268,2011-11-14,23404,4.95
C576226,13268,2011-11-14,22591,3.25
C576227,14910,2011-11-14,22457,2.95
C576227,14910,2011-11-14,23330,7.5
C576229,13816,2011-11-14,23236,8.67
C576230,17602,2011-11-14,22804,2.95
C576231,14868,2011-11-14,22568,7.5
C576231,14868,2011-11-14,22633,2.1
C576231,14868,2011-11-14,23198,4.35
C576232,15839,2011-11-14,22138,9.9
C576241,13447,2011-11-14,22470,5.9
C576241,13447,2011-11-14,23404,14.85
C576241,13447,2011-11-14,23084,4.16
C576242,16747,2011-11-14,84949,3.3
C576243,15953,2011-11-14,21385,1.7
C576243,15953,2011-11-14,85123A,2.55
C576243,15953,2011-11-14,85061W,1.7
C576247,13139,2011-11-14,23565,1.25
C576247,13139,2011-11-14,23566,5.0
C576247,13139,2011-11-14,23301,1.65
C576247,13139,2011-11-14,22596,1.25
C576248,16639,2011-11-14,23155,0.83
C576324,16161,2011-11-14,20973,1.3
C576324,16161,2011-11-14,23470,6.25
C576324,16161,2011-11-14,22596,7.5
C576324,16161,2011-11-14,22141,2.1
C576348,13267,2011-11-14,23404,4.95
C576348,13267,2011-11-14,22591,3.25
C576350,17730,2011-11-14,22909,3.4
C576363,14794,2011-11-14,90050,13.9
C576393,13735,2011-11-15,84687,5.95
C576393,13735,2011-11-15,21891,4.32
C576401,13026,2011-11-15,21990,15.0
C576561,15311,2011-11-15,21929,1.79
C576561,15311,2011-11-15,22386,3.58
C576561,15311,2011-11-15,23275,4.16
C576561,15311,2011-11-15,23146,2.89
C576561,15311,2011-11-15,21559,2.1
C576561,15311,2011-11-15,22845,5.55
C576561,15311,2011-11-15,22411,3.58
C576561,15311,2011-11-15,75049L,2.55
C576561,15311,2011-11-15,21314,3.7
C576561,15311,2011-11-15,22778,10.17
C576561,15311,2011-11-15,23089,1.65
C576561,15311,2011-11-15,22681,1.06
C576576,17521,2011-11-15,84946,1.25
C576647,15584,2011-11-16,85036C,1.25
C576647,15584,2011-11-16,85036A,1.25
C576670,16393,2011-11-16,22629,1.95
C576670,16393,2011-11-16,23238,4.15
C576670,16393,2011-11-16,23344,2.08
C576670,16393,2011-11-16,23241,2.08
C576850,13924,2011-11-16,23404,4.95
C576850,13924,2011-11-16,21428,8.5
C576850,13924,2011-11-16,23470,6.25
C576856,16912,2011-11-16,23556,12.5
C576858,17183,2011-11-16,22928,5.95
C576868,18263,2011-11-16,23581,2.08
C576870,14907,2011-11-16,23358,7.5
C576871,14441,2011-11-16,23118,15.0
C576871,14441,2011-11-16,23111,12.5
C576908,12670,2011-11-17,22551,1.65
C576908,12670,2011-11-17,22556,8.25
C576918,14102,2011-11-17,23542,7.45
C576919,15529,2011-11-17,23311,2.55
C576925,14102,2011-11-17,21673,4.35
C576968,13668,2011-11-17,22158,8.85
C576968,13668,2011-11-17,21671,15.95
C576968,13668,2011-11-17,23035,4.35
C576968,13668,2011-11-17,21670,7.25
C576968,13668,2011-11-17,21668,4.35
C576968,13668,2011-11-17,21669,7.25
C576968,13668,2011-11-17,84949,3.3
C576968,13668,2011-11-17,22153,8.82
C576974,12474,2011-11-17,22467,2.55
C576974,12474,2011-11-17,22779,8.5
C577042,13894,2011-11-17,22801,11.25
C577042,13894,2011-11-17,84947,7.5
C577073,14359,2011-11-17,22698,8.85
C577081,18230,2011-11-17,82582,12.6
C577096,17095,2011-11-17,22928,17.85
C577147,13396,2011-11-18,22423,12.75
C577147,13396,2011-11-18,23031,1.65
C577147,13396,2011-11-18,23029,4.95
C577149,17034,2011-11-18,23323,2.1
C577149,17034,2011-11-18,23322,8.85
C577151,12781,2011-11-18,22231,21.75
C577151,12781,2011-11-18,84459A,35.76
C577153,13266,2011-11-18,23236,8.67
C577153,13266,2011-11-18,22097,3.9
C577153,13266,2011-11-18,22096,2.34
C577153,13266,2011-11-18,22094,2.34
C577154,15502,2011-11-18,75049L,29.75
C577159,15406,2011-11-18,85048,7.95
C577159,15406,2011-11-18,84665,5.95
C577159,15406,2011-11-18,20931,32.45
C577163,16678,2011-11-18,22900,39.0
C577196,16924,2011-11-18,48116,8.25
C577196,16924,2011-11-18,48173C,24.75
C577196,16924,2011-11-18,21523,8.25
C577323,17904,2011-11-18,22485,12.75
C577345,15563,2011-11-18,23243,39.6
C577350,14315,2011-11-18,84978,3.75
C577350,14315,2011-11-18,22301,7.65
C577350,14315,2011-11-18,22302,12.75
C577351,17728,2011-11-18,21671,1.45
C577351,17728,2011-11-18,22367,3.9
C577351,17728,2011-11-18,22776,9.95
C577354,14732,2011-11-18,23470,6.25
C577363,12697,2011-11-18,23235,8.67
C577369,14132,2011-11-18,22271,5.9
C577375,14441,2011-11-18,23118,15.0
C577375,14441,2011-11-18,23111,12.5
C577381,15297,2011-11-18,22362,2.95
C577381,15297,2011-11-18,23012,3.95
C577383,13091,2011-11-18,21068,1.25
C577383,13091,2011-11-18,21871,3.3
C577383,13091,2011-11-18,22064,21.45
C577384,14156,2011-11-18,21313,6.4
C577385,14189,2011-11-18,23661,1.65
C577385,14189,2011-11-18,23660,1.65
C577386,18276,2011-11-18,23401,6.25
C577388,14911,2011-11-18,22698,2.95
C577388,14911,2011-11-18,22697,14.75
C577388,14911,2011-11-18,22182,4.95
C577388,14911,2011-11-18,22507,14.85
C577388,14911,2011-11-18,22941,8.5
C577388,14911,2011-11-18,23454,8.3
C577388,14911,2011-11-18,21429,3.9
C577388,14911,2011-11-18,23118,7.5
C577389,13381,2011-11-18,23108,12.5
C577390,18276,2011-11-18,23401,6.25
C577391,13078,2011-11-18,22197,9.36
C577391,13078,2011-11-18,22109,6.78
C577394,14902,2011-11-18,84946,5.0
C577394,14902,2011-11-18,23493,1.95
C577394,14902,2011-11-18,23184,9.9
C577394,14902,2011-11-18,22219,1.7
C577395,12779,2011-11-18,37447,5.96
C577395,12779,2011-11-18,23423,7.5
C577395,12779,2011-11-18,22666,5.9
C577397,12504,2011-11-18,22776,9.95
C577397,12504,2011-11-18,22236,12.75
C577397,12504,2011-11-18,22220,9.95
C577399,13895,2011-11-18,22138,4.95
C577398,16839,2011-11-18,84978,8.75
C577398,16839,2011-11-18,21340,12.75
C577513,18110,2011-11-20,84086B,2.95
C577683,14493,2011-11-21,22726,3.75
C577688,13890,2011-11-21,85048,7.95
C577692,14426,2011-11-21,22800,7.5
C577692,14426,2011-11-21,22798,5.9
C577692,14426,2011-11-21,84946,8.48
C577693,12628,2011-11-21,22654,11.9
C577693,12628,2011-11-21,23245,4.95
C577722,14607,2011-11-21,23064,80.0
C577731,17811,2011-11-21,22812,11.7
C577750,12878,2011-11-21,23206,8.25
C577750,12878,2011-11-21,23204,5.1
C577752,16670,2011-11-21,23170,6.6
C577752,16670,2011-11-21,22697,2.95
C577752,16670,2011-11-21,22065,2.34
C577753,13756,2011-11-21,21314,44.4
C577781,15406,2011-11-21,84665,17.85
C577786,13246,2011-11-21,22469,58.0
C577786,13246,2011-11-21,20719,7.2
C577815,17071,2011-11-22,22505,4.95
C577817,13081,2011-11-22,22990,4.95
C577817,13081,2011-11-22,22947,7.95
C577819,17313,2011-11-22,79190A,1.26
C577819,17313,2011-11-22,23320,2.89
C577819,17313,2011-11-22,23319,19.92
C577819,17313,2011-11-22,23318,16.64
C577821,13777,2011-11-22,72802A,4.25
C577821,13777,2011-11-22,20679,5.95
C577828,14911,2011-11-22,23318,22.88
C577839,16633,2011-11-22,22138,4.95
C577849,14534,2011-11-22,22910,8.85
C577849,14534,2011-11-22,22947,15.9
C578003,13832,2011-11-22,37495,11.25
C578007,16474,2011-11-22,23197,1.45
C578007,16474,2011-11-22,23234,2.89
C578007,16474,2011-11-22,22065,0.39
C578007,16474,2011-11-22,85104,8.85
C578039,17338,2011-11-22,21843,10.95
C578061,15811,2011-11-22,21262,5.9
C578062,12471,2011-11-22,23174,12.45
C578062,12471,2011-11-22,23197,4.35
C578077,12936,2011-11-22,22910,51.0
C578110,15804,2011-11-23,84945,1.7
C578110,15804,2011-11-23,15039,1.7
C578110,15804,2011-11-23,23169,8.3
C578124,14049,2011-11-23,22659,1.95
C578124,14049,2011-11-23,20728,1.65
C578124,14049,2011-11-23,21461,1.95
C578124,14049,2011-11-23,21459,1.95
C578124,14049,2011-11-23,21915,1.25
C578124,14049,2011-11-23,22662,1.65
C578124,14049,2011-11-23,22352,2.55
C578124,14049,2011-11-23,22492,1.3
C578124,14049,2011-11-23,21561,2.55
C578124,14049,2011-11-23,21559,2.55
C578124,14049,2011-11-23,21890,3.25
C578131,13171,2011-11-23,23485,20.8
C578132,15502,2011-11-23,75049L,0.85
C578136,14156,2011-11-23,71477,7.9
C578136,14156,2011-11-23,23328,3.75
C578136,14156,2011-11-23,23325,8.25
C578136,14156,2011-11-23,23173,9.95
C578142,17010,2011-11-23,23569,9.9
C578144,16201,2011-11-23,22699,2.95
C578144,16201,2011-11-23,23170,4.95
C578144,16201,2011-11-23,22697,8.85
C578148,15117,2011-11-23,20728,1.65
C578164,14032,2011-11-23,22109,3.75
C578274,17828,2011-11-23,85034C,1.25
C578274,17828,2011-11-23,72807C,4.25
C578274,17828,2011-11-23,22307,1.06
C578274,17828,2011-11-23,72741,4.35
C578276,17511,2011-11-23,23493,1.65
C578276,17511,2011-11-23,22197,0.85
C578276,17511,2011-11-23,21430,3.39
C578276,17511,2011-11-23,21240,1.44
C578276,17511,2011-11-23,23470,5.39
C578276,17511,2011-11-23,22665,2.55
C578276,17511,2011-11-23,23108,5.39
C578276,17511,2011-11-23,21535,4.2
C578280,17841,2011-11-23,22338,0.57
C578280,17841,2011-11-23,22339,1.33
C578355,14397,2011-11-24,84946,2.5
C578355,14397,2011-11-24,22596,5.0
C578355,14397,2011-11-24,22178,5.85
C578355,14397,2011-11-24,20956,3.75
C578371,14410,2011-11-24,22974,1.65
C578371,14410,2011-11-24,22972,1.65
C578371,14410,2011-11-24,22434,3.9
C578371,14410,2011-11-24,22949,2.9
C578371,14410,2011-11-24,84987,1.45
C578371,14410,2011-11-24,21714,6.25
C578371,14410,2011-11-24,22554,3.3
C578371,14410,2011-11-24,48138,8.25
C578371,14410,2011-11-24,22652,1.65
C578371,14410,2011-11-24,22964,2.1
C578371,14410,2011-11-24,22551,1.65
C578371,14410,2011-11-24,48173C,8.25
C578371,14410,2011-11-24,22366,8.25
C578371,14410,2011-11-24,22555,4.95
C578432,12395,2011-11-24,21559,2.55
C578669,17323,2011-11-24,23582,2.08
C578673,16016,2011-11-24,22946,16.95
C578803,16764,2011-11-25,23494,5.95
C578832,13069,2011-11-25,22694,2.1
C578832,13069,2011-11-25,47566,29.7
C578832,13069,2011-11-25,84987,2.9
C578832,13069,2011-11-25,22416,8.7
C578832,13069,2011-11-25,21972,1.45
C578832,13069,2011-11-25,22469,33.0
C578832,13069,2011-11-25,22614,0.78
C578832,13069,2011-11-25,23298,9.9
C578832,13069,2011-11-25,21673,13.05
C578832,13069,2011-11-25,21981,2.73
C578832,13069,2011-11-25,23285,1.7
C578832,13069,2011-11-25,22381,16.8
C578832,13069,2011-11-25,22380,35.7
C578832,13069,2011-11-25,22379,31.5
C578832,13069,2011-11-25,22632,2.1
C578832,13069,2011-11-25,22834,67.2
C578832,13069,2011-11-25,22866,2.1
C578832,13069,2011-11-25,22378,2.1
C578832,13069,2011-11-25,22736,4.95
C578932,15351,2011-11-27,23393,3.75
C578932,15351,2011-11-27,22776,29.85
C578991,15555,2011-11-27,35961,0.85
C578991,15555,2011-11-27,85204,0.12
C578991,15555,2011-11-27,22563,1.25
C578991,15555,2011-11-27,22999,0.42
C578991,15555,2011-11-27,22997,0.42
C578991,15555,2011-11-27,22996,0.42
C579092,16900,2011-11-28,16054,12.96
C579127,12674,2011-11-28,22326,2.95
C579140,16393,2011-11-28,21928,4.16
C579140,16393,2011-11-28,22993,1.25
C579140,16393,2011-11-28,23289,1.25
C579140,16393,2011-11-28,23238,8.3
C579169,17924,2011-11-28,22726,3.75
C579277,17450,2011-11-29,22470,32.0
C579347,17658,2011-11-29,22585,25.0
C579347,17658,2011-11-29,22584,35.7
C579415,15311,2011-11-29,23169,15.0
C579496,18161,2011-11-29,22666,5.9
C579502,16759,2011-11-29,22946,16.95
C579547,16764,2011-11-30,23245,4.95
C579554,13924,2011-11-30,21428,4.25
C579554,13924,2011-11-30,22588,5.78
C579562,12553,2011-11-30,23084,2.08
C579562,12553,2011-11-30,21731,1.65
C579710,15467,2011-11-30,22591,13.0
C579739,16956,2011-11-30,22762,14.95
C579739,16956,2011-11-30,22567,1.45
C579746,13078,2011-11-30,35004B,13.95
C579748,14875,2011-11-30,23229,3.75
C579752,13777,2011-11-30,72802C,3.81
C579752,13777,2011-11-30,85123A,2.55
C579756,14733,2011-11-30,71477,3.95
C579756,14733,2011-11-30,22169,8.5
C579758,14644,2011-11-30,22423,10.95
C579760,17096,2011-11-30,22620,2.9
C579764,14936,2011-11-30,20914,2.95
C579764,14936,2011-11-30,23486,16.65
C579776,13212,2011-11-30,23118,7.5
C579778,14217,2011-11-30,23460,9.95
C579780,14217,2011-11-30,23460,9.95
C579781,17451,2011-11-30,22457,2.95
C579782,17451,2011-11-30,23460,9.95
C579785,12584,2011-11-30,23243,9.9
C579785,12584,2011-11-30,22847,50.85
C579785,12584,2011-11-30,22845,19.05
C579785,12584,2011-11-30,22844,25.5
C579785,12584,2011-11-30,22666,2.95
C579866,17528,2011-11-30,23485,41.0
C579871,16101,2011-11-30,20727,1.65
C579876,18059,2011-11-30,22979,5.8
C579876,18059,2011-11-30,23013,3.95
C579877,16240,2011-11-30,23113,4.95
C579877,16240,2011-11-30,22489,0.42
C579877,16240,2011-11-30,22138,4.95
C579877,16240,2011-11-30,21790,0.85
C579878,17340,2011-11-30,21314,2.1
C579878,17340,2011-11-30,21326,3.9
C579878,17340,2011-11-30,22423,12.75
C579878,17340,2011-11-30,22467,12.75
C579878,17340,2011-11-30,22727,7.5
C579878,17340,2011-11-30,23542,24.75
C579878,17340,2011-11-30,23169,16.6
C579878,17340,2011-11-30,84849A,27.04
C579878,17340,2011-11-30,22728,7.5
C579878,17340,2011-11-30,82483,6.95
C579882,13050,2011-11-30,21871,9.9
C579882,13050,2011-11-30,23245,4.95
C579883,14194,2011-11-30,21535,2.55
C579886,15676,2011-11-30,23146,3.29
C579886,15676,2011-11-30,22197,0.85
C579886,15676,2011-11-30,22170,20.25
C579886,15676,2011-11-30,85088,4.2
C579886,15676,2011-11-30,23491,8.25
C579886,15676,2011-11-30,22594,0.85
C579886,15676,2011-11-30,23370,1.25
C579886,15676,2011-11-30,22578,0.29
C579886,15676,2011-11-30,22163,0.79
C579886,15676,2011-11-30,21172,1.45
C579887,16717,2011-11-30,84946,1.25
C579887,16717,2011-11-30,85048,7.95
C579887,16717,2011-11-30,23490,11.25
C579889,13853,2011-12-01,23245,33.2
C579890,15197,2011-12-01,84945,1.7
C579890,15197,2011-12-01,23374,0.82
C579890,15197,2011-12-01,84947,1.25
C579891,13644,2011-12-01,23186,1.74
C579894,13098,2011-12-01,23012,3.95
C579894,13098,2011-12-01,23568,1.25
C579894,13098,2011-12-01,23319,12.48
C579895,14329,2011-12-01,23374,4.1
C579896,13971,2011-12-01,23456,8.3
C579897,17636,2011-12-01,23203,2.08
C579897,17636,2011-12-01,22470,5.9
C579897,17636,2011-12-01,23382,7.5
C579897,17636,2011-12-01,23256,4.15
C579898,14299,2011-12-01,22153,0.42
C579898,14299,2011-12-01,22969,1.45
C579902,13365,2011-12-01,23169,4.15
C579902,13365,2011-12-01,23165,3.3
C579902,13365,2011-12-01,22666,8.85
C579903,18130,2011-12-01,85159B,13.65
C579905,13078,2011-12-01,22197,8.64
C579906,17063,2011-12-01,22621,1.65
C579911,14525,2011-12-01,23085,10.4
C579911,14525,2011-12-01,84947,1.25
C579912,17044,2011-12-01,84949,15.95
C579913,14626,2011-12-01,71477,3.95
C579915,16570,2011-12-01,22726,7.5
C579914,13267,2011-12-01,22867,8.4
C579914,13267,2011-12-01,23032,6.6
C579918,13410,2011-12-01,23169,8.3
C579919,17540,2011-12-01,22636,8.5
C579923,17071,2011-12-01,22505,4.95
C579924,16293,2011-12-01,23168,3.75
C579925,15544,2011-12-01,21240,2.55
C579926,14389,2011-12-01,20727,3.3
C579926,14389,2011-12-01,23200,2.08
C579926,14389,2011-12-01,23199,10.4
C579926,14389,2011-12-01,23204,1.44
C579926,14389,2011-12-01,22355,0.72
C579926,14389,2011-12-01,85099B,2.08
C579926,14389,2011-12-01,85099C,2.08
C579926,14389,2011-12-01,23207,3.3
C579928,14121,2011-12-01,23485,25.0
C579929,17828,2011-12-01,72741,4.35
C579929,17828,2011-12-01,22307,1.06
C579929,17828,2011-12-01,72807C,4.25
C579929,17828,2011-12-01,85034C,1.25
C579930,15563,2011-12-01,23251,1.25
C579930,15563,2011-12-01,22720,9.9
C579932,14950,2011-12-01,22768,9.95
C579934,14860,2011-12-01,21422,1.7
C579933,14853,2011-12-01,22423,12.75
C579935,14188,2011-12-01,71477,23.7
C579945,15993,2011-12-01,22697,2.95
C579945,15993,2011-12-01,22197,0.85
C579948,16376,2011-12-01,21730,4.95
C579948,16376,2011-12-01,21822,0.79
C579948,16376,2011-12-01,21098,3.75
C579970,14388,2011-12-01,22429,8.5
C579970,14388,2011-12-01,22326,2.95
C579968,14189,2011-12-01,23661,1.65
C579968,14189,2011-12-01,23660,1.65
C579989,15745,2011-12-01,23415,8.25
C579989,15745,2011-12-01,23470,6.25
C579992,13408,2011-12-01,23169,18.75
C580056,14911,2011-12-01,22467,2.55
C580072,16240,2011-12-01,22942,7.65
C580099,13171,2011-12-01,23485,20.8
C580131,17576,2011-12-01,85048,7.95
C580165,12359,2011-12-02,22797,33.9
C580165,12359,2011-12-02,23245,9.9
C580165,12359,2011-12-02,22826,42.5
C580165,12359,2011-12-02,22720,4.95
C580168,12465,2011-12-02,22601,0.85
C580168,12465,2011-12-02,22329,1.65
C580168,12465,2011-12-02,22628,4.95
C580168,12465,2011-12-02,22321,0.85
C580179,13352,2011-12-02,22974,3.3
C580179,13352,2011-12-02,22972,1.65
C580179,13352,2011-12-02,21231,3.75
C580180,14688,2011-12-02,23348,6.24
C580180,14688,2011-12-02,22381,2.1
C580180,14688,2011-12-02,22379,14.8
C580263,12536,2011-12-02,21872,12.72
C580313,12668,2011-12-02,22303,5.1
C580313,12668,2011-12-02,22419,2.52
C580313,12668,2011-12-02,21232,3.75
C580313,12668,2011-12-02,37450,2.95
C580313,12668,2011-12-02,22649,14.85
C580507,15867,2011-12-04,22423,12.75
C580507,15867,2011-12-04,72351B,2.1
C580522,13435,2011-12-04,23075,4.15
C580597,16360,2011-12-05,23302,4.74
C580597,16360,2011-12-05,22197,0.85
C580641,15621,2011-12-05,71477,55.3
C580649,14777,2011-12-05,22666,2.95
C580686,15984,2011-12-05,22488,1.65
C580701,14793,2011-12-05,23243,14.85
C580703,16705,2011-12-05,22725,3.75
C580703,16705,2011-12-05,22424,25.5
C580707,12957,2011-12-05,23661,9.9
C580708,14546,2011-12-05,84946,15.0
C580710,14198,2011-12-05,20802,4.95
C580710,14198,2011-12-05,23175,3.25
C580711,16057,2011-12-05,85066,12.75
C580711,16057,2011-12-05,23243,4.95
C580714,12479,2011-12-05,22720,9.9
C580714,12479,2011-12-05,20979,5.0
C580740,12479,2011-12-06,20979,15.0
C580741,17659,2011-12-06,23084,4.16
C580747,17611,2011-12-06,79321,5.75
C580749,18167,2011-12-06,22940,6.0
C580749,18167,2011-12-06,22795,4.2
C580761,17528,2011-12-06,22941,8.5
C580761,17528,2011-12-06,22943,4.95
C580761,17528,2011-12-06,22139,4.95
C580762,14543,2011-12-06,22625,7.65
C580762,14543,2011-12-06,22960,8.5
C580762,14543,2011-12-06,22628,4.95
C580762,14543,2011-12-06,22605,10.95
C580766,14562,2011-12-06,22667,2.55
C580766,14562,2011-12-06,21430,3.75
C580767,14655,2011-12-06,85099F,2.08
C580769,14869,2011-12-06,23527,3.75
C580770,13255,2011-12-06,23322,8.85
C580821,13098,2011-12-06,84949,7.25
C580826,17490,2011-12-06,23249,1.65
C580826,17490,2011-12-06,23250,38.75
C580832,12753,2011-12-06,22621,1.45
C580832,12753,2011-12-06,23084,12.53
C580832,12753,2011-12-06,22466,28.05
C580832,12753,2011-12-06,23480,49.35
C580832,12753,2011-12-06,22667,7.65
C580832,12753,2011-12-06,23237,11.25
C580832,12753,2011-12-06,23238,3.75
C580832,12753,2011-12-06,21731,2.9
C580886,15311,2011-12-06,21258,54.75
C580913,17857,2011-12-06,22536,43.2
C580917,13362,2011-12-06,22273,2.95
C580917,13362,2011-12-06,84535B,0.65
C580917,13362,2011-12-06,22558,1.65
C580919,16571,2011-12-06,21642,0.29
C580919,16571,2011-12-06,21833,1.69
C580919,16571,2011-12-06,22720,4.95
C580919,16571,2011-12-06,23469,8.3
C580919,16571,2011-12-06,23452,1.95
C580919,16571,2011-12-06,23493,7.8
C580919,16571,2011-12-06,23240,4.15
C580954,12967,2011-12-06,84997D,15.0
C580954,12967,2011-12-06,84997C,18.75
C580954,12967,2011-12-06,20682,48.75
C580954,12967,2011-12-06,84997A,33.75
C580954,12967,2011-12-06,84997B,22.5
C580954,12967,2011-12-06,21242,8.45
C580954,12967,2011-12-06,21238,13.6
C580954,12967,2011-12-06,21428,93.75
C580954,12967,2011-12-06,21429,41.25
C580954,12967,2011-12-06,22111,19.8
C580954,12967,2011-12-06,22128,52.5
C580954,12967,2011-12-06,22276,15.3
C580954,12967,2011-12-06,22333,52.8
C580966,16554,2011-12-06,21314,8.4
C580966,16554,2011-12-06,22469,6.6
C580966,16554,2011-12-06,22600,3.4
C580966,16554,2011-12-06,22577,1.45
C580966,16554,2011-12-06,23083,11.25
C580966,16554,2011-12-06,22130,0.85
C580966,16554,2011-12-06,22602,3.4
C580968,15622,2011-12-06,23534,23.8
C580970,15814,2011-12-06,22946,76.5
C580971,14298,2011-12-06,90058B,13.68
C580971,14298,2011-12-06,90058A,13.68
C580971,14298,2011-12-06,22313,637.5
C580989,12709,2011-12-06,22331,1.65
C581012,13014,2011-12-07,21232,1.25
C581012,13014,2011-12-07,37449,9.95
C581071,12375,2011-12-07,85099C,2.08
C581100,14534,2011-12-07,22946,16.95
C581106,13668,2011-12-07,23403,3.75
C581117,16393,2011-12-07,22988,1.25
C581117,16393,2011-12-07,21931,2.08
C581117,16393,2011-12-07,85099B,2.08
C581117,16393,2011-12-07,23343,6.24
C581117,16393,2011-12-07,23238,8.3
C581117,16393,2011-12-07,23311,5.1
C581121,14087,2011-12-07,22526,12.75
C581124,13109,2011-12-07,21452,11.8
C581128,12785,2011-12-07,85099B,6.24
C581145,17490,2011-12-07,23249,13.41
C581145,17490,2011-12-07,23250,39.52
C581148,12462,2011-12-07,22063,2.95
C581148,12462,2011-12-07,23247,11.56
C581148,12462,2011-12-07,37449,9.95
C581148,12462,2011-12-07,22059,2.98
C581148,12462,2011-12-07,22057,8.94
C581148,12462,2011-12-07,84817,8.4
C581162,14739,2011-12-07,84946,3.18
C581228,16019,2011-12-08,22781,162.0
C581228,16019,2011-12-08,23210,15.0
C581228,16019,2011-12-08,22423,65.7
C581235,15950,2011-12-08,23243,4.95
C581235,15950,2011-12-08,23273,1.65
C581305,16933,2011-12-08,22627,8.5
C581305,16933,2011-12-08,82484,7.95
C581316,12523,2011-12-08,21531,2.55
C581316,12523,2011-12-08,23174,4.15
C581322,18223,2011-12-08,22666,2.95
C581322,18223,2011-12-08,22909,0.85
C581323,14442,2011-12-08,21533,4.25
C581384,17673,2011-12-08,51008,6.9
C581390,13081,2011-12-08,21733,7.65
C581393,16892,2011-12-08,22780,12.75
C581409,12476,2011-12-08,22781,7.65
C581409,12476,2011-12-08,85199L,0.65
C581409,12476,2011-12-08,22173,6.58
C581409,12476,2011-12-08,82484,7.95
C581409,12476,2011-12-08,23245,4.95
C581409,12476,2011-12-08,82482,2.95
C581409,12476,2011-12-08,22364,5.9
C581409,12476,2011-12-08,23425,7.47
C581409,12476,2011-12-08,20979,3.75
C581409,12476,2011-12-08,84946,1.25
C581409,12476,2011-12-08,23114,4.95
C581460,13078,2011-12-08,22197,3.6
C581460,13078,2011-12-08,22107,1.25
C581463,17526,2011-12-08,85048,15.9
C581464,15951,2011-12-08,23458,14.95
C581464,15951,2011-12-08,71477,23.7
C581465,15755,2011-12-08,20914,8.85
C581465,15755,2011-12-08,21876,6.6
C581465,15755,2011-12-08,23660,3.3
C581465,15755,2011-12-08,22171,8.5
C581466,13883,2011-12-08,22838,14.95
C581466,13883,2011-12-08,22720,9.9
C581466,13883,2011-12-08,21216,4.95
C581466,13883,2011-12-08,21535,5.1
C581466,13883,2011-12-08,21232,1.25
C581468,13599,2011-12-08,21314,21.0
C581468,13599,2011-12-08,22098,4.68
C581470,17924,2011-12-08,23084,8.32
C581490,14397,2011-12-09,23144,9.13
C581490,14397,2011-12-09,22178,23.4
C581568,15311,2011-12-09,21258,54.75
C581569,17315,2011-12-09,84978,1.25
C581569,17315,2011-12-09,20979,6.25
